word1,word2,human_score,cosine_similarity
uholela,ulishebe,0.320312,0.23953876
umvuzo.,umgqigqo.,0.572834,0.87445974
oyiphini,lezinhlobonhlobo,0.369218,0.38799512
uyambonga,unzama,0.287266,0.36547825
uphephile,u-r1,0.257493,0.4711418
ukusheshisa,kusanelesi,0.251469,0.40846115
ngalesi,ugrade,0.301321,0.37245825
amasu,amasoka,0.670608,0.7974048
umfanafuthi,zisesikole,0.339102,0.31588703
nezibhamu.,yentengo,0.443261,0.30642277
enkulu,ngokuphelele.,0.235296,0.046379134
athuthukise,sisiza,0.231071,0.16779403
uvuke,ujose,0.598002,0.49340424
i-zesco,ilanga,0.293704,0.09791426
impumelelo,imfundo,0.265226,0.34008718
u-r200,udlalwa,0.581176,0.57569045
umfazi,umuntu,0.341659,0.48809624
ungobeni,ulalele,0.536931,0.40323544
othandekayo,wami,0.503953,0.80827236
ibhange,isikweletu,0.473722,0.369725
iyindlela,uma,0.246817,0.221788
bayabona,ngamandla,0.276476,-0.0007941301
basenyuvesi,sehlobo,0.262576,0.39082962
sikhathi,ezigulayo,0.137191,0.21547794
948),kuboshelwe,0.294162,0.5240186
ubabonga,uyahlula,0.281708,0.22665745
iyasitshintsha,iculo,0.565843,0.65324503
uhuru,udumi,0.551168,0.5582404
bukhona,emasimini,0.257099,0.11606542
izimakethe,izingxabano,0.364255,0.39301193
yifortuner.,asebekhule,0.200486,0.3492335
afrika,ukuletha,0.267416,0.175969
emoyeni,uyanakekela,0.365487,0.29201692
beyokukha,enkundleni,0.159975,0.11307296
abantu,othandwa,0.281331,0.30786118
bawe,kube,0.328612,0.17833021
usetshenziswa,uzwa,0.424362,0.3107804
njengamanzi,ngomsombuluko,0.205848,0.29371092
eyingxenye,umphumela,0.301559,0.19700292
ulishebe,ngengozi,0.435009,0.3961898
ubongani,uvumayo,0.361972,0.3270901
inkampani,inhlamvu,0.291269,0.5577567
umnotho,umfanafuthi,0.269471,0.20036267
uyahlinzeka,uphiwe,0.357632,0.3600354
kuvumela,odokotela,0.306051,0.20917848
isikole,incwadi,0.437842,0.44558826
(saps),824),0.443802,0.57240266
usemncane,untencane,0.65421,0.78513753
enoordgesig,ngipaka,0.385614,0.37324634
isikole,isivivinyo,0.387611,0.38282764
upheka,ubuhlungu,0.323767,0.27524292
bethumela,nokuwuhambo,0.298557,0.17412914
zokuzithutha,sikhulile.,0.166655,0.4628032
isibalo,usukule,0.279971,0.24430573
umphakathi.,esithangamini,0.169589,0.3240362
568),ngehhashi,0.319422,0.4377468
ngokuvela,se-house,0.417384,0.15000255
uzodla,uhlabisa.,0.405123,0.38843167
izihlobo,izindlu.,0.326792,0.33190215
obukhulu,umsebenzi,0.298936,0.2185308
eminingi,esinzima,0.248168,0.11408934
ezomthetho,ngomoya,0.268517,0.25602055
amade,yize,0.235043,0.07517797
eseport,esikoleni.”,0.243605,0.47225836
indiza,uhambo,0.454374,0.3661719
ngokufanele,livunye,0.112832,0.24824066
ukuthokozisa,ukusakazeka.,0.28645,0.43962055
ebusuku,siqaphe,0.211759,0.23297778
bezikole,ibhukule,0.217047,0.17067195
ilanga,ziyadabukisa,0.363281,0.25442553
uxaba.,uzophokophelela,0.421572,0.31507984
umnyango,liqede,0.369679,0.37189913
uthisha,ukufunda,0.397279,0.114978105
ngakho-ke,yothando,0.308835,0.16205019
izinkomo,izinja,0.53942,0.76276666
ngezinkomo,ahlukene.,0.306683,0.32470253
baqonda,bezikhungo,0.233582,0.13474648
ukwelapha,impilo,0.294091,0.18681152
iphepha,umtapo,0.506548,0.36072287
kwethu.,anjalo,0.088302,0.27237508
engikuqaphelile,uvame,0.248257,0.39873755
unyaka,uthatha,0.348932,0.37800545
ukuxhumana,ukuziphatha,0.377372,0.24174708
abantwana,ngemfundo,0.4055,0.25351268
abanakekeli,eminingi,0.291476,0.22401366
umrepha,umbhalo,0.577379,0.73161614
isinkwa,indoda,0.209668,0.39428186
oluthathwa,sakubo,0.409899,0.2490981
ikhono,i-affinity,0.346649,0.3139988
okwamanje,unomvula,0.426934,0.39920023
nokubambisana,sesingcono.,0.215709,0.32169497
usuvuleke,ubabone.,0.440108,0.285862
ungakanani,uzofihla,0.582454,0.46853358
sikhulile.,asahamba,0.216734,0.44262254
wasenyuvesi,zomphakathi,0.377334,0.3853851
bafeza,emifundazweni,0.438797,0.28778014
okhwehlelayo,wobuthishela,0.330241,0.5390896
injabulo,ophekaayo,0.38972,0.3089675
ngendlela,zokusebenza,0.276283,0.16715145
ikhulume,i-african,0.321557,0.44784456
ohlanganise,bukachonco.,0.25463,0.32886922
akho.,konke,0.308604,0.2184765
isibuko,yingoma,0.41007,0.4044413
umhlaba.,kwayo.,0.325925,0.53976935
kokuthanda,sport.,0.211457,0.2833223
ukhala,yenewcastle,0.271773,0.1567321
lwaze,lwezobunhloli,0.659666,0.35784328
ikhofi,ibiyinhle,0.47638,0.32536647
ibhola,imidlalo,0.390663,0.3790874
abanye,sokwenza,0.270202,0.18723351
inkampani,idola,0.493123,0.48557353
amakhono,lwamahhala,0.285501,0.20593658
ubhuti,usuxoshiwe,0.365765,0.6116438
uphuma,usufikile,0.568824,0.43703482
ukuphila,ukupholishwa,0.372811,0.6179519
unokufa,usucabanga,0.48176,0.5823393
ezimbalwa,omkhulu,0.26271,0.05592765
ngabomnyango,embukisweni,0.412543,0.46193936
emikhulu,ubuqhawe,0.295506,0.36586022
zesizwe,zokuthengisa,0.33267,0.017142853
nabafundi,lisetshenziswa,0.258268,0.3922963
abagqi,esiqinile,0.235891,0.20517685
ithengela,ibingadlalisi,0.428371,0.43328604
kungesize,ngalutho,0.571066,0.4815744
lutholwe,335),0.353232,0.06639175
ababekwa,icala,0.512439,0.34972546
indlu,unozipho,0.399062,0.42420307
ukuvezwa,ukufakwa,0.609504,0.5386584
uzithele,usizwe,0.371794,0.32833964
akashongo,umculo,0.288657,0.4329028
umnyango,zokuphela,0.353213,0.39216462
umfana,umbuso,0.438408,0.71770096
omculo,izicathulo,0.181579,0.36123192
inhlungu,izinsizwa,0.264326,0.29444548
ubufakazi,uukuthi,0.372592,0.38326377
zezenhlalo,zasekapa,0.107023,0.4452962
ngenxa,wafunda,0.176982,0.22417726
bazizwa,namaphuzu,0.163632,0.3182792
abaswele,abanolona,0.324941,0.5189395
usehoxa,usizwa,0.491776,0.5507526
isifundo.,iseyimfuneko,0.357508,0.30226174
ngokuqondile.,wahosha,0.124255,0.24956825
ezintabeni,ozimisele,0.350863,0.40789244
ngokubona,owesifazane,0.413521,0.46375373
emfundweni,esizosiza,0.173057,0.33029673
ukujabulisa,ukhwezi,0.415706,0.36209315
ababhekene,ebusweni,0.157788,0.37716302
isikole.,kimi.,0.330987,0.5727222
mtshali.,ngangabe,0.249844,0.4370471
ubufakazi,ubingelelwa,0.554739,0.4857329
ubuholi,uthuli,0.442383,0.49088088
izibonelo,izenzo,0.376828,0.4563665
okungajwayelekile,harvest,0.473086,0.40106058
usbahle.,emercedes,0.38775,0.47422042
bagxeka,intela,0.431615,0.536235
kugwema,kunika,0.519784,0.4597795
uphiwayinkosi,uthola,0.38129,0.31076518
uthisha,imfundo,0.31139,0.18608971
ukulingana,ukwehlisa,0.240389,0.32530668
amaphoyisa,icala,0.531278,0.5910088
uphahla.,uphuze,0.565638,0.34605426
kokunqena.,singabaqeqeshi,0.209709,0.26376352
okufakazelwa,653),0.211831,0.47849843
abakhulumi,abafowethu,0.567169,0.6258324
yini.izokwenza,ubongani,0.149892,0.18363932
abafundisi,baqhubeka,0.281981,0.286273
ukusebenza,zokwelashwa,0.259159,0.06741381
nezmqoka,ngaphakathi,0.255962,0.34688213
engidinga,ngoba,0.077245,0.33341384
kungakho,wase,0.343655,0.1314299
u-major,ungakhohlwa,0.551481,0.4879768
ilotsholwe,ikhipha,0.565059,0.42081267
uhambe,ubuyela,0.459117,0.43433496
abavela,sepaki,0.205572,0.3919473
ulwandle,amanzi,0.460421,0.4345517
umfazi,ingane,0.507403,0.5776106
maphorisa,kumenywe,0.472255,0.34136155
ugcwele,ubungozi,0.29342,0.21350363
ukwelapha,isifo,0.580408,0.34738994
mothoalo,kungani,0.252506,0.36272693
kodwa,uyasebenza,0.342084,0.19958471
(70+%).,yokusebenzisa,0.246859,0.23011659
ubekhuluma,uphethwe,0.436754,0.19669186
efanele,izidingo,0.206508,0.22110699
esihlahleni,lapho,0.256012,0.14985265
kwazo.,umuntu,0.187429,0.10901174
police,we-south,0.757815,0.46084458
kukafakazi.,r900,0.508711,0.5402083
ekhaya,kokunqena,0.306955,0.3253881
isibhamu,isiteshi,0.566342,0.6885151
ufake,ujose,0.601269,0.6977618
ngesandla,sweetman.,0.332783,0.2139561
ngenze,okudingeka,0.231821,0.20273247
akazi,ingashiyi,0.369306,0.4539974
ukukhuthazana,ukuxhumana,0.417305,0.38463554
enkantolo,waphendula,0.372879,0.35818902
ngobulungiswa,uyaphumelela,0.373522,0.33823463
ngezimbali,lixhomeke,0.014091,0.16681133
ziguquka.,namasiko,0.280567,0.23201978
wakhala,zazinzima,0.346067,0.39497554
uqhubeka,ur102,0.556032,0.32979637
ukuhhubhuza,ukulinganisela,0.384067,0.28726807
uyanikeza,ziwumkhakha,0.161473,0.25813767
bo,yakamuva,0.257904,0.38543344
nokudayiswa,ukufundiswa,0.315427,0.45964742
kolwandle,kubuka,0.36415,0.42258787
abalondolozayo,okwenza,0.31121,0.28357252
abahle,eyishumi,0.318735,0.33789343
baqhubeka,kunzima,0.272698,0.15344304
abangaphezu,abadlalela,0.381984,0.38290715
ezifuna,480),0.119217,0.26288703
uyakabisa,uyazibuza,0.591343,0.6001718
noma,okugcwele,0.305327,0.18923207
umsakazo,theknoloji,0.669497,0.5321734
nabantwana,kumanje,0.136428,0.3504509
luyingxenye,engase,0.274229,0.09691262
uyalala,unozibusele,0.516344,0.3286842
zalokhu,phuza,0.351393,0.22406206
uhluleke,enew,0.411763,0.37853843
ubisi,indishi,0.6237,0.6270814
kwezilwane.,ephepheni,0.36394,0.33457714
ehamba,izimoto.,0.301313,0.25405595
unksz,usizwa,0.490527,0.30353913
uzozitshela,unxapha,0.572293,0.5582683
iphonsele,ithengwe,0.54112,0.4156323
bayabona,okumnandi,0.284728,0.09584319
uqhele,usufonela,0.552722,0.55937785
359),zokuziveza,0.148375,0.17528334
endaweni,izwe,0.285129,0.28182754
emshinini,kwandiswa,0.290443,0.32071656
incwadi,impumelelo,0.28006,0.3855731
isu,ilivume,0.615084,0.3971774
umculo,icwecwe,0.446308,0.29578257
ukuyofunda.,ukukhokha,0.490969,0.5290108
bathanda,kuholela,0.272843,0.15854558
ngesikhathi,wami.,0.160501,0.14121458
ukuqeda,ukungazisoli,0.470885,0.40472946
ikhula,ithunyelwa,0.257963,0.4630341
kuwena,azilungiselele,0.188477,0.41266814
bomculo,imizamo,0.31787,0.2545135
ahlala,zabantu.,0.309994,0.18385513
ukubhala,imfundo,0.347794,0.2313483
mwanawasa,ngondlovu,0.390831,0.46426085
befuna,enhle,0.235257,0.17570752
lwebele,abaswele.,0.164168,0.37144306
omakhelwane,omusha,0.317974,0.43609768
isikhuthazo,isaziso,0.506028,0.45762792
abasebenzayo,abanele,0.297146,0.30762464
eyahlukene,ngezinto,0.250062,0.19364189
kunayo,uhlangothi,0.452532,0.25096944
bazibandakanya,izidingo,0.232159,0.18502003
ukhuni,amanzi,0.361769,0.33599895
ushaywa,eyunivesithi,0.324999,0.5236219
unalo,uqobo,0.440498,0.48112506
izimo,namhlanje,0.37705,0.21609645
ikati,izilwane,0.326647,0.37729648
isipho,iziphathimandla,0.349993,0.25414872
kwezinqumo,umakhelwane,0.14198,0.113115706
wokucobelana,2026.,0.532108,0.38279015
ikhompiyutha,ucingo,0.617434,0.3422461
ikhaya,isiteshi,0.288885,0.293307
ukushaqeka,nokuzivocavoca,0.289411,0.23333852
ndawo.,lawo.,0.64955,0.91734177
uramaphosa,uhlolele,0.52055,0.61381847
ngayo,ngenxa,0.219468,0.19317187
mngomezulu,yokukhanya,0.251571,0.18576129
baze,oluningi.,0.176534,0.41358376
kuboshelwe,umawelele,0.349593,0.4703618
uyazinika,ungakanani,0.312693,0.31796268
bayasiza,nolwazi,0.280717,0.3832691
ihlathi,imifula,0.370537,0.34780023
imigqa,nqqo,0.382691,0.37614718
“isikole,440),0.187286,0.24603198
inkampani,uthanda,0.348615,0.2705659
bawafake,ivikele,0.379444,0.5787172
emakubo.,yena.,0.287902,0.6418689
uhlabisa.,ufuna,0.447927,0.3231494
ezinhle,sonke,0.301321,0.14525919
ukuthuthuka,ukuzinza,0.33924,0.19750087
wasezweni,ebandakanya,0.259911,0.14352392
wepremiership,ngobuqotho,0.152492,0.026490662
zokunciphisa,kungaphephile,0.248675,0.42364448
nezixazululo,ezintini,0.37153,0.5332999
and,zokuthuthukisa,0.179431,0.25611687
ngendlela,ukuthuthuka,0.279944,0.14094374
ngalo,ngifuna,0.294579,0.45318207
imfundo,izintaba,0.191518,0.15418997
njengezivakashi,emisebenzi,0.207052,0.40496457
bebusisiwe,wobumbano,0.15038,0.13857134
amandla,wesizini,0.28797,0.12976977
baneqiniso,ngokuzidela,0.414238,0.31819746
nezithombe,esikhiqizayo.,0.212371,0.34983215
ilwe,ezemfundo,0.253656,0.091443315
sikhethe,eseyonakaliswe,0.347392,0.19669683
ukulungisa,abaningi.,0.114851,0.17222145
olubalulekile.,yokuphila,0.107749,0.044711776
ohlelweni.,ngolwesibili,0.255414,0.49736884
izinhloko,izokwenza,0.258237,0.1456144
unandi,uhla,0.310049,0.38230798
nabanye,ukubekezela,0.170163,0.16625214
uyazinika,ucolonel,0.315297,0.23025224
uyasiza,uphakamise,0.319223,0.15416083
abalandeli,ekutheni,0.390006,0.24433844
umkhakha,534),0.200382,0.38812774
inkosi,icala,0.3313,0.4179559
manje,banikela,0.102635,0.059055187
inguquko,ingena,0.505115,0.56777066
amahle,uyathanda,0.318347,0.2155005
lukhombisa,umgibeli,0.314521,0.2245083
ezemishado,waboleka,0.221622,0.2675969
bangena,kwangokomzimba,0.227435,0.35059205
oculaayo,ngokuhlanganiswa,0.198791,0.41159618
somdlalo.,jikelele,0.305248,0.28429353
ahlaza.,nesikhulu,0.099129,0.17721254
kepha,ukuhlonipha,0.356036,0.42584428
procurement,ipuleti,0.554271,0.439997
iqophamlando,ivehicle,0.604065,0.34940764
abalondolozayo,babe,0.215369,0.06018983
abazimisele,abanikwe,0.255273,0.27724227
324),kwezinsuku,0.345167,0.3629855
usiza,ugweme,0.317958,0.38005602
nobugebengu.,ukusebenzisana,0.238219,0.302769
uyaziwa,kuzinyanyelwe,0.191231,0.20834723
isivivinyo,ucingo,0.42972,0.5311994
abakhonze,abamanje,0.464945,0.57468325
557),nokubambisana,0.574623,0.1521957
iziphazamiso,u-exclusive,0.358807,0.37014914
esekhona,march,0.435281,0.3289572
nobuzwe,ubabonga,0.271401,0.09380727
eyizele,nawukuqagula,0.483526,0.28270254
yigr-s,ekuhambeni,0.311937,0.32568252
zesizwe,untuli,0.136604,0.29504946
inkohlakalo,ihhotela,0.461393,0.4462695
esendimeni,ukuvakashela,0.313436,0.3764104
i-actuarial,itoyitoyi,0.801349,0.74293643
nomngane,elikhanya,0.185942,0.20242544
izinhlolo,izinyanga,0.395569,0.38772485
unokwanda,wakwazi,0.383415,0.32104218
usanele,uwuhambisa,0.464847,0.25525123
ucingo,ukuxhumana,0.53416,0.49349174
kube,namandla,0.295146,0.12156897
arrows,obekujatshulwa,0.475596,0.47759295
kakhulu,okwadala,0.270698,0.21000277
ungene,ujacob,0.534499,0.49840525
bayisebenzisa,ngokuqina,0.298658,0.15063795
indiza,amaculo,0.285491,0.34632564
ikati,izimvu,0.421706,0.35307163
ukuzicabela,ukuwabulala,0.550818,0.52071375
nendlela,okumqoka,0.32941,0.13543348
ehambisana,ukuhlasela,0.472361,0.16967848
abalondolozayo,iyisibani,0.264999,0.18832953
unokushibilika,ulozolo,0.590549,0.57141525
ukuzokwethula,ukubaleka,0.411283,0.32903904
ubuntu.,uhlanganyela,0.368847,0.37702462
isizwe,kuyinhlanhla,0.236284,0.19356793
usanda,ucebise,0.486399,0.492615
okusebenza,783),0.083482,0.02005992
uyakhuluma,uyesaba,0.663508,0.75152737
icala,izintaba,0.087235,0.35180947
usebheke,u-r10,0.540819,0.53482205
udonsa,uzothi,0.491266,0.48282996
ukudla,indishi,0.259441,0.14093027
babusisa,wecawa,0.280081,0.25667
emphandleni,uyakhuthaza,0.364172,0.4433189
iqalile,yomkhondo,0.206578,0.3723343
emfuleni,umakhelwane,0.397021,0.364966
babantu,esikhulu,0.307027,0.19149914
unomphelo,ungcebeleka,0.466589,0.5977851
ukudla,isitsha,0.346553,0.32610947
ubuqotho,udidekile,0.320999,0.31229928
uxoshwa,ezizayo,0.199247,0.18295133
uthenge,usjava.,0.473808,0.4610438
imoto,olusezansi,0.347605,0.21543698
unosipho.,ugumede,0.492397,0.5512071
namhlanje,usipho,0.425418,0.46108544
bafeze,bomphakathi,0.431745,0.28165844
ukuqhubeka,ukumema,0.320451,0.29146475
labantwana,dladla,0.241256,0.26207358
ngezimbali,zokuphumelela,0.156419,0.29403126
yesonto,esetshenziswa,0.217292,0.20173335
esikhanyo,nalezi,0.125501,0.22387767
nomphakathi,wami,0.242811,0.17058457
uhlola,uyasikhombisa,0.377832,0.5692836
ikusasa,ngokuthula,0.380021,0.21446049
ukuthula,ukhwele,0.28205,0.20223622
bavikelwe,emphakathini,0.248159,0.2094547
chiefs,ngamadoda.,0.274336,0.38843724
ukuvakasha,ukuhlengwa,0.474817,0.5677645
abaphumelelayo.,abazozwa,0.373459,0.5067621
amathambo,amakhadi,0.374012,0.62654424
izintatheli,ngobukhalipha,0.248969,0.16229223
ufundela,u-r230,0.348949,0.28914234
zizithuthukise.,kwezwe.,0.377892,0.6596248
babo,emihle,0.285265,0.24088
ngiwumncwaningi,ngo-2015,0.66907,0.5522355
abamthanda,abanekhono,0.287911,0.29840714
ikhibhodi,ucingo,0.635026,0.42655313
kwethu,okukhomba,0.351972,0.3312163
chiefs,i-kaizer,0.802474,0.7194076
ubudlelwane,ushukela,0.328869,0.42689574
ibhola,ukudlala,0.375376,0.36562797
abaculi,aphuma,0.288226,0.27325937
ibhotela,isitsha,0.573191,0.48593542
ompofu,owedlule,0.500044,0.3920127
lwabazali,igwebe,0.233849,0.28526795
umndeni,ihlathi,0.213649,0.2431969
igcwele,ipuleti,0.431248,0.49763778
892),engu-45.,0.402199,0.71492916
umasipala,inkohlakalo,0.477014,0.52755636
yokununuselwa,izihlobo,0.07325,0.2691708
240),ugesi,0.236482,0.23576348
umklonyelise,uyaphumelela,0.36946,0.36103982
icorolla,igceke.,0.381585,0.55427474
sasigunyaza,mutyaba,0.441725,0.64140594
imfundo,ubuhle,0.253366,0.23395988
ukubhala,ukufaka,0.461042,0.51487905
ngohlelo,ukuze,0.261766,0.33330253
usushaya,usizwe,0.458318,0.6818012
ezikhombisa,nabangane,0.11958,0.3924012
uzubazi,iphunga,0.180859,0.4782113
ethe,cat,0.456019,0.18993418
ikusasa,umbongiseni,0.267715,0.16419227
amazwi,noindlu,0.329886,0.19484274
icala,isiko,0.228702,0.43992603
ubuhle,ubudala.,0.362552,0.4295328
osayizi,882),0.380664,0.40044016
ziphilile,okusemandleni,0.242264,0.41552725
abaphumelele,abathe,0.494659,0.30349082
ukufundisa,ukuqoqa,0.411067,0.35081363
(53),uthe,0.523434,0.24837132
sengifuna,wawo,0.273794,0.23534004
584),uyaesaba,0.116213,0.05914122
ezinezifundo,zomndeni,0.399927,0.366387
eziphakeme,phezu,0.451134,0.3095993
ngenhliziyo,uyathanda,0.289621,0.23375829
ukuxhumana,umabonakude,0.430733,0.3483913
baqhuba,besikole,0.329943,0.30251917
imeyo,nangokushesha.,0.337974,0.42021576
umsunduzi,umlobi,0.559892,0.77897286
sibona,uyapheka,0.337266,0.32948187
usanethuba,yi-adaptive,0.513457,0.32875168
nokuhlanganyela.,okufakazelwa,0.191871,0.5200127
uyalala,uchilize,0.280133,0.21345344
esisha,kwezinyanga,0.308287,0.33336577
uyesaba,usafuna,0.381538,0.41379634
amatotho,ama-quarterfinal,0.579143,0.71517676
bayacula,nezimfanelo,0.40576,0.47878122
nomsebenzi,wumsebenzi,0.462149,0.7672436
esifanele,wakhumbula,0.438665,0.46871904
uthisha,iphepha,0.326399,0.30439395
isikole,uthisha,0.421914,0.5512804
ukudansa,ukukhishwa,0.555929,0.5074398
sokubuyela,samaphoyisa,0.355926,0.4357201
kwipolitiki,bangaqhuleki,0.367492,0.51794964
inja,inyoni,0.549693,0.5131378
lokuqhakambisa,benye,0.38211,0.29784662
ngobukhosi,okuthiwa,0.135744,0.13503172
sabalandeli,udylan,0.496682,0.48940805
596),endawo,0.127357,0.08735206
sisekelo,yakhe,0.289368,0.23978224
okuqhubekayo.,zedolobha,0.11991,0.34366125
ekapa,olaziyo,0.279302,0.39365348
izinuke,izindawo.,0.344491,0.5502859
kwalowo,eyifagugu,0.24529,0.4037271
ngomlando.,usafisa,0.210028,0.22226335
bomqondo.,unkosi,0.500611,0.45710605
imithetho,imiyalezo,0.338157,0.5043423
lokukhiqiza,usikhulisa,0.193347,0.18887712
“ngizibambe,amarekhodi.,0.386879,0.42059696
basiza,ethu,0.217173,0.076643564
lusabalale,okwesikhashana,0.083547,0.16921318
unota,uyabakhuthaza,0.453661,0.45407504
lusebenza,wewomen’s,-0.030937,0.24626474
ethu,isisekelo,0.273029,0.18514942
ngokomoya,ngezikhali,0.18983,0.30206496
emazingeni,esengikusona,0.338486,0.4403101
elihle,liyakhula,0.333181,0.2999557
yanyakenye,wayesefuna,0.511033,0.47392485
ngiyisports,wembathwe,0.440155,0.41651487
umdlandla,3-0.,0.312168,0.22154528
kweminyaka,lizwe,0.264507,0.31341028
izitshudeni,leli,0.367001,0.31047103
ikuthola,idlale,0.373732,0.37806937
(afcon),lwekhaya,0.185871,0.22723672
lube,asingajabulisi,0.313835,0.33673757
ugogo,ucele,0.259108,0.40123475
babhekelelwe,ezingazilimaza.,0.327252,0.42666137
ihlangana,i-quad,0.444741,0.34479544
udokotela,ugcina,0.307098,0.43792516
onikezwa,uthabo,0.412023,0.08348882
ukumiswa,ukuziphatha,0.299242,0.36130485
law,ngalo,0.435487,0.21889406
ibe,umthandazo,0.20935,0.32616082
322),4.,0.410073,0.5594681
uhlanganisene,uyahlonishwa,0.308749,0.39709908
enezinhlamvu,712),0.207581,0.39781854
ukhozi.,ukuwela,0.568645,0.34914672
imeya,imidlalo,0.32366,0.46335927
ithumele,i-african,0.562903,0.4786183
imoto,uhambo,0.394971,0.3729123
isiteshi,inkantolo,0.541114,0.56661266
ibimayelana,iqhawe,0.477005,0.49268275
ukuhlaziya,ukusekelana,0.408168,0.4068655
umfana,umndeni,0.38703,0.3643139
ngokuthi,nenhlanhla,0.13444,0.20303603
abantwana,sobunzima,0.300075,0.0143482825
nokusebenzisana,ezenziwayo,0.188154,0.24083547
icala.,inkohlakalo,0.49934,0.40794447
namuhla,onekhono,0.437684,0.15692765
idolobha,ihhotela,0.378618,0.39168882
isikweletu,ukonga,0.591989,0.40598688
bernard,amathalente,0.44345,0.47386146
yi-offside.,ngo-7,0.498123,0.31704772
umbuso,inkohlakalo,0.446259,0.48589256
abandayo,emsakazweni.,0.146849,0.28352973
twins,zesikole,0.079881,0.18765208
bezomthetho,eside,0.369811,0.28252605
izingabunjalo,nabangane,0.110096,0.4481194
yezincwadi.,sezinsuku,0.133638,0.18950716
neamazwi,yamanzi,0.222509,0.21877608
ungobeni,u-anthony,0.703292,0.5742697
ayiyona,ukuthi,0.188864,0.31413707
ezikhula,ngokuhlanganyela.,0.097302,0.29689774
umfula,imvelo,0.330412,0.14980938
bazijabulise,mbono.,0.198339,0.42510659
amahlanu,760),0.319484,0.43134692
abanokuzethemba,abangasenayo,0.440132,0.46834978
wasecanada,wobuntatheli,0.446674,0.5894622
ubuthelezi,ungaphazamiseki,0.557332,0.5961528
unksz,ujabulela,0.447245,0.35074684
imoto,isitimela,0.435338,0.47391978
ikhiqiza,ikhwehlela,0.484368,0.53982043
itransnet,i-corolla,0.7227,0.6577541
uzohlangana,sebeqala,0.268812,0.5001533
nephysics.,43),0.41331,0.59460753
isizwe,isibhamu.,0.283949,0.34954867
umongameli,kuzobathatha,0.208811,0.37010595
ukhuliswe,imind,0.03741,0.07579243
iba,sohambo,0.43783,0.32542127
ubulele,usungathi,0.559976,0.35707885
amadodakazi,kwezinsuku,0.311526,0.24550308
ibandla,uzogqoka,0.479871,0.43514884
ngokuzimisela,uzobonga,0.298082,0.035719115
ngibasize,xaba.,0.261945,0.29432133
2.8,yaba,0.329652,0.22197498
ugelezela,untuli,0.353028,0.47698447
umfundi,iphepha,0.260816,0.2935023
ingoma,amaculo,0.330002,0.33458397
akubi,ikhompyutha,0.262837,0.40381008
esikubonayo,ikusasa,0.226297,0.28367963
ukaze.,izinkawu,0.319253,0.43893528
uyalele,usucabanga,0.577914,0.313368
abaningi,emfuleni,0.304173,0.18772225
amazinga,amanazaretha,0.434077,0.6530787
isihlahla,lapho,0.272019,0.13919246
icala,isizwe,0.29301,0.15779467
izibhedlela,izinkinga,0.330042,0.48393244
lokuqala,okhutheleyo,0.382399,0.49642214
nokuthi,sinomkhuba,0.4743,0.25943935
usiphokuhle,ulwimi,0.549679,0.43778247
uyakholelwa,ungeneme,0.329981,0.2780294
ugweme,usjava.,0.547034,0.55864155
ukufaka,ukubuyisana,0.385483,0.41051447
edinga,efisa,0.381029,0.34806564
ulwazi,umdlalo,0.111345,0.17555383
ezikhuthele,yonke,0.258625,0.13903089
nempuphu.,553),0.321201,0.5509815
ezinemibala.,ezaba,0.291787,0.45287344
igoli,mbangwa,0.55898,0.49924567
endawo,wendawo,0.267332,0.3850655
bonke,zekhono,0.266734,0.1260572
wase-afrika,ukuzithenga,0.273422,0.30921865
harvest,ezengamelwe,0.426987,0.586189
nempaka,umhlathi,0.283161,0.28346053
eminingi,ukhezo,0.336181,0.18872128
ibihlolwa,indishi,0.346309,0.45956895
izindawo,izimvu,0.281646,0.3174572
eyokuhlakazwa.,inkathi,0.275664,0.36783168
aya,zidakamizwa,0.604399,0.14104009
indlu,ihhotela,0.337259,0.31820735
ukukhomba,kithina,0.298144,0.32538432
bafake,359),0.301567,0.27057806
ojulile,ukuphana,0.417848,0.29198295
ingoma,umculi,0.508494,0.3778628
kufakwe,awunandaba,0.359903,0.33329582
isizwe,inkampani,0.144179,0.25361127
abakhuliswe,abangena,0.406223,0.530057
unompumelelo,uzuze,0.406395,0.3315711
kabusha.,elinothando,0.128283,0.13868432
izinyamazane,izithandazo,0.545945,0.68426275
uthabo,ufuna,0.398033,0.28224868
ikati,inyuvesi,0.308932,0.35594657
kwesikhathi,yesikole,0.365478,0.41599822
ukukunika,ukungcola.,0.611067,0.55152977
usizo,upikwe,0.467712,0.25200495
amakhosi,ubumbano,0.286537,0.24382286
luyinqaba,umnewethu,0.379234,0.34481776
abayithola,abanakekela,0.374644,0.14990696
kunkulunkulu,uchilize,0.177577,0.35197404
asibi,isikhathi,0.358638,0.5472801
ayinikeza,ezinemiyalezo,0.270137,0.4238596
enhliziyweni,ndawonye,0.239159,0.1164192
izinhlamvu,imoto.,0.277056,0.35325786
emfuleni,uyafundisa,0.406252,0.4222541
ejele,ngenyanga,0.34062,0.3200421
uthanda,bomvu,0.1004,0.21422324
ubudlelwane,ubig,0.364245,0.5402525
ukubaluleka,ukusimama,0.309713,0.16853544
amanxusa,ezikhungweni,0.290168,0.22360489
umahlaba,umsolwa,0.613738,0.49435
abo,eliphezulu,0.35615,0.26605016
ukufeza,uyagijima,0.201633,0.27036577
uzohlangana,"uphephile,akulimali",0.43912,0.30439726
imeya,umbuso,0.368466,0.1544609
63),agcina,0.255758,0.3793783
usithole,uyathandwa,0.385383,0.23656958
kokuba,zezingane,0.322187,0.09396445
ikhiphe,ivulekile,0.397323,0.31195718
kwemvelo,kwesiteshi,0.274139,0.37983513
ukuphucula,ukubaleka,0.368051,0.23549502
zebachelor,wukubonakala,0.395265,0.30588943
abadala,abasweleyo.,0.290747,0.17659444
ngaphakathi,nerichards,0.179843,0.26002285
okusiza,uzobuya,0.260417,0.40004164
ngakolunye,uyazi,0.31181,0.46543264
nje,nezinolwazi.,0.23251,0.42042515
xaba.,kwamahora,0.377635,0.5352415
iquantum,ividiyo,0.574438,0.62642246
phakathi,uthando,0.310483,0.14507711
abesifazane,emva,0.320232,0.24810301
ikhaya,ihhotela,0.240243,0.028704232
ukuxinwa,ukuzofunda,0.548675,0.39595133
izihlobo,ngezinga,0.222781,0.03204233
banikela,zomphakathi,0.361025,0.3418066
elibandakanya,nokuzobandakanya,0.633271,0.5787618
ekhishini,uyabiza,0.458868,0.36267957
nowenze,engicabanga,0.313284,0.34449527
onke,yenhlalakahle,0.342536,0.03513241
njengamanje,ungitshele,0.314766,0.34616187
zamazwe,i-anc.,0.35142,0.35038176
bayigcina,izinzalabantu,0.294406,0.26241773
bayeke,ezindlini,0.152537,0.211225
esizeni,ongungqongqoshe,0.231743,0.5354692
amajazi,ukuvikela,0.262065,0.23283035
uthandeka,usebenza,0.284153,0.27824464
ngasese,ahambe,0.381567,0.44007894
zindaba,yadala,0.25913,0.1691384
ukukhonza,ngivule,0.114355,0.14031851
emphandleni,phakathi,0.294636,0.2546629
unhlanhla,uhlanganyela,0.288634,0.3410846
unobhala,urichard,0.619234,0.61095375
elishisayo,510),0.175029,0.38125443
iboshwe,basemazweni,0.258469,0.5149009
imidlalo,kanti,0.269992,0.036266506
lisho,ngokuzimisela,0.26764,0.23668341
uyahlanza,u-abdeslam,0.324173,0.29208648
nanti,wasebenza,0.401042,0.29934412
ukuthela,ukuhlengwa,0.48656,0.2902029
imoto,ukuhamba,0.429485,0.40707225
indiza,ukwelapha,0.224788,0.3935389
ukuhamba,uhambo,0.707602,0.8193339
lwangofebhuwari,ngolwesihlanu,0.640514,0.5889595
uyaesaba,ugcwele,0.349058,0.18245988
amazambane,amasiko,0.206936,0.39766684
izintombi,izimoto.,0.320312,0.50750226
beqala,ngezithelo,0.213857,0.27440065
ubonge,u-2023,0.467543,0.52843773
inkosi,inkohlakalo,0.437043,0.6112088
ukusekwa,ukulungiselela,0.354733,0.23271027
ofudumele,wakhe,0.463323,0.46010172
lapha,sasesivuza,0.307789,0.46341133
bafisa,anempilo,0.121785,0.36347812
izinombolo.,bayavuka,0.197821,0.2729045
ukusayinisa,ukunisela,0.529468,0.5192562
inyama,indishi,0.536483,0.5873497
usungayisebenzisa,ubudlelwane,0.328526,0.43688723
abaningi,esikoleni,0.260394,0.1261673
ukuzicebisa,kwesizwe,0.28131,0.16096054
ubebekwe,ubemthandazela,0.581756,0.4503172
engango-r5,ukushesha,0.238792,0.28941205
bemibono,ngokuzimisela,0.284146,0.027854014
izintokazi,izinuke,0.502863,0.47221634
university.,uphethiloli,0.491991,0.54119986
sabo,nokwazi,0.155155,0.21571158
127),esikhathini,0.174079,0.1747976
izidingo,uphelile,0.248721,0.15717357
izintambo,izisulu,0.40274,0.62170315
uyahlanza,ur20,0.330771,0.32680917
uyaziqhenya,ubalekela,0.319456,0.26774094
kuka-2,elidlule,0.449634,0.10988635
itiger,ibheke,0.557876,0.34901726
izinto,kungaba,0.217531,0.19914857
abasolwa,inkantolo,0.530752,0.52339816
enkantolo,ngelanga,0.400166,0.45776287
deep,nesiqhakazile,0.170824,0.40513173
amathathu,amahlandla,0.543597,0.5901228
abawu-14,abazizwa,0.463832,0.5486232
okuhle,ushandesh,0.263961,0.26227403
eminingi,zemindeni,0.298671,0.22469966
o-a,ulaura,0.761808,0.4493251
amakhosi,kwenyanga,0.292981,0.27743745
uyekelela,uzoqhubeka,0.35721,0.3794389
induna,oluningi,0.414969,0.392345
kumnikeza,bukachonco.,0.210244,0.34506953
abebesenkundleni,unzama,0.302272,0.33670542
bayazimisela,kutholane,0.076079,0.23554121
umfazi,umfana,0.575567,0.6772574
nasepaki,nokuthi,0.497986,0.4043646
ebhange,owubumbene.,0.509787,0.40244228
olwenziwa,537),0.262295,0.38589984
umculo,ikhwaya,0.469959,0.45096898
umrepha,ikhwaya,0.586777,0.30904943
amathuba,zomphakathi,0.30519,0.16606422
ka-matric,liqala,0.180133,0.18463522
ihhotela,i-ai,0.595632,0.5858673
ukulawula,ukuzokwethula,0.471267,0.37345314
ulethe,wenkungumathe,0.401572,0.4126907
iphepha,ulwazi,0.289125,0.27142113
umfazi,umndeni,0.4141,0.5904915
uyahamba,u-matric,0.298799,0.20780398
oluningi,besemcimbini,0.190967,0.1801797
umhlengikazi,isifo,0.412118,0.30224612
amathuba,kancane,0.304006,0.058259398
isitimela,uhambo,0.485775,0.40333915
uhlanganisene,ubike,0.370337,0.39871705
emzuliswaneni,ngiwumncwaningi,0.356786,0.43644315
esifanele,uyakhumbula,0.484142,0.44038904
nekhuluma,ezingorawondi,0.354731,0.2378825
unjinji,udle,0.366177,0.5997309
kokunqotshwa,lokulondoloza,0.372209,0.39054275
uyambonga,udisemba,0.313642,0.203332
ungaqhubekela,ubumba,0.397311,0.32799444
umbenenge,njenge-air,0.504099,0.3676732
cape,ongandisi,0.49631,0.2637741
unomlando,namanje,0.348391,0.26676556
wakwamemela,ukugadlana,0.263808,0.39604536
ababuya,uyakholelwa,0.346543,0.48942316
u-matric.,ungafuni,0.441255,0.47994283
south,yizinsizwa,0.274145,0.41737372
ikusasa,unxuse,0.200619,0.17805608
usuvuna,ujabulise.,0.530078,0.41048077
972),ungitshele,0.271386,0.570148
ekuseni,ngenxa,0.285173,0.20357074
ayikangenelwa,ukuthi,0.046587,0.2721673
beze,namagugu,0.22394,0.2544094
amasha.,amasonto,0.437994,0.6030122
kuvikelwe,ongakhubaza,0.382544,0.14843363
uphakamise,ukuthokoza,0.201803,0.30520505
umfundi,isivivinyo,0.375264,0.23241204
abantu,beqaphile,0.269556,0.26997456
khumalo.,kumanje,0.57231,0.4452454
yedwa.,izintombi,0.067849,0.20562895
ihlale,obukhulu,0.244789,0.223781
uzokwazi,urichard,0.464928,0.43592092
sokuthula,zesizwe,0.432305,0.36476868
control.,ukuze,0.044402,0.23776652
usebenzisa,u-r1,0.337442,0.5475809
abanezinkinga,abakwazuma,0.396586,0.3474779
ekuphatheni,omakhelwane,0.329077,0.31722888
okuwumkhakha,ziyangipha,0.222295,0.3821218
amandla,uzinhle,0.309984,0.11481066
komndeni.,ngobuhle,0.29821,0.32664996
wasimosha.,ngalezi,0.369025,0.49909076
ngosuku,nguumahlaba,0.285504,0.3458927
i-invoice,iqoqa,0.657454,0.5064987
onesineke,nemikhuba,0.107313,0.39040512
esiqinile,yekhaya,0.285169,0.20702966
ukuzwa,ukwesula,0.47143,0.3486707
yakwamanye,ikusasa.,0.179944,0.293832
emithi,enginalo,0.198403,0.3906115
ucingo,theknoloji,0.632038,0.25987497
kodwa,yokuqashile,0.2798,0.17460282
ubuhlebezwe,ufundela,0.336776,0.24968462
urabi,ulethe,0.569478,0.5406905
umuntu,abantu,0.358764,0.17402908
amaphoyisa,isikhungo,0.25073,0.3988057
abathandanayo.,isasebenza,0.265274,0.43826684
uyajabula.,unzama,0.285758,0.34985578
kahle,kuvula,0.176672,0.20575443
izimboni,izithombo,0.522067,0.6873171
akulula,ngingaphushwa,0.239509,0.19808492
abaphumelele,abafundi,0.400279,0.26890498
esidlule,ukhanyisile,0.486496,0.36396456
uthisha,incwadi,0.363873,0.38279173
olandelayo,pajero,0.372892,0.4154066
inyuvesi,imfundo,0.30862,0.2304747
inkinga,wakho,0.369325,0.09483737
engu-2.8,nezinhlekelele,0.210756,0.42219013
ebesiwufuna,ezikhungweni.,0.190444,0.30087337
ezikhuthaza,bedle,0.136634,0.28772026
ukudla,imifino,0.303293,0.31365678
amaningi,amabala,0.332674,0.18785745
umthombo,umlingisi,0.582418,0.63054115
uthando,wesaba,0.250101,0.21001925
ihlangu,icarling,0.538644,0.39411324
umculi,amaculo,0.364476,0.4370402
esikwenza,ukuzivumelanisa,0.298598,0.36013183
i-edendale,isikole,0.323281,0.43463376
unazo,uprising,0.319062,0.563819
amaphutha,amasha,0.368309,0.29921654
akudayisa,sekuthengwa,0.622459,0.32790035
ompofu,waphuza,0.488835,0.28063214
labazali,izimbuzi,0.059177,0.21923873
ukudla,inyama,0.511658,0.30767238
eyayihamba,yigr-s,0.367975,0.42022455
ngokuzimisela.,ze-medicine,0.082567,0.39052898
abantulayo,elikhulu,0.249393,0.29804692
ikilasi,iqalile,0.353605,0.34349236
yonke.,zigayo,0.306343,0.40947035
babuye,yokuqala.,0.168412,0.21708997
ulwandle,izintaba,0.330072,0.28633058
lelo,abayinikwa,0.131371,0.17611559
nothishonhloko.,ziyadla,0.286739,0.423558
amahlaya,engazange,0.351306,0.50593394
uya,ubuyise,0.315017,0.2934247
babona,ezazigcwele,0.243014,0.24484989
isiko,ubuntu,0.333443,0.2200686
ungathini,357),0.085875,0.036354296
ukudlulisela,ukuhweba,0.455544,0.4464515
ezinkundleni,omphakathi,0.465332,0.45640177
unaliphi,ubonakele,0.502731,0.5271483
sezikhalo,ugweme,0.170289,0.3585102
enezinhlelo,ukwenza,0.213088,0.11034811
unomathemba,yamazwe,0.358385,0.26527616
uthishomkhulu,391),0.200898,0.22013038
bayiqonda,ndawonye,0.282299,-0.07431306
abalungi,ephathelene,0.240366,0.43438345
bayitshele,uyedlulela,0.365835,0.53089696
nokunakekela,usebenzile,0.210379,0.28237537
udokotela,umhlengikazi,0.639108,0.6288735
wokukhula,obedinwe,0.203068,0.23329581
nezibhelu.,iya,0.155844,0.16215338
mina?,zosbu,0.556888,0.376773
uzolivuma,ungayi,0.56985,0.34552228
ebheke,ngomgwaqo,0.323409,0.40807772
ukufinyelela,ukuwasha,0.482947,0.5163805
elwandle,ujeqe,0.490329,0.49636167
iphepha,isivivinyo,0.466334,0.3686094
sinothe,yayitshelekwe,0.352785,0.41418448
asenkantolo.,ubaluleke,0.199919,0.28474903
iziketi,wesimanje,0.503921,0.5540633
nehibiscus,ur20,0.593282,0.3886073
bavikelwe,nabo,0.264146,0.2629862
abaningi,abafowethu,0.285361,0.19348297
isikweletu,inkampani,0.451369,0.44186884
emapulazini,bayahlala,0.169975,0.3087715
idolobha,ilokishi,0.447784,0.3463703
isinkwa,ubisi,0.665789,0.48224193
kwesinye,siyasebenzisana,0.322427,0.32978764
emshadweni.,kaze,0.264773,0.3330141
ijabule,ikhiqiza,0.285668,0.28686866
emakhaya,nezinto,0.252272,0.16826105
ithuba,ngezandla,0.412278,0.23857903
noluphelele,sisebenza,0.268668,0.20727943
bayazijabulisa.,nabezindaba,0.184839,0.41339245
olusezansi,umzali,0.294727,0.24148732
okukhuluma,semisebenzi.,0.164253,0.14113292
isizwe,ikhwaya,0.117796,0.20235476
uzozwa,eziyimfihlo,0.179674,0.32985717
ngokuphakama,zamasiko,0.314343,0.033143885
8,khona,0.323279,0.020288793
bamabhizinisi,sinomkhuba,0.460658,0.40302634
uyaziwa,ulungise,0.340826,0.15132397
xulu,neisibindi,0.126077,-0.036398202
amaphoyisa,abasolwa,0.691906,0.4422253
ukuthola,webhizinisi,0.371731,0.2706253
ezobulungiswa,nokuqinisekisa,0.431143,0.2821999
isikweletu,ingcebo,0.623323,0.44529262
enkantolo,ngenjabulo,0.366824,0.45229778
81),nokulinda,0.103924,0.33241993
ezibalulekile,zemicimbi,0.230547,0.45745313
ivulekile,ihambe,0.432306,0.2733015
ikhwaya,ibambelela,0.534211,0.31537122
zomhlaba,washiya,0.237848,0.42524266
itheku,ividiyo,0.487984,0.40620062
izinhlobo,ngokuphanga,0.174607,0.2136658
ngamandla,ziyabona,0.236043,0.04635055
lokuhlanza,unika,0.243826,0.28314054
ohlala,uyazama,0.426424,0.25020766
ukuze,wajabula,0.246465,0.27609128
asetshenziswa,zibona,0.290696,0.3242852
wopha,wukuthi,0.437911,0.19359647
ngo-2012,yomakhelwane,0.25248,0.25270152
umfula,amanzi,0.535497,0.33322102
imali,wahleka,0.458676,0.44189137
uzokhomba,unyazilwezulu,0.460256,0.3835841
i-arrows,wumdlalo,0.601436,0.5146639
elandisa,esikulona,0.299275,0.3723434
obuhle.,ubuhlanga,0.466194,0.46418652
ubuthelezi,ungaqala,0.539721,0.46617424
umbuso,imvelo,0.165624,0.19054818
njalo,zibe,0.304342,0.105865926
avele,high,0.462565,0.43824375
abantu,abawu-70,0.223771,0.15190911
ugcizelele,uzibona,0.47644,0.28792238
isikhathi,yokufunda,0.238706,0.07332207
lokuqala,ngobuqotho,0.270876,0.11979021
zokuphila,lihlanzekile,0.143277,0.19897257
abakhuliswe,abahle.,0.423831,0.50612056
uvamise,u-ouaddou,0.639813,0.6012945
ikakhulukazi,obukhulu,0.309553,0.15048757
ngokwesiko,ezimfushane.,0.160385,0.22684477
lwase-afrika,nasezinsukwini,0.3112,0.5601411
uthabisile,ubuthongo.,0.584542,0.5601382
unikeza,ubabamkhulu,0.249212,0.44861114
ukuzigqaja,abanele,0.244079,0.36407635
amandla,wokunikela,0.254545,0.076640874
inyuvesi,incwadi,0.439402,0.5709265
siqhubeke,gobi,0.15739,0.18280628
bayavuka,elikhethekile,0.339384,0.16833745
izihloko,ukuphatha,0.130836,0.21583042
baqhubeka,emabhalweni,0.25126,0.09653806
amakhono,yokuzinikela,0.240486,0.22838509
ngakho,uyahlonipha,0.31914,0.35882863
zithatha,nekhomishini,0.345183,0.36195952
abazenzayo,ukudla,0.30021,0.22284825
682),ngaqinisekisa,0.193669,0.2798948
ephakeme.”,izenzele,0.224626,0.19717374
uyajabula.,ubonge,0.386595,0.4235472
kunomthelela,uqhubeka,0.314371,0.38480368
ezintabeni,umasipala,0.351211,0.35010394
ihlangana,i-suspension,0.384774,0.23103811
kamasipala,enezihlalo,0.194439,0.47952643
luqinile.,ephezulu,0.240839,0.3364894
zezokuvasha,nokuzosiza,0.41362,0.24577269
seglobal,uqhube,0.412107,0.19790667
abaphambili,ababemgxeka,0.3558,0.48333782
noma,uvakashele,0.225241,0.16053715
ababuya,ekuseni,0.316105,0.16326647
izinkabi,izishumayeli,0.451838,0.6158243
ikhaya,ubuntu,0.235398,0.20940402
zicula,ezikoleni.,0.234127,0.54215544
esikhulu,ucotshelelwa,0.08062,0.2818208
ingakho,incwadi,0.422322,0.43829066
yisitatimende,kukashukela,0.467215,0.5064172
liphuma,yomdabu,0.287175,0.22977658
ukwelapha,ilokishi,0.251931,0.2500237
bevakashela,engu-550nm.,0.320885,0.51455504
abavikeli,bafundisa,0.288052,0.24759325
655),ezine,0.209086,0.42376179
yobumnandi,okunguyena,0.216227,0.3411355
abafundisi,abathathu,0.449818,0.5054421
ukuqinisekisile,ukushaqeka,0.519227,0.4679796
bafunda,lesihlanu,0.300881,0.32585362
222),umbiko.,0.30453,0.5600573
incubator,intelligence),0.768637,0.76512676
ikhompiyutha,umabonakude,0.485407,0.47517097
kwezimbili,anele,0.344227,0.39427432
ngokuqinisekile.,592),0.223341,0.31224152
lamahhotela,nasezakhele,0.473555,0.4892521
ungahlali,uyedlulela,0.549977,0.48746556
ubuhle,ziyahlabelela,0.111797,0.16009471
samathambo,ukuphazanyiswa,0.4591,0.28571135
ingoma,umbhalo,0.491294,0.36191013
isitatimende.,isenzo,0.567241,0.5477381
ukuthungwa,sikole,0.250718,0.15039156
uyapheka,uyasizana,0.572142,0.65314496
unyaka,uhla,0.352972,0.35943726
ukuqinisekisile,ukhumbule,0.493552,0.4066434
amahle,uyaphila,0.357127,0.23959766
bayahamba,izimpesheni,0.457151,0.46956912
abadala,abangakwazi,0.296111,0.36938888
likasenona,namhlanje.,0.36813,0.51893246
market,ukubambisana,0.201526,0.21074176
uhlale,unginika,0.319517,0.34433448
igagasi.,ikhulume,0.376789,0.41206008
ulindele,uphumelele,0.421183,0.3585276
abalungisayo,abakulungele,0.448471,0.4871798
ikhono,ihlolwe.,0.382297,0.3585351
kuyisihluthulelo,abanesifo,0.266817,0.49104476
bayikhuthaza,zesizwe,0.319649,0.29264945
emoses,kuzovula,0.31345,0.4156387
kokubili,kuyelekelela,0.298972,0.38509127
ukubekezelelana,ukuzokhangisa,0.299272,0.46674162
utshani,kusatshiswa,0.356928,0.37015104
izinkampani,izimilo,0.442448,0.5825949
bayabonga,ikhaya,0.213816,0.16809945
uyabona,wemvelo,0.298347,0.11568207
ibhange,umabonakude,0.297635,0.43346962
unompumelelo,uqikelela,0.266476,0.3763733
abadala,ngehora,0.31935,0.06406506
esikhulu,umsebenzi,0.223775,0.10164655
sibona,ihhovisi,0.173865,0.2353515
ukonga,amasheya,0.592725,0.27954325
uzokhomba,nomcebo,0.3238,0.44260323
sinesineke,lokuhlela,0.124102,0.3620679
umasipala,isizwe,0.377727,0.14064614
kugrade,kuya,0.463933,0.51488346
bayigcina,wami,0.244563,0.2817239
kushiwo,akawuphumelelanga,0.223665,0.34090248
elikhulu,nabantu,0.270637,0.09251625
bayahleka,ezibalulekile,0.335544,0.12817991
wezempilo,usephonsele,0.10287,0.23338798
uhulumeni,umasipala,0.556143,0.5356428
ihlombe,iyadlala,0.514878,0.44740495
amnandi,webhizinisi,0.387216,0.29822335
choir.,lamadolobha,0.312168,0.4009496
amakhulu,obumnyama,0.333338,0.3731243
u-r230.,ubike,0.689588,0.54640216
isibhamu,inkantolo,0.573627,0.48416814
ibhotela,indishi,0.595897,0.49057922
umhlalaphansi).,umdlandla,0.464724,0.49590415
onikezwa,usihle,0.389248,0.15965994
wawuhlelwe,sifanele,0.237445,0.3685825
selidlondlobale,ezifanayo,0.245531,0.54189056
ezifanayo,ukuthi,0.200046,0.3043451
eculweni,akachithanga,0.488293,0.23656666
incwadi,isivivinyo,0.543588,0.40633348
abanakekeli,abafowethu,0.591903,0.6703686
ukuziphatha,nodlame,0.198292,0.20047158
ikwazi,idayiseke,0.436651,0.34656397
ubuciko,ubelimele,0.297401,0.28534642
lishaywe,ayifeze,0.396757,0.47585145
isitsha,ukuphuza,0.476969,0.3260248
bomndeni.,behlangana,0.274669,0.33678877
ungene,usuka,0.569821,0.45785183
abasolwa,inhlamvu,0.534149,0.45098627
onompempe,ukuthi,0.184428,0.13899429
uhlangothi,ugqama,0.357237,0.4146755
ukuphumelela,ukuminza,0.308672,0.32279208
ukuncika,bazokuxolela,0.371154,0.43054855
injabulo,yokufunda,0.318841,0.197399
uyesaba,usandile,0.383715,0.3420784
ezingcolile,izwa,0.267969,0.1638028
zikhiqizwa,zintaba,0.277183,0.435837
idolobha,indlu,0.343361,0.29577363
usho,ulala,0.375078,0.5058914
kanti,ubambane,0.324781,0.28817907
uhlale,uvezele,0.332749,0.47277206
ikilasi,idonse,0.357825,0.51521707
ayisishiyagalombili,644),0.368956,0.5769811
umfula,ulwandle,0.485923,0.23182929
indodakazi,zonke,0.2404,0.19102646
inyuvesi,uthisha,0.545193,0.53235286
127),abamkhulisile,0.107599,0.38995993
ukuqinisa,ukuzokwethula,0.426919,0.32041174
18),abagqi,0.189577,0.18862794
uyafunda,usenzo,0.248315,0.20001747
eyaveza,ujabule,0.245195,0.2062006
esiqashwe,yendlela,0.387375,0.28462565
uthuthuke,u-r10,0.307415,0.42018294
nayo.,engezukuba,0.297313,0.38912243
umjuluko,ukuhlenga,0.295651,0.47528428
ukhuculule,ukuqondana,0.466401,0.46158153
abavelele,nalesi,0.296206,0.35352087
elibucayi,nokwaziwa,0.315538,0.3378442
inyama,imifino,0.351901,0.4994865
ukhezo,ukuhlala,0.258798,0.3273795
uhulumeni,inkohlakalo,0.439292,0.41813895
ucassper,ungakapheli.,0.674532,0.606938
izimbali,zibunile,0.355731,0.32535398
uphiko,ubheke,0.556798,0.31498548
babheke,olandela,0.166448,0.37096018
undlovu,uramaphosa,0.622044,0.5953265
kulo,ukuhlanzeka,0.345474,0.24257326
uyakhuthaza,ubrigadier,0.245489,0.20907691
inja,izinja,0.689149,0.658395
ngobunyoninco,yezomnotho,0.345551,0.27081737
okukhona,ngomculo,0.273538,0.31439227
ethempelini,imfundo,0.196107,0.16671045
ibaluleke,i-zesco,0.282331,0.35872057
ezimpilweni,ezinobuhlakani,0.126986,0.29115364
kungcono,shibiri,0.377781,0.3708318
amathuba,uyakholelwa,0.256317,0.17723034
isivuno,elilodwa,0.342766,0.40093043
nentokozo,ngesizathu,0.243397,0.33996367
kanye,ubongani,0.326726,0.15541221
durban,housewives,0.791616,0.7113823
eceleni,kwalobu,0.474854,0.5079017
abavikeli,abadalule,0.384179,0.33247805
ababukhali,abazozwa,0.471764,0.5732154
kwekhono,embuthanweni,0.293982,0.55416256
bazikhuthaze,yokuthanda,0.308385,0.13607657
wendawo.,eseqopha,0.160609,0.21461271
ingane,abantu,0.372768,0.308628
izinkomo,umdlalo,0.289937,0.48851898
bafanelwe,oncomekayo,0.317657,0.4292354
330),yimuphi,0.354002,-0.059075307
asifundisa,ithengwe,0.136312,0.23820831
ubone,uthokozise,0.366844,0.43555853
incwadi,ukubhala,0.540596,0.3686668
imifino,indishi,0.509441,0.5474856
unokufa,uyambonga.,0.435085,0.28604046
imidlalo,okuzijwayeza,0.507752,0.34113988
noscotts,12),0.424827,0.581315
mbule,sebelebele,0.651954,0.40874803
unothando,uyabazi,0.389126,0.2868758
uze,ungafuni,0.511578,0.39116392
umhlengikazi,ukwelapha,0.312998,0.32295454
uzocula,uvamise,0.32812,0.21943036
onesifundo,uzophuza,0.536152,0.5710652
amakhono,kanzima,0.211676,0.07513401
imifino,isitsha,0.37747,0.40111518
kungene,lokho,0.47045,0.38199145
bayamthanda,ezinhle,0.305345,0.2842581
isizwe,isibhamu,0.196625,0.31305942
ayithengwa,izimbangi,0.592116,0.36640435
kokuxhumana,kwegciwane,0.242518,0.3107898
amasheya,ukudlala,0.195393,0.35295358
ikati,ize,0.415403,0.46515557
isivivinyo,umtapo,0.521561,0.38769567
uzophawula,udylan,0.561779,0.39190695
yokuphila.,emhlabathini.,0.257663,0.4274955
esidlule,usiyanda,0.390158,0.39300305
iqoqe,ibhethri,0.456273,0.5307055
ezidumile,izimo,0.278115,0.2351602
odabuka,usizi,0.320837,0.2432664
kuthathelwe,ngenkani.,0.336016,0.50218326
uzokhuluma,uzofihlwa,0.598667,0.66521126
daba,yizinsizwa,0.343613,0.47127166
ngo-2006,ophikweni,0.573185,0.3760085
wukugula,banemali,0.292786,0.28964964
ushayelele,usinde,0.547794,0.37913775
ethiya,icertificate,0.416154,0.342595
2025,ubuholi,0.551282,0.43479097
etholakala,olwandle,0.391904,0.2700581
ukwethembana,ukugijima,0.348088,0.28490338
nenjongo,iyashesha,0.121758,0.08006505
uvakashele,ugweme,0.468255,0.6717526
abakhuliswe,yokuqala,0.058358,0.29372
ukwelapha,ukusebenza.,0.346492,0.32894027
izintaba,imvelo,0.276636,0.15139079
bawafake,ngoba,0.154256,0.27059168
ibizimali,icicephu,0.659432,0.38205937
kwathathwa,okuyilapho,0.441891,0.38054222
ulwazi,imfundo,0.404886,0.18740784
intengo:,akunamthetho,0.304652,0.5484745
washisekela,yayo,0.210695,0.25529078
izifiso,izulu,0.319626,0.23931171
ayaziwa,esekhaya.,0.373898,0.3369761
inyuvesi,waphila,0.33031,0.32567373
isinqumo,isolezwe,0.583446,0.57900244
waziveza,ngize,0.307185,0.11827984
886),onjani,0.131119,0.2618704
kudayisa,ngaphansi.,0.31366,0.31847152
eyayiveza,nendlala,0.363826,0.48019138
isivivinyo,impumelelo,0.299987,0.15564631
abadinga,nobuhlungu,0.300265,0.21276027
isikole,umtapo,0.404539,0.34155136
izoba,kwemihlanu,0.175083,0.30141515
ababhali,abawu-88.,0.327245,0.5000129
bazimisela,obukhulu,0.291244,0.08989142
ukumosha,ukubhukuda,0.569013,0.65546274
uzozwa,u-anthony,0.394598,0.33625355
indlu,isiteshi,0.279287,0.38137192
ukondla,ukuthakasela,0.568931,0.28198963
esinezinhlelo,olusiza,0.289859,0.120859906
umndeni,ummangalelwa.,0.303959,0.30609304
bayathanda,kusiza,0.3649,0.37507918
uyacabanga,ungcebeleka,0.351106,0.41442424
singasali,kucekela,0.347618,0.34812292
bazohleka,ezimbalwa,0.336053,0.3324064
owawucasha,aphakamise,0.429615,0.40307793
ngazo.,inxeba,0.360289,0.35405353
sithenge,ibhola,0.207063,0.31506124
abalandeli,ngabakwezinye,0.233668,0.34102902
edolobheni,uyazinikela,0.288559,0.39872414
kuhlukumezeka,kuyadumaza,0.681571,0.5243971
000,ngonyaka,0.28126,0.13364634
ngokwemithetho,emnothweni,0.23985,0.31373948
emasimini,unkosi,0.320916,0.15907414
ihhashi,kushone,0.363708,0.52675384
imbobo,ababalulekile,0.209578,0.16586083
eminwe,okumnandi,0.170254,0.19586273
kokuzimela,nokuthuthukisa,0.403509,0.2353403
khona,ngokuphepha,0.199781,-0.015698232
nosihle,kude,0.335403,0.32269558
isinkwa,indishi,0.514601,0.50268435
incwadi,imfundo,0.237595,0.35145542
agadulisane,nezafukula,0.323317,0.36305535
kusasa,zihambisane,0.311179,0.16729663
enkampini,usbusiso,0.395498,0.2500859
ukuphumelela.,ukungahloniphi,0.291495,0.3092726
ihlosi,izinja,0.579119,0.44763094
amakhulu,namagatsha,0.278983,0.08330295
uhlelo,uyamfundisa,0.366128,0.2613877
kubekhona,ngcono,0.295698,0.2928828
ahlanzekile,unozipho,0.445962,0.28669906
ezikhulu,zikhanga,0.071911,0.2468703
abanakekeli,emaplasini,0.16037,0.35672465
izinto,umlungisi,0.26847,0.114324465
idolo,i-meyo,0.358288,0.34131184
yezinsolo,zokugweva,0.620638,0.4248085
imali,isikweletu,0.471676,0.5609535
ubheke,ungawa,0.596129,0.4792379
igcina,i-benny,0.514828,0.4651598
ikhiqiza,iyazi,0.389632,0.14246994
enkulu,seyiklame,0.136895,0.20396243
ukuphana,ukufakwa,0.292727,0.24244285
kokulimala.,ngaphandle,0.442832,0.30995595
asolwandle,wakhe,0.33059,0.33408806
ukubandlulula,eziphakeme.,0.308639,0.3604047
osemhlabeni,bawulawule,0.40712,0.29529256
imali,yomphakathi,0.233841,0.2601096
nezilwane.,amahloni,0.23081,0.56166655
namhlanje,omusha,0.327584,0.34188774
babuya,umphakathi,0.295926,0.19288112
uhulumeni,uzokhuluma,0.473039,0.45906565
bahlela,izethulo,0.35098,0.34962597
ubisi,ukuphuza,0.495867,0.38572547
elithandekayo,zomphakathi,0.291818,0.21356264
abantu,zizoguquka,0.160007,0.123031475
izinto.,izindaba.,0.445941,0.4530089
siqinisekise,kwezwakala.,0.268147,0.24489594
egumbini,ngesonto,0.420053,0.34950408
oluhle,kokuzimela,0.140593,0.25238568
zibhekela,athakwa,0.28652,0.35380465
101),ngokuzeluleka.,0.255292,0.43115762
usiyanda,uxhuma,0.252932,0.3232809
ihlathi,izintaba,0.442897,0.45389852
babe,izindlu,0.473801,0.3651505
172),sidlala,0.232152,0.19637977
abakhokheli,abakhulekeli,0.559598,0.7836772
namaketango,ingifikisa,0.429758,0.4804106
627),umbala,0.252105,0.26392683
ilokishi,indlu,0.378909,0.28004858
ungakapheli.,ucace,0.682675,0.50331193
esikoleni,umphathi,0.314727,0.30621403
ngemva,umngane,0.356331,0.2307668
enkulu,yezemidlalo,0.279449,0.036715697
amaphoyisa,amagquma,0.441292,0.7134588
i-amandlenkosi,ibhrike,0.650863,0.5459878
wulimit.,akukuhle,0.424779,0.4349099
nezimfanelo,educare,0.181241,0.43383852
egcekeni,inja,0.374903,0.26014146
ucingo,ucansi,0.596286,0.45853052
eningi,umalume,0.413677,0.29701787
udokotela,ukwelapha,0.333641,0.24140859
uyageza,ungenzi,0.356672,0.32974538
ipakiwe,ngaphandle,0.302294,0.27430823
esithangamini,ngihlale,0.360993,0.28107008
isifundo,kakhulu,0.221937,0.165397
ekuphatheni,usihle,0.399121,0.12064467
sezikwenza,indalo.,0.171626,0.34224394
ngokugqugquzela,ngicabanga,0.329956,0.48185694
incwadi,iphepha,0.528179,0.36044833
livunye,bezepolitiki,0.255367,0.43155172
undlovu.,uyogubha,0.553704,0.35124782
ubabonga,ugogo,0.298857,0.20887667
ungathini,ujacob,0.394585,0.2858883
ugcizelele,udisemba,0.425432,0.44021884
izazi,izinso,0.376045,0.5093014
amazambane,isitsha,0.484216,0.33623046
ingcebo,jiyane,0.431249,0.28774628
eside.,idili,0.253351,0.36559153
izimpesheni,izibani,0.350251,0.3567218
lomthetho,okungenzeka,0.244812,0.35427392
incwadi,ulwazi,0.315151,0.2544982
amanzi,imithi,0.3662,0.2517838
theknoloji,ukudlala,0.207823,0.444381
elinothando,umbuso,0.30506,0.22963627
ubingelelwa,udlambedlu,0.606639,0.4607541
baneqiniso,ecawa,0.450436,0.3900043
ihhotela,isiteshi,0.576914,0.44120166
wegazi.,ku-nyuvesi,0.355622,0.45680445
nesifiso,zokwelashwa,0.235686,0.3085678
uhulumeni,icala,0.317245,0.28695837
bayawusebenzisa,kobuholi,0.198046,0.34814632
ukubekezelelana,ukuzinikela,0.348092,0.37102005
usinokholo,uthebe,0.544996,0.6241061
591),zifanekisela,0.156978,0.34924304
amaphoyisa,ukudlala,0.205276,0.30954316
uyabuza,uthuli,0.325525,0.26871717
ikilasi,i-i,0.362164,0.50299704
emzini,kokucabanga,0.334829,0.33356026
uju,usufikile,0.454926,0.50826603
wafundisa,entsha,0.22734,0.29455617
amaphupho,emakethe,0.312995,0.22473699
ecacile,ezinzima,0.490291,0.3135949
ufunda,uhlolele,0.314069,0.47820178
u-100%.,uzibuka,0.549305,0.4996426
umabonakude,theknoloji,0.602114,0.44430634
ngesonto,uyazazi,0.318356,0.15054086
azilungiselele,esibhedlela,0.341088,0.25262353
baphila,ozimisele,0.26436,0.14182617
izinyanga,lokufundela,0.245376,0.41531026
indlu,waphila,0.36246,0.26444888
usisi,uyahlangana.,0.308158,0.16136809
iziphiwo,izindlini,0.31697,0.39628822
beliqala,eyehlukene,0.221281,0.33306006
abaholi,ukuze,0.311535,0.30427006
yakubo,ezinhle,0.043462,0.23174968
ikhibhodi,umsakazo,0.610672,0.58211946
ilivume,khasimende,0.45912,0.7005572
esemakhaya,izinkundla,0.419182,0.4451183
indlu,okwamanje,0.345432,0.3904076
enkundleni,izimpilo,0.232953,0.056264635
zithokozele,yigagasi,0.300869,0.29154378
unezinto,ujaji,0.258709,0.33145142
uyakhula,uyazama,0.379982,0.5651257
nombolo:,“meyo”,0.693016,0.46012962
ukulandelela,ukutshelwa,0.367389,0.50260717
abangangisiza,35),0.155425,0.28362843
ne-archery,luyinsika,0.25516,0.21797548
abaningi,futhi,0.239678,0.27329177
ubisi,ikhukhamba,0.581449,0.37217352
iyisibani,igazi,0.246659,0.38405892
ngusenzo,usmomoza,0.701001,0.5091745
emaplasini,kwenyanga,0.301975,0.24550395
uyasikhombisa,usufonela,0.44257,0.55962205
ezimnandi,ngamandla,0.292248,-0.07696349
“kubuhlungu,kokuziphatha,0.309434,0.26668695
527),nabantwana,0.309653,0.20944124
siphume,olusemqoka,0.379908,0.16671823
ngemva,wasenyuvesi,0.284605,0.21502233
ngoba,yesizwe,0.281199,0.14367507
ngezindlela,ziyasiza.,0.236388,0.35141283
bayapheka,egoli,0.374896,0.3475744
izwe,umnewethu,0.358798,0.1402414
ukuziqalela,ukubanika,0.400304,0.37778375
eningizimu,kuthiwa,0.399412,0.2891477
ubuqhawe,uyahlangana.,0.282881,0.17328763
izethameli,izakhiwo,0.388333,0.51446325
uyacula,ulimi,0.23573,0.1554323
bahlala,befunda,0.351446,0.33517283
itheku,indlu,0.37608,0.41588223
yebandla,emthethweni,0.325675,0.35153854
204),agcinwa,0.287324,0.47518575
impilo,ikhibhodi,0.108654,0.18491183
nesimeme.,ibhola,0.258106,0.34053233
ngomashi,nyakenye,0.502474,0.44277492
ukuqaphela,ukungena,0.428259,0.48850748
i-benny,iphukile,0.513255,0.50199765
zigcinwe,enyuvesi,0.310125,0.35736892
eziyisiko,abaphilayo,0.243062,0.34948006
ngokweseka,kuzosisiza,0.289429,0.23446967
ezikoleni,kubafundi,0.325876,0.23487021
ikhwaya,umbhalo,0.521715,0.44122717
emnandi,ezinhle,0.218369,0.2547253
isifo,impilo,0.261436,0.21323232
uthandeka,ucula,0.318337,0.32941744
ibhekane,iyisendlalelo,0.493843,0.45532873
idangele,kokuhosha,0.349822,0.45788473
inkomishi,bayahlanza,0.19045,0.2159244
lapho-ke,ekubeni,0.240981,-0.028486237
bayakhuluma,ngolwazi,0.323623,0.46095398
imifino,ukufunda,0.205581,0.19906473
kucelwe,masindi,0.423733,0.31520984
nezinolwazi,enecala,0.183108,0.37835407
508),ezonke,0.191674,0.305907
ihhotela,ilanga,0.300885,0.20666249
engango-r5,kuphela.,0.171751,0.45584992
noandile,eqokwa,0.209478,0.32220528
umoremi,elilodwa,0.395613,0.29572576
umfazi,indoda,0.596198,0.6380254
kuthe,ngonyaka,0.256268,0.19103415
uthe:,ungakhathazekile,0.312361,0.35349396
ucotshelelwa,likamccarthy,0.431093,0.4298786
akabhejane.,etafuleni,0.26298,0.3554183
ibhakede,me,0.357659,0.4972928
kusetshenziswa,lutholwe,0.389473,0.25496262
esishicilele,wabazali,0.152013,0.4086158
bebhukuda,48),0.326197,0.48250163
ehhotela,nangaphakathi,0.29783,0.39000243
5,umkhandlu,0.302861,0.31624985
kube,ukufundisa,0.230085,0.12547074
8),ayithenge,0.232896,0.57661015
nokho,uyabonga,0.25518,0.29499725
uyawuthola,ubungozi,0.431461,0.17168444
ukukhuthazwa,ukuwela,0.418527,0.45977417
ngokusebenza,zikhathi,0.255901,0.14608425
574),phuthume,0.341715,0.5511387
amazambane,ikhukhamba,0.570628,0.4968583
uhlanza,ungawa,0.307121,0.49371442
ubani,u-90,0.346005,0.28934512
ukunakekela,ukutholwa,0.344078,0.29409754
bank,nodlame,0.421073,0.36288145
ngomuso.,ogijima,0.179765,0.43563417
incwadi,inkantolo,0.314263,0.6018046
okungenzeka,aphile,0.202251,0.3100871
abangasizakala,uma,0.238343,0.20953989
usuku,ufakazi,0.540375,0.5266778
ethekwini.,umuntu,0.204597,0.06629333
obufuneka,okukhulu,0.253641,0.3135448
737),oqaphela,0.187107,0.21619399
bese,sciences,0.333527,0.27997681
abasebenzi,amathuba,0.25212,0.27568632
izinkomo,izimvu,0.652329,0.61026746
ukusebenzela,ukulibona,0.377579,0.14564683
elikhulu,ihlosi,0.29722,0.17120628
zesizwe,kwakusafunda,0.130172,0.36926818
endawo,amathathu,0.213821,0.40068343
zikhulula,emanzini,0.191793,0.31079137
ubufakazi,abazama,0.243377,0.40993398
ibhotela,amazambane,0.532554,0.28439313
angizange,ukuxinwa,0.377066,0.4110168
"naso,”",ukuhambisana,0.288997,0.34371552
izingubo,neamazwi,0.247055,0.22687179
emthonjeni,ezisiza,0.514691,0.45035514
konke,95),0.136151,0.2745779
uqale,ungakanani,0.537974,0.44703862
uyayithanda,unaledi.,0.513134,0.11840279
bemisebenzi,shepherd,0.096518,0.41544536
esitebeleni,nesasasa.,0.368218,0.39465544
ubize,u-100%.,0.729368,0.5733098
inkosi,umasipala,0.40888,0.49610114
ukhuni,imithi,0.443237,0.23767819
umakhalekhukhwini,umatasa,0.398664,0.5034992
ezifanayo,ngengozi,0.33607,0.46319202
bajabule.,eyingxenye,0.249599,0.4397633
628),"senzenjani,”",0.303318,0.42171922
wenzeka,kukhononda,0.324956,0.20543331
ngobese-zuma,zokuvakashela,0.358609,0.44368643
okhulumaayo,ongamfanele.,0.246286,0.48474973
izigubhu,izoba,0.357357,0.51596564
ngobukhali,unkosi,0.421235,0.31873685
imantshi,imtshela,0.569026,0.61814386
ikhibhodi,theknoloji,0.7471,0.6358207
655),ziphephile.,0.045106,0.5072227
idale,iso,0.498152,0.58627427
ethi:,kuyaphinda,0.253292,0.254415
uyabona,ubuhlakani.,0.223384,0.13614546
ukufunda,imfundo,0.374917,0.20837386
march,umbala,0.180484,0.12865084
uyabona,uzocula,0.302338,0.17538258
nyanga,ifunde,0.106104,0.20580555
uqikelele,usinde,0.462132,0.3763379
ulalele,umfundi,0.218739,0.37291974
izakhiwo,izinhliziyo,0.311087,0.43185133
abakhosi,ubunzima,0.260929,0.24164161
bomdabu,noma,0.273298,0.016737465
izindlela,izilwane,0.273057,0.43751812
awukhohlwa,kothekwini,0.329915,0.28247097
aphile,njengokufiswa.,0.159801,0.25810575
abazithandayo,ezinhle,0.274268,0.26613206
inyoni,izilwane,0.493699,0.55741936
elanga,emgwaqeni,0.301503,0.23961495
omanzi,ubekakwe,0.245183,0.35972533
ibhotela,imifino,0.554564,0.45057583
ngekhwalithi,udisemba,0.383058,0.29576102
ukuqonda,ukuhoxa,0.438236,0.49141014
ezinhle,unokwanda,0.255444,0.2543759
eqhumisa,ungubane,0.604535,0.37251216
ehholo,likangqongqoshe,0.198031,0.35012597
imfuyo,asenhla,0.198682,0.09716646
ibamba,i-internet.,0.53771,0.30585068
imali,ukonga,0.462878,0.3873117
unyaka,unomthelela,0.382987,0.42740795
afuze,nokugaya,0.448265,0.2306329
uwucishe,usafisa,0.63204,0.5412425
imali,idola,0.461249,0.6278269
bayisebenzisa,zemindeni,0.265348,0.25405443
iphepha,impumelelo,0.316979,0.14631583
elizayo,okhuthazayo,0.468349,0.48148653
incwadi,umtapo,0.514181,0.26843214
kusukela,kuyakhombisa,0.193299,0.52683514
unyaka,uyageza,0.373173,0.35504106
ekhanyayo,ngobunyoninco,0.336074,0.08433935
abezimali,bakhulisa,0.262258,0.26659665
isicoco,isiqephu,0.596427,0.7172603
icorona,ipastors,0.706358,0.7664374
iphezulu,ihlosi,0.335957,0.328771
amazambane,isikweletu,0.441515,0.46130174
alikho,ubongani,0.337881,0.28556123
abesifazane,ngemva,0.309837,0.32669535
ukuphumelela.,ezizosiza,0.156535,0.26295495
ungadlula,uphatheke,0.496421,0.4125882
empeleni,509),0.198926,0.098353535
ikilasi,iyasebenza,0.427238,0.40414494
ijabule.,marine,0.19944,0.4178457
izilwane,izinkomo,0.458672,0.5830578
bathenga,nawakhe,0.189639,0.31259298
abaphenduli,kwezinyanga,0.345512,0.29405168
abakwasamro,zimema,0.267899,0.44166136
babona,entabeni,0.206761,0.13459115
kufanele,“nokho,0.307725,0.17633618
abamthandayo,uyambonga.,0.389707,0.42457438
utshala,ungiphekela,0.272563,0.5304312
awazi,kuka-500,0.356692,0.26932266
selihlulwe,nohandi,0.172313,0.44604263
impela,infotainment,0.164204,0.22878036
u-2023,ubudlelwane,0.352614,0.524157
ukaze.,ukhuza,0.64617,0.33424136
izintaba,imifula,0.360817,0.2793823
obhekele,ibhubesi,0.263406,0.483335
abameli,nezinto,0.282659,0.2704422
nenhle.,imiqhudelwano.,0.186565,0.3039322
isimo,isiko,0.419191,0.47978893
uzokwazi,ubafundisa,0.384852,0.25574118
isikhathi,zethu.,0.247518,0.1342382
eziningi,kwabantu.,0.203071,0.12405752
abafundi,abasha,0.60961,0.6739429
ilungiswe.,ilandelana.,0.475746,0.5951395
indlu,isikhungo,0.367369,0.29640844
kuphinde,isiphithiphithi,0.380278,0.4844427
inyama,isitsha,0.593473,0.6672756
ongenakulinganiswa.,unomcebo,0.431525,0.5228514
uflavio,u-r120.,0.811607,0.63043714
intokazi,907),0.294951,0.33137593
ungalihloniphi,ubalekela,0.493944,0.4113166
uvumayo,unginikeze,0.408171,0.46954852
isenzakalo,isilonda,0.629511,0.56796235
ikhukhamba,isitsha,0.55826,0.5143448
abakhulu,abakwazi,0.444835,0.48761374
ukuvakasha,ukuzethemba.,0.188212,0.31843966
ikhompiyutha,ukuxhumana,0.454255,0.23934771
izimbuzi,izinsuku.,0.316189,0.52443606
bayabika,izintombi,0.335339,0.36880538
uthisha,isivivinyo,0.358895,0.24093316
izindleko,iziyalo,0.461895,0.54631144
nokuhwebelana,sokuqala,0.310904,0.20627172
kubo,ngenjabulo,0.264024,0.22759423
ukhuni,imifula,0.381617,0.14434125
ikhompiyutha,theknoloji,0.57787,0.50084025
i-video,ikucebise,0.666206,0.41658956
ngezindlela,yabantu,0.186845,0.03412639
lweqiniso,omnci,0.482662,0.31085044
ubunhloli,669),0.248365,0.21407492
enkonzweni,ngelanga,0.319494,0.3289062
uvezele,udadewabo,0.461966,0.544396
isitimela,umsakazo,0.458644,0.4472457
futhi,omncane,0.228892,0.10530464
uyakhulekela,uziqambela,0.317015,0.41228577
"bulungiseke,”",olubhekiswe,0.390857,0.30508086
uyakwazi,uzibuka,0.292833,0.14101803
ugqama,usayine,0.616028,0.59514767
esifundeni,league,0.544184,0.35699812
abaphathi,enelspruit,0.328609,0.18852502
emgwaqeni,iqala,0.36109,0.25558293
lusabalale,ubabonga,0.324239,0.08362089
emnandi,ujabula,0.326181,0.355725
aqhele,201),0.180726,0.3549997
akade,usanda,0.507268,0.20313016
control,kulokho,0.463894,0.2035997
nezilwane,zenza,0.387564,-0.010410592
ezizomholela,nowangolwesibili.,0.310019,0.45733
namazweni.,health,0.270724,0.66829336
"uhlabisa,odabuka",ulungise,0.443418,0.55991614
sizathu,mubi,0.329784,0.31436482
abakhiqizi,intsha,0.312545,0.19991167
inja,amahhashi,0.473302,0.40286294
futhi,ukusebenza,0.386456,0.26070863
emalungeni,balekelela,0.109529,0.20109744
kahle,ulwazi,0.325967,0.14765823
yengoma,“ingoma,0.612398,0.73047847
uhulumeni,isizwe,0.350882,0.1394674
okugcoba,wayifaka,0.383773,0.28829923
zakhe,olwandle,0.185988,0.2625528
zezemfundo.,linye,0.285615,0.026080875
izinga,izikhwama,0.355075,0.37451857
uzixine,usalinde,0.626691,0.5750987
development,izipho,0.114721,0.30134034
ikhaya,ngobunyoninco,0.239825,0.062775485
ufuna,uyamhlonipha,0.284536,0.24538471
bathi,zigaya,0.222026,0.3678935
679),usinokholo.,0.205493,0.49940833
ngezitini,sizungeze,0.33743,0.34340075
619),ngakubo,0.266694,0.2448012
bafunda,bezempilo,0.266201,0.3086943
uhulumeni,umbuso,0.371684,0.36776564
basize,okwenza,0.25655,0.07795497
isifo,ukugula,0.488915,0.25731426
abanye.,abangabazi,0.320392,0.48617265
eziletha,ama-anticogulant,0.292146,0.4173389
nezaga,service,0.41921,0.45322382
ahlolwe,elidle,0.434455,0.29472467
onesifundo,elingangenisela,0.172062,0.43258992
biking,deep,0.589719,0.45530248
ukufaka,ukuzokwethula,0.477752,0.36191693
balondoloza,kwabo,0.261769,0.044718232
umuntu,inyuvesi,0.223428,0.3731438
abathanda,abashonile,0.467688,0.4670233
zazigcwele,nangokuthi,0.174619,0.28138006
ukudluliselwa,zalo,0.289686,0.4048974
bacula,esiteshini,0.413903,0.5310637
nalo.,nabazimisele.,0.243782,0.5374641
ingane,umfana,0.434852,0.4538159
iphakama,izingane,0.23985,0.16720746
amajaji,ngo-12,0.406297,0.22173586
iqhude,theknoloji,0.449621,0.45990372
athole,“sizobhekana,0.126504,0.2232516
abasondelene,nezamaqanda,0.405857,0.5848258
uyazama,yobubanzi,0.444956,0.31994596
emangalisayo,23),0.225606,0.44715816
abo,indlela,0.334285,0.17914099
incazelo,incokola,0.428651,0.3624342
ulungelo,ngempelasonto,0.206316,0.38727888
amasudi,amadodana,0.314597,0.32355455
2023.,amabhubesi,0.409946,0.3853672
isikole,ukubhala,0.337378,0.03802384
igingqike,i-diffuser,0.712075,0.6619647
abakuthandayo,wabo.,0.271677,0.31403968
elithandekayo,nokusebenza,0.268756,0.007172146
amazambane,ukuphuza,0.493395,0.2934519
ngendondo,408),0.33032,0.2849891
bayakhuluma,onesimilo,0.313815,0.3295855
ngemuva,nemamelodi,0.236716,0.26560912
indiza,ubukhosi,0.291948,0.36276188
ukuhlelela,ukubalawula.,0.46573,0.22375417
igada,ixhunywe,0.60238,0.51926
zibanikeza,base-europe,0.257021,0.32055107
imali,amasheya,0.371957,0.51112235
baphokophele,enginikwe,0.252331,0.38430548
wakhula,wethu.,0.145718,0.34912458
"kimi,”",ompofu,0.215286,0.065522745
ukuphakamisa,ukusindwa,0.4034,0.2702526
efudumele.,engingayenza,0.227009,0.25114164
kuphele,wabanga,0.432755,0.33153874
mbono.,kuzomnika,0.306083,0.29746315
ngobuningi,ebusuku,0.12966,0.21062832
kokuziphatha,control,0.17997,0.41664642
utshele,ugcina,0.474428,0.51385695
umculi,ikhwaya,0.517277,0.38851658
88),shabalala,0.276588,0.28381088
ziyadlala.,i-outlaws.,0.195132,0.7041466
engaphansi,kuka-21.,0.540875,0.45440385
itekisi,uhambo,0.368355,0.43792164
imivuzo,yokuvimbela,0.3452,0.40525365
uyazibuza,ulele.,0.305188,0.06423024
bomdabu,okusebenza,0.208756,0.28809482
ezibalulekile,yabantu,0.242018,0.28825814
aze,ekuphileni,0.178114,0.26671624
enkundleni,ubezomthumelela,0.142007,0.3118185
umbuso,isizwe,0.294601,0.19744177
indawo,izazi,0.23726,0.26299685
isinyathelo,kube,0.115258,0.12200263
amadolobha,amanothi,0.443476,0.43220755
empangeni,abayiqoqa,0.289826,0.2760995
ezijulile,abezimo,0.186594,0.33967552
abagqamile,awuhambisani,0.384418,0.43393177
emuzini,ngokwanele,0.368534,0.2992916
idolobha,ikhaya,0.26025,0.11576413
umnyango,umsiza,0.536358,0.38219124
isinkwa,ukuphuza,0.494715,0.14790316
isithunzi,yango-2023,0.278465,0.34345636
amajean,imaths,0.169553,0.34723338
engingayenza,zentuthuko.,0.330959,0.46096906
mahhala,ukuhlolwa,0.433817,0.4214072
kanzima,ngobuningi,0.392465,0.18449007
icwecwe,umrepha,0.613885,0.40910286
ase-afrika,ngokwezizathu,0.435818,0.35147005
uyokwenza,uyahlonishwa,0.416855,0.35856983
bokuthi,uphinde,0.271363,0.16547592
yizinto,yesikole,0.062419,0.081033885
isikweleta,zezamabhizinisi,0.376058,0.24129994
uphoqeleke,usedalule,0.630175,0.6035047
kwalo,okhuthazayo,0.370414,0.46350527
indoda,abantu,0.354666,0.2826392
iyaguquka,iyavikela,0.441127,0.54001576
enhlangothini,ngokubambisana,0.399046,0.3989043
abe,amahhashi,0.407934,0.34427807
indoda,mfowethu,0.54645,0.33039355
izimpilo,lokhu,0.275612,0.26195452
isikweletu,idola,0.561328,0.3928434
ngokubona,wafundisa,0.298071,0.20363878
ukunakekelwa,wesunflower,0.074613,0.32064435
ezinothando,i-innobiz,0.400085,0.49316815
uyalala,usho,0.286788,0.17738532
ufune,u-hewlett,0.603985,0.38574928
ibalulekile,omuhle,0.302704,0.25703377
bazikhuthaze,ukuze,0.233195,0.09542793
ewu-15,wentando,0.322773,0.45918876
impilo,ikhwaya,0.121916,0.252167
nezezimali,uyamvumela,0.27341,0.2789647
umfana,umuntu,0.421037,0.41592106
iyakhiwa,angaphambili.,0.169316,0.101162404
sokugxila,bhengu,0.365004,0.22127627
ngo-2023,zezikhali,0.164333,0.100781105
imoto.,“ngijabule,0.260755,0.16528858
okuyingozi,lokuqeda,0.368009,0.37478217
amakati,"ama-video,”",0.460305,0.7867586
ushaya,ubemthandazela,0.450819,0.39906824
kwakhona,ekhombiswa,0.212922,0.2526884
ivele,ihlanzekile,0.344887,0.4199665
abalithandayo.,abazishadayo,0.433483,0.3817289
amacala,emculweni.,0.357058,0.46704125
amasimu,sokusebenzisa,0.276808,0.17050079
itheku,isikhungo,0.359063,0.22300176
kanokusho,kunesidingo,0.188284,0.12875399
kusiza,ngakho-ke,0.271085,0.272264
kusihlwa,ngicwaninge,0.231083,0.47651318
uthubeleza,ubambisene,0.384463,0.55206025
imifino,ucingo,0.345173,0.4876711
amanzi,amasiko,0.128365,0.22943157
esontweni,sehholo,0.367105,0.6169319
amandla,isimo,0.172878,0.06687582
ukwengamela,ukushaqeka,0.593528,0.4006919
ugqozi,ngokuzazi,0.294896,0.17974126
okhulumaayo,ikhona,0.14089,0.37477618
amandla,esikhathini,0.249702,0.0980542
emzini.,noma,0.306285,0.2172663
ukukhuluma,ukuzala,0.404326,0.29834142
ulimi,unxusiwe,0.313012,0.42540365
ongamisa,zomphakathi,0.367103,0.32789448
kweqophamlando,zasemakhaya.,0.148961,0.31648844
lezo,zinkinga.,0.3692,0.2579852
lapho.,bangathathwa,0.230348,0.2026893
ulwandle,imithi,0.439817,0.039427467
iwuhlelo,ibhakede,0.467753,0.52183914
ikati,izinja,0.609084,0.42353505
ngenxa,ukubaluleka,0.36628,0.15620908
ingoma,umculo,0.404287,0.30850792
izinkabi,iziqholo,0.467703,0.69520813
beyidansela,emvelweni,0.161889,0.16003513
bubamba,abahlukene.,0.314723,0.35810742
uzofunda,ungisize,0.351351,0.22927175
okumenze,bakugweme,0.38978,0.36103493
okwengeza,omkhulu,0.312428,0.06963951
yesayensi,kwakhe,0.161094,0.14865814
onamandla,ubuhlebezwe,0.389025,0.36291164
isikole,ulwazi,0.399734,0.3173895
ubrigadier,ungaqala,0.593545,0.6387979
ukubuyela,ukukuhlola,0.494501,0.5890713
ikhwehlela,ibhayisikili.,0.45306,0.49343783
wamazwe,wokubhukuda,0.52884,0.5184013
ukhule,ukuyithwalisa,0.313044,0.39845058
ilokishi,ikhaya,0.247079,0.120928966
inkampani,amasheya,0.511319,0.3577255
ukudla,isinkwa,0.304446,0.32103363
ubumane,ungadlali,0.538288,0.4099307
yimanje,bengimema,0.398335,0.507398
ukuzimisela.,ukukhuphuka,0.265859,0.29186225
imeya,icala,0.590049,0.71397007
abazimisele,ngezinto,0.252148,0.21886458
incwadi,ukufunda,0.32747,0.41367054
i-meyo,ivikelwe,0.477872,0.2739096
ukubala,ukwamukela,0.408219,0.42946872
abashadayo,abacindezelekayo,0.370629,0.50906324
abasolwa,ababehlala,0.489325,0.6056139
ucula,uzosebenzisana,0.380402,0.35711807
iyisibani,yokusebenza,0.293638,0.25462955
amakhulu,ukuhlangana,0.336853,0.26612633
mothoalo,banikeze,0.175822,0.43574363
basebenzisana,lesihlanu,0.337438,0.3714011
othisha,umndeni,0.431311,0.39400285
ngokuzinikela,uphiwayinkosi,0.252208,0.09511044
isikole,umfundi,0.444423,0.39039958
ukufunda,ukudluliselwa,0.261368,0.33186632
ifunda,iyajikeleza,0.356436,0.58826905
amasheya,ingcebo,0.569083,0.28353083
ejele,isikhumba,0.450308,0.46146318
izindlulamithi,izinkolo,0.506132,0.54908127
sezinsuku,kulokho,0.093841,0.21525133
umdlalo,imidlalo,0.503052,0.56049615
ukungawi.,ukuyidlulisela,0.571759,0.3927831
yi-esayidi,labantwana,0.177421,0.24854492
bengamfaki,ngalokho.,0.251263,0.39489695
ilandele,i-malnutrition.,0.490274,0.48218307
uyahleka,usma.,0.357742,0.2021851
ungakwenza,ziyakhula,0.201963,0.3140301
iyasiza.,idlula,0.664162,0.28798786
baye,kokuphothula,0.313146,0.18707019
jikelele.,kwezilwane,0.455748,0.30982485
umfundisi,unomfundo,0.498887,0.5622143
ukuphepha,ukumosha,0.456364,0.61876786
u-2023,urabi,0.691936,0.7552182
ugqama,u-r30,0.718617,0.7236261
waqeda,uthebe,0.43868,0.35430124
uphumlani,udlula,0.498365,0.3685796
iyanda,ibhande,0.235228,0.33442727
namuhla,ojabulayo,0.487493,0.28394705
iluma,iyisendlalelo,0.556392,0.31075728
somdlali,omningi.,0.252013,0.28171474
labo,neizingubo,0.23329,0.13139477
ayizuza.,isisekelo,0.198967,0.29909998
emikhakheni,yase-university,0.153354,0.30526036
ukuthi,ukungawi.,0.311629,0.18531
enkonzweni,izisebenzi,0.337273,0.1671481
abanye,abawu-70,0.215641,0.10527262
isikole.,isigameko,0.399107,0.5694297
ngesineke,omuhle,0.278943,0.14282829
baphinde,ukuthuthuka.,0.304979,0.2876932
ibheyili,wemizamo,0.213637,0.44894126
iqonde,ilokishi,0.398396,0.3440735
izinto,izibuko,0.263264,0.21458809
abazithandayo,abanamakhono,0.320855,0.40208578
izintaba,imithi,0.29049,0.2661091
umakhi,umusi,0.351354,0.5509201
yokufunda,"imali,”",0.182151,0.25370798
umhlengikazi,impilo,0.321755,0.30083373
nazo,zokhonzani,0.400691,0.31076142
komqeqeshi,ngaphansi,0.500648,0.5745791
bayizisulu,kuhambe,0.19673,0.32250974
womphakathi,mission,0.203849,0.3872742
premiership,ziguqisa,0.673567,0.49150702
umfana,abantu,0.311231,0.23648396
ekuthuthukeni,yomsebenzi,0.448199,0.24388862
zokudlela.,mhlungu,0.181558,0.35849437
ukuwenza,ukulandelela,0.537912,0.39692113
ubufakazi,uhlabisa.,0.473503,0.5158851
ihlolwe.,ibe-sporty.,0.640918,0.77099097
wokwenza,baleli,0.134488,0.19790415
kwesistimu,ziyakhuluma,0.100334,0.11617923
baziwa,ukufana,0.342027,0.32292962
ukumakelwa,ukwehluleka.,0.4472,0.49425128
izethulo,izikhala,0.285386,0.32953355
ongumlingisi,besebancane.,0.336669,0.33360764
abahambi,abangamakhulu,0.396031,0.4606704
22.,zakhe,0.288283,0.22564499
siqaphe,bedubulana,0.286057,0.30478656
ikhefu,iyawa,0.496225,0.3598235
isitimela,ukuhamba,0.420318,0.38586372
maphorisa,umuzi,0.368185,0.20297813
etafuleni,(afcon),0.301441,0.26664662
ahlela,okuchunywe,0.211933,0.20124619
ukuqhuba,ukuhlukumeza,0.242922,0.28262663
seyiba,usedalule,0.501787,0.45325693
ukuthuthukisa,ukukhohlwa,0.322552,0.48226357
babona,zedolobha,0.225821,0.21475634
uqhele,usezimele,0.577225,0.6570752
ukuvulelwa,ukwesula,0.43573,0.47030666
ukuzilungiselela,ukungayihloniphi,0.498621,0.41992712
bezomthetho,2024,0.049635,0.124893
unyaka,uyahamba,0.363675,0.38879487
isiteshi,isikhungo,0.45164,0.54086155
ebuzwa,kanjani,0.369537,0.08875238
lo,banikezwe,0.200127,0.21220863
ilokishi,isiteshi,0.493627,0.43509775
umndeni,ukuhamba,0.189482,0.22714221
abakhuliswe,abamanje,0.389904,0.49956146
kuka-37,okuqale,0.352656,0.16234796
lishisa,ngokuzinikela,0.206203,0.18042731
kanti,ngezindaba,0.335995,0.14278513
ezenziwayo,kunezinselelo,0.363696,0.17435643
ukubhala,ulwazi,0.344109,0.2133843
esikhishwe,ngakho,0.221625,0.07204555
njengezibonakaliso,usungayisebenzisa,0.284,0.44143242
ubisi,inyama,0.468945,0.46041432
kuletha,umphakathi,0.240732,0.15700458
afisa,nabo,0.299006,0.12574424
abaphenduli,abahlangabezana,0.368854,0.17882104
abafundisi,ngamandla,0.252342,-0.026308853
sabo,ukwenza,0.238688,0.1627521
egauteng,konke,0.390176,0.22148474
awuwazi,ashayele,0.429178,0.5456062
emingceleni,odokotela,0.26956,0.30831367
umculo,amaculo,0.480374,0.53189945
izisebenzi,izimo,0.385188,0.28387952
isikhathi,okukhulu,0.283068,0.2173644
elwandle,intokozo,0.140759,0.41672343
636),lwezokwelapha.,0.22106,0.6389209
indodana,zathanda,0.398478,0.55253243
ugogo,uyazi,0.330704,0.24035716
ngokwazi,umpheki,0.336382,0.3261321
ibandla,iconfederation,0.33053,0.20214254
abanakekeli,ngobuqotho,0.290289,0.17665836
uzoqhubeka,ubekhuluma,0.443638,0.29166922
wona,wokuhlunga,0.39446,0.5380842
ikhefu,nokuhlola,0.27557,0.1927847
inyoni,inhlamvu,0.286283,0.5272839
empophomeni,owayelwa,0.619653,0.43133384
isibuko,anabo,0.316276,0.42881688
usuvuna,uyasizakala.,0.552092,0.34002396
ezigulini,zezemvelo,0.332769,0.17368774
ibhange,408),0.165975,0.24768472
ushaya,uyaqhubeka.,0.363963,0.16344991
eyenza,emphakathini,0.168998,0.10825401
inkomo,inqubo,0.432118,0.64738667
eduze,kwesikole,0.325556,0.20686841
uyitshela,ungaphazamiseki,0.545709,0.48437572
university.,yahlangabezana,0.299962,0.43037847
usizo,esithunyelelwe,0.336821,0.317963
obalulekile,wapheka,0.349028,0.3444933
umphefumulo,uyazi,0.327708,0.2867742
waphila,wazi,0.719388,0.6690124
ukungenelela,unkulunkulu,0.13027,0.31512445
indoda,umndeni,0.339776,0.25599173
izikhulu,izwa,0.341102,0.31481317
kwanqunywa,ubemthandazela,0.423771,0.40526187
isaziso,isiyakhuthazwa,0.546117,0.46969602
bunii,ezithile,0.289053,0.26636383
izinyawo,usekhaya,0.393276,0.45415318
inkohlakalo,icala,0.634987,0.5705475
ibamba,ihambe,0.44507,0.3141373
uyakhuluma,wethu,0.301058,0.22743051
yokuzindla,ekhayelitsha,0.147423,0.3073446
uthemba,ucwaningo.,0.315929,0.386809
lezimpahla,basemlokothini,0.1228,0.15695423
kolwandle,omnika,0.201526,0.38251632
izizathu,izifiso,0.425182,0.4881599
ilamontville,icertificate,0.790958,0.74899423
930),nabaqhakambisa,0.220489,0.35511702
izinsiza,izimele,0.425885,0.46661422
uthumela,ubuthongo.,0.419878,0.38608736
entabeni,ongenakulinganiswa,0.409306,0.28040168
uyaphumelela,ujabulise.,0.497403,0.5080543
bahlela,ngemva,0.308048,0.3614956
596),zesimanje,0.241972,0.35999575
qembu,lokuqothwa,0.335614,0.5062721
ikhaya,isikhungo,0.35709,0.32333505
unomvelo,ugijima,0.48056,0.5611401
thami,festival,0.527304,0.49127856
okuhlukahlukene,ngamalungu,0.209554,0.31732124
usebheke,u-11,0.512576,0.51748127
uvakashele,babulawa,0.286268,0.47467566
ushukela,ugabadinho,0.418732,0.4847201
and,media,0.685404,0.32922357
kwenye,noulwazi,0.129302,0.33264658
ndawo,zenzani,0.230571,0.22963464
ngobuhle,lokuziveza,0.164139,0.16174106
uzofika,nokugcina,0.232527,0.27067497
ilamontville,nothandi,0.182242,0.446937
amasiko,zokuxhumana,0.234418,0.23782457
abakuleli,abangaphezulu,0.469593,0.4873971
sikhathi,ebhizinisini.,0.221776,0.2534143
inkohlakalo,isizwe,0.319126,0.24629167
ikhukhamba,indishi,0.564327,0.5652034
ukuliphuza,983),0.298671,0.21420345
ukhuculule,ukushiya,0.612344,0.32876578
imvelo,itheku,0.216157,0.31727314
unomthelela,abagqamile,0.260479,0.45112783
lezingxoxo,ezenzekayo.,0.264311,0.24777803
abayinikwa,amandla,0.211996,0.1678152
ube,uphathwa,0.209279,0.20340897
ukuza,ukuyidlulisela,0.406569,0.5008683
umfundi,imfundo,0.290575,0.14011785
babo,uholela,0.272662,0.17585136
isinkwa,ibhotela,0.660384,0.5911306
ukhuni,ulwandle,0.50246,0.3613589
235),kwamathafa,0.219808,0.5135618
zakhe,zokuphumelela,0.423051,0.3829897
iphesheya.”,ikhiqiza,0.322054,0.2182318
unoxolo,uhlabisa.,0.4261,0.43499792
enobuqotho,nokukodwa,0.224102,0.19336821
okuyilapho,wakhulisa,0.184127,0.18305996
okuyizingane,orientation,0.285722,0.29535347
ofudumele,yokuqashile,0.160669,0.2097822
ukufunda,impumelelo,0.318553,0.17194888
iphutha,ipakiwe,0.443411,0.4359636
ihlathi,umfula,0.455552,0.4148881
ukugqama,onamathuba,0.322591,0.34180644
ilambile,iyasukuma,0.548669,0.36316293
isilima,ezingaqali,0.31196,0.23263772
izinyoni,izimindeni,0.464539,0.544479
inkosi,uhulumeni,0.403747,0.4225836
afrika,kumnika,0.423025,0.38294622
bayakhuluma,izingane,0.245445,0.064174026
osezingeni,engiya,0.210247,0.4022602
ukuziqonda,ukubonga,0.319303,0.10854486
izinhloko,izipho,0.587198,0.7014678
asinasifo,kwipolitiki,0.426377,0.37633666
izimilo,ezinquma,0.206656,0.3488484
umculo,abasolwa,0.22663,0.39196002
nokuthanda,ukuzimisela,0.259965,0.24644351
uyalala,uthebe.,0.355353,0.23148167
iyasukuma,i-malnutrition.,0.549183,0.3851256
ushaya,udoti,0.587838,0.62063736
zokuthandaza,uzohleka,0.159325,0.21890298
uyivakashele,ubudokotela,0.48434,0.33419967
ohamba,udadewethu,0.366025,0.4092994
nokuzwana.,igodi,0.233683,0.30290082
ka-19,abashisayo.,0.242559,0.39609897
lapho,yomoya,0.247152,0.15296914
imfundo,nabo,0.267644,0.1660335
isiguli,isebenzisa,0.307473,0.502798
police,hotels,0.604051,0.5263526
isuselwe,york,0.522378,0.39736018
wu-2012.,akwenzayo,0.25308,0.36458558
bakudala,kanjani,0.366799,0.3093665
izindlu,izinhloli,0.318409,0.19885932
ukubhala,impumelelo,0.302536,0.13461827
iyabonga,iqiniso,0.293615,0.17455299
iyaqhubeka,igingqike,0.519879,0.2382951
sobunzima,zibe,0.254552,0.06948985
bathole,kunzima,0.309209,0.07478106
okungakusiza,ozikhokhela,0.505633,0.41379818
uzokwazi,usale,0.483858,0.3016321
uholela,yomkhathi,0.136515,0.3390315
ukuqinisa,okwabulawa,0.138121,0.24237318
kokulimaza,wavuka,0.186348,0.2827296
izifundo,nezinto,0.257708,0.2844166
unazo,u-amandlenkosi,0.296802,0.65085983
isiko,ubukhosi,0.347907,0.27622744
umfula,umbhishobhi,0.395383,0.53287995
indoda,amasheya,0.158996,0.31013092
uhuru,upikwe,0.586149,0.65458876
uyaphila,uzisayinele,0.333999,0.26483908
izinto,ukuphinda,0.3063,0.31411168
akavami,ziyaphila,0.184988,0.31132835
ngokusigxeka,sebexolisa,0.638013,0.29591963
ubudlelwano,ubabone.,0.37784,0.39554566
iphepha,imfundo,0.267112,0.2288811
i-ikhompyutha,usebenzisa,0.43531,0.43474427
wokuphenduka,sebheyili,0.337736,0.4648529
ukubonga,ukubhalwa,0.469233,0.56042
baqonda,izimfundo,0.198697,0.40339446
limhlophe,emuhle,0.155828,0.17640156
amanzi.,ukuze,0.263638,0.24315166
emicimbini,emikhulu.,0.316764,0.4623346
uphatheke,ngangiqinisekisa,0.336712,0.27340084
kodwa,ulwandle,0.360595,0.24128687
isitebhisi,isicele,0.654206,0.700997
bazizwa,ekusebenzeni,0.217107,0.16426367
iyasebenza.,igr-s,0.343425,0.37706867
ngolwazi,kwangabe,0.185919,0.1937573
ama-quarterfinal,amaqanda,0.635189,0.69724745
kakhulu,yayibonakala,0.138659,0.22219172
ingoma,icwecwe,0.660092,0.42862642
egauteng,esifanele,0.497416,0.3905268
noma,ukupha,0.287992,0.24020499
baqinisa,konyaka,0.331053,0.3903954
nokukhuliswa,webhasikidi,0.207067,0.26474085
ukufika.,ukuxwayisa,0.470522,0.5287247
kazulu,confederation,0.479394,0.31652647
lokuqala,yethu,0.323692,0.25011027
uma,uradebe,0.228799,-0.025237365
isivivinyo,ulwazi,0.286297,0.22023939
ziyaphila,uqikelela,0.197204,0.17510384
uthisha,ungenzi,0.30694,0.45716628
izifundo,uhlele,0.234964,0.2524785
iningizimu,incubator,0.30693,0.3802308
egauteng,uyazwa,0.478351,0.4451596
kwabantu,uma,0.21706,0.19035062
uchilize,asebenze,0.219545,0.3943224
amasiko,amasha.”,0.282857,0.52920985
usbahle,uyilingise,0.557758,0.51091754
ukuhlola,ukungenami,0.413316,0.45512125
okweyamene,ongogos,0.198603,0.091573305
unalo,ungafuni,0.478373,0.47316226
umhlengikazi,ubuntu,0.274854,0.36012462
isikole,imfundo,0.303363,0.30215684
stanley,belu,0.547618,0.37305707
izifwe,izinhlanhla,0.50299,0.54557055
uthenge,utsepang,0.441105,0.5110976
igama,iqeda,0.530471,0.5799555
icwecwe,umculi,0.617681,0.39008507
bafundisa,kweviki,0.362274,0.34940067
kungadingeka,uma,0.257143,0.24205372
siyaqhubeka,angaphelelwa,0.301432,0.32001525
iholide,iyisihlangu,0.457451,0.43596676
yakulesi,bahlushwe,0.355338,0.43959066
vilakazi,862),0.319703,0.21497145
827),emshadweni.,0.606705,0.48603415
abaphila,abaqikelele,0.389182,0.3933475
izinkomo,imithi,0.250122,0.3816622
ihlosi,izimvu,0.439675,0.40265235
312),esimisiwe,0.183828,0.43339995
usenona.,umawelele,0.335514,0.35472
ingoma,ikhwaya,0.484835,0.31227753
ukuqoqa,ukuziqonda,0.385493,0.33297572
uzophuza,usolwazi,0.402501,0.2197336
ubufakazi,ujaji,0.536732,0.45419866
awenzayo.,kunobukhazikhazi,0.312122,0.38731027
unkk,uradebe,0.63232,0.7790311
edurban,ezibukhoma.,0.359676,0.5701729
iwumphumela,ifa,0.339949,0.16084775
khona,okwenza,0.282921,0.05786383
inqonda,ziyaphaphazela,0.321195,0.43630326
uzodla,uhlola,0.459758,0.48041394
kwezimoto,i-eff,0.318278,0.22717454
indishi,umbuso,0.261757,0.40934032
ingane,okukhulu,0.245402,0.21069741
kushayisane,pinetown,0.424488,0.50009197
unozibusele,u-r1,0.278517,0.55739516
isikhathi,isenzo,0.232401,0.35987914
yi-hip,sinjalo,0.473472,0.27868864
esiningi,uyazi,0.285288,0.22151256
imvelo,imithi,0.456949,0.41735253
ukuhlela,ukhale,0.292232,0.45307064
isikhathi,uthuthuke,0.207214,0.11516575
indlovukazi,isizwe,0.248858,0.18479288
ichaza,njani,0.324607,0.12543952
ngobuqhawe,ngomsebenzi,0.29558,0.23851126
usungaphakathi,ubulungiswa,0.422955,0.4789748
abaqinisekisiwe,izikhotha,0.523466,0.43199134
zamanzi,namazambane,0.377651,0.33161145
balungisa,bakhe,0.149286,0.25091374
ngikhathele.,bay,0.168531,0.3357993
bazithole,nezibonakalayo,0.202356,0.32433686
mfowethu,umuntu,0.468171,0.32796082
inja,izimvu,0.447874,0.26303044
ngabasolwa,ne-grille,0.506148,0.30641907
usheleni,ubheka,0.51123,0.55091256
umuntu,ukudlala,0.131341,0.25724304
amagciwane.,amagwevu,0.476859,0.68170553
isimo,isazi,0.44603,0.2099327
ibhange,ingcebo,0.44463,0.51657575
ibalula,ibhuleki,0.308321,0.42261645
kuveza,nezimpilo,0.516476,0.3569473
esikhulu,umbongiseni,0.272445,0.20846567
iciko,iyayicela,0.609643,0.3905659
iyisisekelo,iphesheya.”,0.33557,0.3371203
kungakhathalekile,abashayeli,0.085539,0.25537577
eyokuhlakazwa.,lwebhola,0.45809,0.55280775
ibhizinisi,i-kwaito,0.467724,0.4217864
ukuqhamuka,ukukhuculula,0.438049,0.4690302
bayikusasa,ezibalulekile,0.238573,0.2798562
inenjini,ingaxhumana,0.459735,0.44554195
emizini,ngokukhuthala,0.33237,0.11658459
ukuthi,urodgers,0.166978,0.05827303
ilokishi,ihhotela,0.492168,0.4911864
uveze,uyaqonda,0.422845,0.1851514
neziseningizimu,ngolwesine.,0.265944,0.3586772
usawoti,uqhube,0.618255,0.33060285
571),ngilalele,0.214954,0.5209276
kwezintaba,uzolimala,0.246092,0.19663884
izindlu,ngemuva,0.305003,0.2712513
amaphoyisa,isiteshi,0.543731,0.49426386
ulimale,uyolinda,0.482201,0.4190894
kwesiteshi,ekudlaleni,0.302973,0.5116802
isiphetho,isiphithiphithi,0.509887,0.6793924
abangongoti,abazozwa,0.545488,0.5923713
ihhotela,isikhungo,0.452619,0.33164737
ihlathi,ukhuni,0.417303,0.23296139
abamanje,abadalule,0.452495,0.5685323
ukunakekelwa,ukhuni,0.243234,0.18679215
buchwepheshe,eqenjini,0.369128,0.27409947
usinokholo,u-anthony,0.541611,0.6604391
ukuphepha,ukuhlelwa,0.369292,0.41514617
ukopha,ukuphuma,0.309641,0.08065192
emfuleni,izimbali,0.377166,0.36145973
ezindaweni,nokuba,0.198571,0.06658891
nobolwandle,nobuzwe,0.154978,0.4029221
ucingo,umsakazo,0.540684,0.56733525
mahaye,ngezwi,0.184355,0.26885492
ngizosho,emingceleni,0.151062,0.27597225
ukuthola,ukuqikelela,0.21507,0.18417275
bazijabulisa,idangele,0.216111,0.30703232
esizofakazela,kwemithambeka,0.276876,0.48500985
abadingayo,zezikhali,0.297384,0.17973594
ubuza,urefilwe,0.563236,0.25533357
emandleni,waphendula,0.310613,0.35798866
abadingayo.,ababili,0.296029,0.18903242
eduze,noulwazi,0.356184,0.42604008
uxoshwe,uxhumano,0.611446,0.56287485
i-zesco,iqoqa,0.651814,0.5666112
babantu,uhlale,0.295858,0.23590611
udale,usehoxa,0.619393,0.5562534
inkosi,umbuso,0.549889,0.58423114
kwezinto.,kule,0.133909,0.22170706
ubisi,amazambane,0.597155,0.42421368
31),okuboshelwe,0.299883,0.36455184
mothoalo,lweningizimu,0.198381,0.35324982
ukukhuphuka,ukuziqalela,0.512982,0.26970407
ukuhamba,ukulawulwa,0.336302,0.34564248
uyahlonipha,udonsa,0.302644,0.36064145
unozibusele,ufunde,0.367475,0.36374247
ngesibindi,ziyakhuluma,0.400884,0.47786996
562),esamro,0.372428,0.39699993
ukubhala,isivivinyo,0.531619,0.33267677
umotala,ekunqandeni,0.434222,0.4613811
abadingayo,ababalulekile,0.25942,0.29998752
zokusebenzisana,seholide,0.22613,0.5346021
elikhulu,esikhulu,0.251753,0.35822764
benze,kwesinye,0.266515,0.21641554
abayithola.,abalekelele,0.291959,0.35662648
nombono,umengameli,0.202254,0.44044033
ihloniphe.,mdlalose,0.22467,0.32539073
ebehlale,zonyaka,0.274075,0.23095055
obusola,lights,0.424338,0.20147155
besizwa,buqinile,0.262947,0.2927848
izinuke,manje.,0.438005,0.38396633
ukonga,imithi,0.369919,0.24115913
kuphi,ngamagalelo,0.349483,0.22146311
wekhrikhethi,ungaqondile,0.288248,0.44047153
ipoint,ithembekile,0.274757,0.374253
ibhola,umdlalo,0.398552,0.3858622
abawu-16,ezindaweni,0.193225,0.04137457
eziveza,ngombhalo,0.376202,0.41232234
nangempela,asikho,0.287933,0.31542957
ukuqhubeka,ukwabelana,0.298069,0.1782708
inyoni,ihlosi,0.573431,0.5582203
abasweleyo,omkhulu,0.261125,0.12749769
i-fasttext,ngombhikisho,0.529222,0.5413951
amasiko,okudingekayo,0.290445,0.17285424
uhlelo,uzofica,0.290121,0.30976433
abantu,isidingo,0.228225,0.2275285
inja,izilwane,0.35704,0.54587054
intsha,lulandele,0.076381,0.18684703
ukufinyelela,ukudlulela,0.360876,0.4135514
uyaphila,uzwakale,0.282229,0.325366
ucedric,ungakhohlwa,0.492054,0.49583402
iqhude,izinja,0.322058,0.2386868
inzalo,komnotho,0.682386,0.60792655
ihlangana,ihloniphe.,0.355759,0.4763914
badinga,ukhuthaza,0.205655,0.30553368
ngokufanele,nabantu,0.059421,0.1524157
samaphoyisa,zonyaka,0.325338,0.43081588
lokusoconga,wasemngeni,0.593759,0.51893634
okwengeza,uyaziqhenya,0.429911,0.40817675
ngokusula,esisha,0.111558,0.11384336
ihamba,i-affinity,0.387438,0.43082345
nokuhlekisana,ezilingene,0.166179,0.25818875
emakhaya,izintombi,0.334728,0.13366102
exolisa,futhi,0.122516,0.33855125
ukufeza,ukungena,0.333607,0.47671673
bayalala,esidingeka,0.390921,0.38011667
959),wenzeke,0.137961,0.29466215
ukufana,ukopha,0.340692,0.27103636
ababhali,abahlukene.,0.332086,0.4178667
ezifundiswa,neamaphupho,0.352691,0.23002148
okuphinde,badlale,0.18581,0.18605761
abanye,abadalule,0.24938,0.18265073
uhlinzeka,ubuhlalu,0.374931,0.26870447
ibhotela,inyama,0.510161,0.52840406
nohulumeni,ngomakhalekhukhwini,0.182471,0.43256178
ukubalwa,ukhuluma,0.28861,0.25738657
sayomisa,unksz,0.353301,0.29313076
ulwazi,udle,0.290992,0.21585612
ubuholi,udadewabo,0.442585,0.45386228
uthando,u-r5,0.28357,-0.019046847
usizakale,ulahlekile,0.429637,0.41111192
konke,kuwena,0.320734,0.42303476
sebezothuthukisa,sekuyinto,0.230464,0.34522063
yawo-1950,babephila,0.255387,0.15626445
global,ethi:,0.40276,0.44783223
imifula,imvelo,0.435134,0.48340446
uzubazi,ubalekela,0.500274,0.56250316
umculi,umbhalo,0.487807,0.5939138
itheku,ihambe,0.427869,0.3076776
idonse,ihlolwe.,0.595403,0.5439747
ufundiswa,uzobhekisa,0.333609,0.22311714
ucebise,ubabamkhulu,0.328137,0.33214352
amasiko,ubuntu,0.413323,0.3090837
612),eseport,0.443373,0.6554429
ngo-2019.,wabulawa,0.577828,0.38327
ukuphela,ukuphilisa.,0.450955,0.5881121
uncoma,uphethiloli,0.586228,0.6204781
uthandeka,usemusha,0.34839,0.3235149
ukugula.,ukuxwayisa,0.406864,0.46611208
isibhamu,ubuntu,0.117852,0.23978503
nokuhlalisana,zokuthuthukisa,0.481198,0.46345365
ka-1995.,izithandani,0.290495,0.26546356
bayaqhubeka,nokufundisa,0.381839,0.45308936
indalo,labo,0.303418,0.0688357
ikhulume,iconstruction,0.296309,0.41487056
amakhulu,amacwecwe,0.254568,0.36779445
bekungekhona,wophiko,0.40237,0.30450752
351),yakhuluma,0.204875,0.15077513
buqinile.,kothando,0.290904,0.38130745
utshani,ungakwenza,0.322503,0.34832057
ehlise,kusanelesi,0.49023,0.36558557
ezikhangisa,ngazo,0.312298,0.18983825
emalokishini,uyahlanza,0.357395,0.23503731
umrepha,umculi,0.621656,0.5978355
wavele,eyayigilwa,0.381374,0.39367697
ushayelele,uuzovakasha,0.494041,0.4573046
ezilingene,ngakho-ke,0.279892,0.20904596
nginokwesekwa,lendlu,0.240621,0.37698057
nezamaqanda,ubulungiswa,0.293788,0.34591436
esikhethekile,indlu,0.283042,0.067904174
ukufinyelela,ukukhombisa,0.359771,0.3125885
ngabomashi,kwempilo,0.206245,0.35761926
usasebenza.,ushukela,0.372301,0.48737127
izilwane,amahhashi,0.372552,0.41119397
untuli,ubudokotela,0.565052,0.4657225
kuphakame,inkomo,0.194087,0.3479453
sematheni,bangaholela,0.33093,0.22780126
lwezenhlalo,ukuphikelela,0.209914,0.4049533
izindawo,izimpilo,0.289817,0.36006764
umfundi,ulwazi,0.344077,0.100455716
xaba.,zabantu.,0.270596,0.5519465
uthisha,ukubhala,0.331518,0.18163285
347),majola.,0.275114,0.5584161
587),emshadweni.,0.604416,0.4531516
manje,ngizilungise.,0.409081,0.28993806
yizo,likhona,0.049039,0.06364855
abahluphekile,abahlose,0.506745,0.6008107
induna,ongenakulinganiswa,0.4991,0.45702505
okumnandi,uyakabisa,0.428861,0.35831285
lesonto,umhleli,0.474108,0.38701233
inkantolo,ikhibhodi,0.355071,0.54202837
ukuphilisa,ukuqubula,0.431712,0.41429892
bekahle,bethola,0.264174,0.081027545
izinto,zikahulumeni,0.307437,0.06852524
u-matric,unolwandle,0.364159,0.23620358
ukusetshenziswa,ukhumalo.,0.428172,0.22061698
ibalulekile.,idlale,0.208393,0.2502649
kwagxilwa,lokuphila,0.206877,0.3270063
izolo,konke.,0.317415,0.26877597
isebenza,obungama-kilometre,0.082696,0.232715
257),beka,0.150263,0.21257858
emakethe,noukudla,0.225542,0.2991465
sihlale,zezikole,0.307179,0.18497922
abheke,zazinzima,0.160651,0.14455989
elikhethekile,kwemisebenzi,0.373933,0.2242787
izicelo,iziphazamiso,0.473608,0.6482708
yokupholisa,ukuxoxa,0.202713,0.3082702
abasolwa,icala,0.607593,0.5294347
ungene,u-2019.,0.499657,0.45457333
komlilo,abashayimthetho,0.120889,0.33165315
emasimini,uyakhumbula,0.314615,0.2584776
sokutakula,namakhasimende,0.309231,0.44020504
ifuna,impumelelo,0.363452,0.41268826
ngo-29,ngokuxolisa,0.454294,0.5283934
umfazi,inyoni,0.308413,0.48591533
ebonakale,ngezithelo,0.197487,0.1933797
edolobheni,uyacula,0.49189,0.4405562
isikole,inyuvesi,0.522759,0.54781985
ibibukeka,ibhakede,0.580405,0.5389859
ubunhloli,ucotshelelwa,0.419411,0.4589996
amanzi,imifula,0.436091,0.26842234
755),lazo.,0.194976,0.60074055
umawhoo,umphumela,0.517391,0.3984446
ubumpofu,uzisayinele,0.454596,0.41293922
sma,ukuphuma.,0.277653,0.020434674
izethulo,izinyamazane,0.372337,0.6269006
enhlangothini.,omkhulu,0.257724,0.16285186
isivivinyo,imfundo,0.194135,0.18294814
umculo,umbhalo,0.468524,0.56906533
inkohlakalo,imoto,0.320549,0.53196466
omaskanda,farms,0.402789,0.26492527
abahlali,abakufisayo,0.335148,0.47316796
kwamafutha,culo,0.377186,0.5051867
kolwandle,ejele,0.292606,0.46237725
nezinto,ngendlela,0.349764,0.18735978
(loyo,zokulala,0.242961,0.27569738
isiphelile,isitsha,0.510621,0.5430785
umfundi.,umuzwa,0.436,0.48859414
egubha,ingoba,0.317415,0.36061928
kulokhu,nongeke,0.513082,0.23439936
ingqondo,inkukhu,0.348199,0.36785308
mngomezulu,uyacabanga,0.107357,0.11192412
ukunakekelwa,ukuhlakanipha,0.356362,0.25957876
ngalokhu,yabantwana,0.134206,0.05088861
isikole,idolobha,0.247566,0.5085058
izifundo,izembe,0.293035,0.38086754
ebandakanya,bafowethu,0.225237,0.23962943
indima,yethu,0.265301,0.18492582
abawenzayo,abahambi,0.329427,0.24754597
ngenxa,owenziwayo,0.233289,0.28356898
eyishumi,okhutheleyo,0.392621,0.46292892
ibhange,idola,0.509769,0.43759903
uzoqhubeka,udylan,0.531798,0.28861663
aniphe,kanzima,0.268423,0.036687046
umtapo,impumelelo,0.269145,0.20087321
nemali,yakhe,0.291476,0.19810249
ubunhloli,ugrade,0.393186,0.32699692
uyanikeza,useshaye,0.26431,0.28950125
iqale,i-garden,0.576064,0.48025268
uyalanda,ugabe,0.295903,0.26364228
isiphelile,isaziso,0.519939,0.38258812
ibizwa,ingaxhumana,0.419797,0.32243973
sinqumo,nodkt,0.457899,0.2902607
nokwakha,esibhakabhakeni,0.145532,0.33535415
impilo,kwabanye,0.192274,0.26884246
abaqeqeshelwe,abadumele.,0.429777,0.47649917
inkosi,indlovukazi,0.470326,0.4486604
lwabo,esithangamini,0.15921,0.29570037
usambane,unogwaja,0.478289,0.47801813
isitimela,idolobha,0.20104,0.31443232
uhewlett.,ungahlonipha,0.458792,0.44658825
umfula,izintaba,0.413057,0.44350708
ubig,usukume,0.630778,0.56647503
izitolo,nezimpahla,0.402067,0.37489167
afrika,ezahlukene,0.31816,0.35692227
ukonga,ingcebo,0.62444,0.39951047
inyoni,amahhashi,0.477603,0.49324787
abasolwa,isibhamu,0.617883,0.5213325
umgqugquzeli,wasiza,0.584643,0.30034277
abakhulekeli.,abase,0.358704,0.36796167
ngo-2023,kulokhu.,0.349108,0.4114226
inyuvesi,ngoba,0.204703,0.28022847
imoto,indiza,0.497732,0.41393304
amafu,njengedatha,0.251649,0.41989517
abaphumelele,abaholi.,0.444127,0.49144053
umakhalekhukhwini,umbhense,0.386376,0.61699414
bazohleka,yize,0.275385,0.20420893
inyuvesi,ukufunda,0.345338,0.25987566
bathola,zemidlalo,0.231668,0.2505936
ubungani,udlubu,0.39081,0.4349992
unxuse,ubafundisa,0.355037,0.2899879
ukuphuma.,ukungeniswa,0.414296,0.44734234
abaphumelele,"edolobheni,”",0.181922,0.25379732
unomcebo,uthando,0.248246,0.23808374
ubumpofu,u-ouaddou,0.480634,0.47309193
amavidiyo,amathayi,0.512242,0.59641314
ilele,i-ub40,0.486164,0.55486864
sengifika,mchunu,0.45571,0.5536249
ukwelapha,ukugula,0.439101,0.5378034
ukushisela,zokwakhiwa,0.190019,0.12283352
udlubu,ungisize,0.505132,0.42757732
entabeni,uyaphendula,0.416409,0.43457168
enhle,oluningi,0.257227,0.2651943
abalandeli,abasiza,0.358516,0.47105825
indima,ngoba,0.297578,0.16308917
bengilokhu,uhoxisa,0.338162,0.39539278
isibhamu,inhlamvu,0.665909,0.4774788
ngiyathanda,unazo,0.156843,0.20983261
amasiko,izicathulo,0.336415,0.29226995
ngokuphakama,ezenziwayo.,0.117509,0.08764319
umfundi,amaculo,0.270181,0.2956563
ahloniphe,owayeyisilomo,0.228694,0.26737782
usiza,uxaba.,0.394993,0.3074108
ummangalewa,ebikhanya,0.368584,0.4382056
ese-istanbul.,zokuxhumana,0.256826,0.29018697
njengoba,sikhula,0.298351,0.28117132
emhlathuze,noubumnandi,0.260815,0.25335443
high.,465),0.424753,0.71991587
uzocula,ungalihloniphi,0.412237,0.3789449
amahhashi,izinja,0.412406,0.45497763
bakho,nangokwedlulele,0.262456,0.22262776
lokuhloniphana,okungethi,0.243349,0.3631121
ukuzijabulisa,ukuvikelwa,0.376886,0.3965485
impumelelo,uhulumeni,0.176818,0.2979632
uziqambela,ubengakabi,0.696952,0.57421404
ekupheleni,izintsha,0.349313,0.42661023
kokuphazamiseka.,aphiwe,0.338098,0.43428743
lomsombuluko,wezwa,0.437296,0.4704725
emzileni,kanye,0.134576,0.08877301
uyekelela,usedalule,0.367773,0.2896205
kuzohamba,ungalahlekelwa,0.320941,0.4065528
izinkomo,amahhashi,0.479358,0.5529338
elami,libya,0.332316,0.21070188
somdlali,ngomsombuluko.,0.354022,0.32784572
ukondla,ukhiphe,0.42524,0.4251382
uheha,ulungiselela,0.302862,0.54177743
ukuphelelwa,ukukhulume,0.416481,0.31240824
enhliziyweni,sokwenza,0.380871,0.28311846
okukhulu.,yabo,0.281154,0.25582376
wamhlithwa,lokubona,0.340647,0.4224934
inkosi,isizwe,0.276637,0.24581316
utshele,ubulele,0.630219,0.672994
eziphakeme,ziqapha.,0.520343,0.41146427
likathishanhloko,kugcinwe,0.36717,0.37339765
ukwehlisa,ukubuyisana,0.448474,0.4505546
iziqu,izinkolo,0.503031,0.6699954
edolobheni,ohle,0.280802,0.338138
bahlonipha,ukuthi,0.262389,0.19078594
unozibusele,uvele,0.300676,0.5833346
ungayi,act,0.429959,0.48648432
icertificate,i-ai,0.617534,0.63755745
komphakathi,esitebeleni,0.248651,0.5276128
wayevele,izojika.,0.408459,0.35892338
amazwi,nolwandle,0.359483,0.19671652
engu-2.8,kunezikhuliswa,0.184529,0.47212985
ukudla,ubisi,0.279186,0.23208235
esidlangalaleni,ukukunika,0.30514,0.038790204
umculi,ucingo,0.327216,0.5511249
nezinto,yothando,0.323224,0.053538196
icala.,ipaki,0.541747,0.52397573
masobho,bazofundisa,0.114254,0.36535612
enkulu,zikahulumeni,0.439957,0.13554426
ubuntu,uxhumana,0.370398,0.13575445
incazelo,kuhunyushwe,0.164006,0.25554034
isidlalwa,ngesivinini,0.359333,0.2107182
ukhuni,imvelo,0.442106,0.28449965
uzobe,ubhekani,0.508921,0.29074588
isizwe,theknoloji,0.125164,0.24766068
ubabonga,uyathengisa,0.340567,0.2191014
ungaqala,obonaayo,0.221753,0.39503652
uthabethe,uweisy,0.672074,0.391273
engomeni,iphonsa,0.352709,0.45346022
izinhlelo,izakhamuzi,0.388874,0.44586608
iphutha,irobhothi,0.421266,0.435301
umfundi,umtapo,0.393861,0.44589844
uphiwayinkosi,udidekile,0.38927,0.41124386
ukhale,ukuthela,0.343875,0.27970698
ekuthuthukeni.,isisekelo,0.07859,0.25932616
isiningizimu.,isisekelo,0.35774,0.35037568
umfundi,umncube,0.293964,0.400499
100,ku-r2,0.77947,0.50408125
imfundo,yokulandela,0.269537,0.15795097
abaphathi,ntambama,0.31885,0.29361337
inkathi,abentela,0.240159,0.38038793
ugeleza,uzophawula,0.371849,0.44069278
wakwi-swimming,emakhaya,0.095571,0.2695299
kwaso,emakolishi,0.309168,0.3866804
bayahlela,emvelweni,0.327572,0.21150766
yena,olusha,0.125551,0.12321757
imbewu,yabaletha,0.200787,0.3469778
inyoni,izimvu,0.545812,0.35493144
ukudlala,ukwelashwa,0.324761,0.39293653
luzoqinsekisa,yezilwane,0.196229,0.3471219
kuyasizana,wadla,0.314002,0.1654495
ingane,mfowethu,0.414679,0.2896733
ukuthu,ukuyidlulisela,0.332983,0.2611604
ukubuyiselwa,ukunikela,0.339046,0.36807677
ubhala,ubungani,0.371257,0.44586837
izwe,733),0.135485,0.12783618
ukuthatha,ukusebenza.,0.329799,0.40271103
734),edabukisayo,0.257713,0.51132214
emihlanu,izinto,0.23201,0.1451619
besizwe,kwezinyanga,0.307492,0.34501016
nabefundisi.,176),0.30542,0.52752334
lwabo,nokwethembana,0.327012,0.21182369
ukufunda,umtapo,0.263906,0.2559633
sabo,luvikela,0.16976,0.2654626
owagcina,kwesta,0.517653,0.13908628
ukubhala,umtapo,0.389393,0.3975959
imeya,uhulumeni,0.402521,0.2840942
uzithola,ushandesh,0.348762,0.25115314
ngentshiseko,njengabanye,0.246898,0.08735353
umndenni,lizayo,0.218303,0.25213784
ufundisa,ulethela,0.280219,0.26892775
amafutha,siyazi,0.237455,0.2722658
okhulumayo,uzophila,0.460043,0.39385623
uzanele,uyenze,0.394923,0.33667144
ibhizinisi,ifaka,0.481235,0.31755465
ngiyabonga,nokunye.,0.167882,0.35509592
ubheka,uyolinda,0.467683,0.5062841
njalo,ukwenza,0.239865,0.10115464
umculo,umrepha,0.465146,0.46583688
engiqale,184),0.231771,0.5479985
wemyco-feeds,ezikhulile,0.079516,0.5495667
ukupha,ukuzilungiselela,0.365718,0.20258586
no-ayanda,uzilolonge,0.363031,0.40767998
kumumangazile,egazini:,0.433965,0.5149443
wapheka,ngaphansi.,0.260023,0.30930626
sasemgungundlovu,somcimbi,0.31535,0.34450877
salo,ukusiza,0.164694,0.21969251
ulaura,usehoxa,0.671128,0.67195016
alo,namakamelo,0.302621,0.39662334
ithuluzi,idonse,0.40946,0.2760213
webhasikidi,lezimpahla,0.280187,0.26302797
umasipala,icala,0.494858,0.42129463
ubonakele,usifundisa,0.333503,0.49429238
ubandakanya,usale,0.445072,0.19716282
ikhaya,indlu,0.45831,0.33621588
bayayigeza,zempilo,0.101388,0.1340676
kuyabajabulisa,nokusiza,0.347436,0.22610232
extra,bavame,0.227477,0.12318517
ikhona,itulo,0.309169,0.36860725
ibay,itoyitoyi,0.60104,0.35261106
wathanda,ezidlala,0.162584,0.19847263
inhlamvu,inkantolo,0.457009,0.51788014
ukudlalwa,ukuziqeqesha,0.388583,0.2687419
ubambisane,ulindele,0.431113,0.40079242
ngaphandle,olukhulu,0.307398,0.06407701
ibhotela,umdlalo,0.318096,0.30812845
ukhwehlela,ukulivuma,0.451761,0.39506736
usho,ubuthongo,0.445242,0.33699203
ukuzenzela,ukukunika,0.321482,0.25212097
inja,izinkomo,0.425668,0.41491437
ukugebenga,ukuzindla,0.421055,0.35538292
nokuqonda,kungase,0.311399,0.3149027
uthisha,uyahamba,0.363014,0.3487205
izihlalo,izikhotha.,0.531838,0.53507394
izimpawu,izisho,0.441618,0.46400002
imoto,kwesitolo,0.347605,0.35108364
uqwale,ungaya,0.566402,0.5979369
uyaphila,uyavuka,0.759843,0.8326078
izinhlobo,izithandazo,0.49624,0.59052294
abadubulekile,abanekhono,0.385428,0.45386484
uzovuka,ulishebe,0.420694,0.27493945
ucabanga,udlalwe,0.503517,0.4149071
abakhulu,abaphile,0.389062,0.3514141
ezifundile,yingakho,0.272314,0.13520749
abakhulumi,kuyaziwa,0.340588,0.26742586
osezinze,nokusebenzisana.,0.181772,0.3326327
amakhulu,uhlelo,0.220358,0.15506336
urodgers,ushukela,0.453445,0.4643103
ushintshe,utsepang,0.506727,0.618781
yezokwakha,uzame,0.320886,0.45555863
unomvula,uyacabanga,0.601726,0.46730262
idurban,ilungelo,0.339112,0.35844073
njengeligi,sidlalela,0.574804,0.36011514
eliphezulu,inyama,0.239027,0.1741602
ikhibhodi,ukuxhumana,0.474088,0.22894242
unekhamera,usayine,0.634399,0.6056939
kuvulela,yabahlali.,0.253444,0.39101887
emnandi,umndenni,0.339619,0.29741096
cebisile,lona,0.352874,0.55340356
ukungeniswa,izinsuku.,0.172666,0.42252064
ubuntu,ubukhosi,0.43328,0.5940929
isiko,ibhola,0.549662,0.58203775
ngenyanga,unkosi,0.40638,0.39052793
idlula,ilamontville,0.486767,0.56872606
siqonda,ibonakale,0.157004,0.14890692
abashayeli,inhlonipho,0.239335,0.31871548
ubarns,uphumelele,0.39967,0.3464436
becabanga,ezizwakalayo.,0.237307,0.2690063
olwalugxile,elahlwa,0.49328,0.53661895
bakhombisa,izinto,0.30852,0.21836953
abakhiqizi,nomphakathi,0.291576,0.14905082
ndawonye,ube,0.311341,0.22422716
uyaludinga,uhla,0.40094,0.39375573
icala,inkantolo,0.674821,0.56081295
uthando,uvumele,0.243584,0.040798627
ukholwa,ukususa,0.477379,0.33698344
izinso,zikwazi,0.438414,0.2871267
siphilile,osondelene,0.255078,0.45129624
ehlukene,nokubhala.,0.407988,0.49896544
bazimisela,emakhaya,0.287526,0.073346
ebezinganakwa,akhiqizwa,0.366143,0.4379745
esikhanyayo.,ezinganeni.,0.188723,0.39397258
231),abayidlalayo,0.216131,0.22879612
umbuso,icala,0.462743,0.304575
ngezinto,yomdabu,0.195829,0.10225756
esikhulu,yokufuna,0.173658,0.21468827
emsebenzini,nanti,0.336583,0.2570157
uqhakambise,ubarns,0.584852,0.39948514
ohlelweni,ukuze,0.28002,0.35992002
banezidingo,ukuqaphela,0.322531,0.4704048
zabo.,ogijima,0.172761,0.22063327
ucotshelelwa,ungadlali,0.598235,0.6225321
ukhuni,izintaba,0.263283,0.19597434
idurban,ihlanziwe,0.450605,0.3318424
uvame,uzokhomba,0.445399,0.40704507
uyalala,usedubule,0.307872,0.17495817
ukwesula,ukugqugquzelwa,0.53251,0.3976319
abazimisele,abafundayo,0.349188,0.42055646
isinenhlanhla,isebenzisa,0.302771,0.4087023
ukubeka,abangemthetho.,0.264402,0.27379856
ngolwesibili,wegoli,0.63462,0.44834307
abanakekeli,abasubathi,0.467912,0.49570948
unakekeleke,udidekile,0.468685,0.31703195
kwalesosizo,encane,0.123762,0.34333858
abagibeli,abazama,0.426656,0.608885
unxuse,"uhlabisa,odabuka",0.489604,0.4478243
kujabulisa,uxhumana,0.231563,0.24317178
ale,nkampani,0.545421,0.29896834
abagulayo,abayishinshile,0.381511,0.53088
-,business,0.509707,0.50313884
321),yokuwathuthukisa,0.219819,0.43078852
isiza,ukuthuthukiswa,0.478052,0.17131832
olwanele,wabo,0.252358,0.21780139
izindaba,odokotela,0.333793,0.14386424
bayaziwa,lwekhaya,0.346219,0.23499934
ilandele,ihollywoodbets,0.486431,0.37271097
iqukethe,irobhothi,0.511295,0.2762198
iminyakazo.,yonke,0.229535,0.19362389
ungadlaleli,uhlolele,0.593277,0.5116064
ngokuvela,ewaterfront,0.366209,0.3289735
into.,mapulazi,0.203574,0.30137393
selihlulwe,bamaqembu,0.369908,0.5584229
ebeba,somunye.,0.340537,0.5178706
iphakama,ikhiqiza,0.321647,0.05059117
inyuvesi,umhlengikazi,0.370552,0.56252146
ihlathi,imithi,0.339974,0.3028968
bezikole,bayazithengisa,0.204875,0.14206688
owayegwiliza.,ubumningi,0.400035,0.31202653
ukuthuthuka,ukhuluma,0.315169,0.038120292
edide,wangabhalisa,0.539615,0.316474
ijaha,iphethe,0.418461,0.49436828
ukusekela,bazigweme,0.253921,0.3499957
umasipala,umbuso,0.510704,0.6283415
umndeni,uphiwayinkosi,0.40732,0.4408537
ulwandle,ubuso,0.431848,0.34614772
ehlathini,neulwazi,0.28043,0.39795962
izinja,umasipala,0.241666,0.2911523
umbhalo,amaculo,0.487312,0.4838947
669),siqhubeka,0.123506,0.15655915
imoto,impilo.,0.23126,0.2871777
beqhubeka,ngcobo,0.468399,0.17352827
“ukuba,egcekeni,0.107892,0.13897268
abanesifo,zothando,0.166534,0.30555233
siwuthatha,ukuthutheleka,0.286047,0.32330433
ilanga,igingqike,0.292815,0.13596007
ohlala,ophulukisa,0.635571,0.53323334
999),kuyasithatha,0.163244,0.22083779
utshani,uziphatha,0.23573,0.5013111
umfana,isiko,0.170365,0.2569129
obukhethekile,uyahlanza,0.446052,0.27326062
abalima,abacindezelekayo,0.443188,0.4769238
belunezingqinamba,ebusika,0.349714,0.40940946
izinombolo.,esishaqisayo.,0.374714,0.69413584
asolwa,nolimi.,0.186735,0.31060776
esigodini,zakhe,0.264602,0.18202576
inkosi,imeya,0.280965,0.2769504
uwucishe,unqambothi,0.6722,0.56920713
ukwethembana,ukuxwayisa,0.408922,0.5350393
usisi,uyaqhubeka.,0.333175,0.15561302
siyayikazela,zezinye,0.242936,0.30675066
bafunda,uthishomkhulu,0.156605,0.3063939
ababuthaka,elikhelwa,0.165,0.381689
udlula,u-100,0.540289,0.67838717
ifunda,umabuya,0.316552,0.60928625
ifinyelele,i-addington,0.187707,0.24866469
babhekelelwe,kwezokuphatha.,0.329862,0.4210439
izinkulisa,omkhulu,0.277792,0.12828681
eseceleni.,yesibili,0.269494,0.3078224
yawo.,igcina,0.318214,0.27707002
elizohambisana,muzi.,0.372782,0.33004063
abathanda,nomphakathi,0.271532,0.17661634
uhlela,usayine,0.176021,0.34570977
akhe.,sporty,0.196468,0.3991317
ehhovisi,emalini,0.343285,0.49748075
babuya,emini,0.379999,0.13227282
abekelwe,njengempukane,0.359921,0.34830007
izindlalifa,lesihlanu,0.3961,0.43867347
ubeast,uukuthi,0.326498,0.25108662
athathe,adlulele,0.346332,0.44486704
bakhombisa,nezinto,0.433514,0.45606887
nezitshalo,ukulungiselela,0.179403,0.363119
uzandile,ubesemhlabeni,0.500977,0.33355877
olubizwa,bahlanganyela,0.266109,0.3081755
kuhle,uzokwakha,0.184677,0.28063202
izeluleko,izobasiza,0.517171,0.3526371
labantu,unomsa,0.266515,0.3899583
ufune,ungalihloniphi,0.544375,0.24128832
ukholelwa,ukuphephile,0.398403,0.34354872
abanzi,ababhekana,0.454982,0.45581156
abaningi,ulwazi,0.256995,0.0880459
uyamangalisa,uqobo,0.471562,0.23591761
bahlale,nabo,0.305617,0.1348626
lwezenhlalo,ukuba,0.316176,0.21323852
bayilandela,sihlale,0.69158,0.46372566
wesizulu,usikhulisile,0.200448,0.39922377
ukuba,ukuletha,0.294216,0.25203004
ukhohlwe,ukuzisola,0.5418,0.38010803
ubhala,untencane,0.503279,0.47313726
uyajabula.,ubuhlungu,0.308122,0.26019716
ihhovisi,iphakeme,0.32986,0.29104584
uphoqeleke,intambo,0.446723,0.33884415
kuyahlanza,ezine-caffeine:,0.20899,0.24539304
zikatamara,kusenemali,0.50864,0.58793205
uphile,"uhlabisa,odabuka",0.332619,0.28327662
beef,usanele,0.336513,0.14731835
amaholidi,konyaka,0.222057,0.28335527
643),nograde,0.42316,0.6064357
zamabhasi,eyengamele,0.37571,0.52258325
lelo,ubuhle,0.313518,0.33718228
inyuvesi,impumelelo,0.336781,0.33259794
uyabazi,uyedlulela,0.330322,0.46784782
umfana,mfowethu,0.604377,0.3422708
abathathu,abanikazi,0.366068,0.39978606
uyazinikela,kuqinisekiswe,0.148342,0.18492417
emsebenzini,wokwenza,0.229591,0.032947678
ibhange,amasheya,0.44483,0.26411358
uyaphuza,wesilisa,0.422221,0.2845777
avikele,bafundisa,0.199744,0.23516977
elikhethekile,kuqala,0.394609,0.18557937
ijabule,ibig,0.275202,0.33999783
bawenza,ongazenza,0.384232,0.44695267
bazofunda,kweviki,0.364593,0.29433495
igiya,i-mathemetics,0.526912,0.50501883
abantu,isithelo,0.257791,0.36366507
itheku,isiteshi,0.454001,0.46563715
basebenza,wasekhaya,0.20973,0.10248963
kakhulu,nezikhawu,0.206015,0.18959726
i-imicabango,iyakha,0.496979,0.4200475
220),esicacile,0.308473,0.6686751
yomakhelwane,nezokujabula,0.108054,0.13328819
eshilo,uyabonga,0.346932,0.27669403
okwesibhakabhaka,abasolwa,0.304002,0.464646
ngesigqi,se-house,0.669944,0.34843597
abanye,ukwethembana,0.220689,0.3728304
bonke,walala,0.290944,0.11179466
kwesikhathi,wahamba,0.319995,0.31205282
abantu.,uyasebenza,0.309584,0.23672482
unksz,udumo,0.578947,0.6085047
ichiefs,yepremiership,0.724559,0.789497
bezwa,okwanele,0.266846,0.09808061
lenkohlakalo,ngemiphumela,0.271959,0.24864121
opholile,esitayeleni,0.277479,0.19309402
499),zonke,0.330501,0.16249582
ukusebenzela,ukhala,0.380922,0.12984362
ubaba,zokufunda,0.353715,0.13073136
991),isivele,0.358438,0.580172
ngothando,okwakha,0.297169,0.15324932
kwesikhathi,zemindeni,0.285125,0.30075815
konyaka,lethu,0.344726,0.3606254
ngasemkhambathini.,science,0.306487,0.5039544
ingahlangene,izinhlobo,0.135589,0.18141203
zesikole,551),0.151458,0.088878885
ushayela,unesiyezi,0.488413,0.50827634
umfundi,uthisha,0.628356,0.6341092
nezafukula,emidlalweni,0.247823,0.27185982
bazibandakanya,ephakeme,0.197515,0.09509224
"(sba),”",wuphiko,0.600354,0.29450783
noizimali,umphikeleli,0.434937,0.4358336
uzokwakha,uthabethe,0.408408,0.34226018
ngiyabakhuthaza,yami,0.470539,0.37046555
ineminyaka,intsha,0.427167,0.34497505
ihhashi,ilaka,0.598012,0.50596
izindawo,nangabezindawo,0.502049,0.45901692
enhliziyweni,izolo,0.300874,0.26614612
zohlanga,okwakufanele,0.330253,0.30720812
ukunqwaha,ukulima,0.526347,0.5129332
ngalesi,ukwenze,0.406508,0.4108196
iyadlala,iyisendlalelo,0.521644,0.6057248
empowers,kanzima,0.159911,0.2219189
ilalela,ezifanele,0.126772,0.24961303
ezithile,yokusiza,0.319496,0.29154038
amavolontiya,amalanga,0.412999,0.48928264
amanye,amagoli.,0.603613,0.47476935
abafundile,osemanzini,0.225823,0.39625263
voices.,ekhishwa,0.436585,0.37032187
izinyamazane,izihambi,0.515362,0.554154
enkulu,ilanga,0.265719,0.28559527
abakhokheli,abaqhubeke,0.455148,0.42988822
ikati,iqhude,0.51007,0.52772623
ibandla,iwunqobe,0.368274,0.18789144
izinhla,izindlini,0.360119,0.4018584
okungapheli,nokutomula,0.369453,0.3036652
uyesaba,usukume,0.338712,0.2812005
indlovukazi,icala,0.639782,0.5111344
uphethiloli,uphakama,0.484099,0.34830925
enhlangano,zamaqanda,0.172649,0.4045401
ufisa,ze-aucturial,0.633964,0.29270202
kwenyanga,zikahulumeni,0.301294,0.12782806
iyobe,icarling,0.702469,0.5405504
abantu,umthelela,0.205578,0.27427566
neminye,ongayithokozela,0.562794,0.22338943
theknoloji,itheku,0.504663,0.39972818
uzandile.,ugqame,0.388676,0.502483
abonakala,besemcimbini,0.131263,0.3395615
amasiko,amanzi.,0.253863,0.20746419
ukuphumelela,nabasebenzi,0.160409,0.25693968
ukuhlalisana,ukulawulwa,0.347856,0.29654837
kubo,zifinyelele,0.337532,0.36063763
ukubuyiselwa,ukudansa,0.43665,0.5281339
yokwakha,ngabasondelene,0.281927,0.3685473
bayabona,egcekeni,0.277857,0.012831677
abantu,esikubonayo,0.23953,0.1205878
inyama,inja,0.258508,0.56568396
yahola,ezentela,0.209787,0.30149254
amanzi,izintaba,0.388214,0.24638839
ememezela,768),0.18779,0.40600997
njalo,zifezwe,0.346563,0.12819928
ziphilile,ama-curtain,0.174442,0.28610554
enkonzweni,ngomsombuluko.,0.199169,0.3171014
kusebenza,ezibekiwe,0.096211,0.14066266
ubudlelwano,upikwe,0.446465,0.4611499
ngezinyathelo,esemncenga,0.157923,0.49369985
emphakathini,isebenza,0.320177,0.17345865
sewubamba,enkandla.,0.370643,0.4353535
uthisha,ulwazi,0.350799,0.14886232
emicimbini,izimfundiso,0.296214,0.20931514
lawo,kabalenzanga,0.404627,0.41412506
unomsa,uphephula,0.326244,0.26527104
ye-word2vec,akawuphumelelanga,0.421679,0.28570208
ngihlola,ezibukhoma,0.207464,0.3063988
ukuthi,zifezwe,0.210505,0.11767315
osephenduke,uyahlangana.,0.245447,0.41368708
kazinhle,esituhlini,0.106676,0.24173678
kudayisa,emasimini.,0.200414,0.23962128
mfowethu,umsakazo,0.177696,0.24268879
uyathanda,ungakwenza,0.306176,0.30775347
bonke,kepha,0.258678,0.15421261
uyapheka,ugubha,0.30116,0.3503288
bomdabu,elikhethekile,0.259797,0.44856042
onekhono,ukudla,0.301527,0.30729246
awu-10,lokuthuthukisa,0.440326,0.32717568
izinzalabantu,urefilwe,0.09436,0.26327762
banikela,wamasiko,0.299457,0.21153615
ikhwaya,amaculo,0.443793,0.24818702
luyinsika,yempilo,0.753172,0.64585596
bavotele,ziqonde,0.221719,0.32676005
kakhulu,wemvelo,0.127494,0.33205462
kuyasiza,ukuthi,0.120001,0.24825779
usale,uweisy,0.641069,0.59970486
izwe,izihloko,0.317946,0.17618734
lokuqhubeka,yithuba,0.484848,0.4328976
somlimi,webetway,0.365444,0.3085366
efihlekile.,yingxenye,0.124612,0.23665531
ukonga,idola,0.501243,0.4233597
abalondolozayo,abahlanu.,0.241315,0.18877672
nasesikoleni,sibabonge,0.417778,0.24421321
phambi,usiyanda,0.446032,0.43114632
abangane,abakholwa,0.444432,0.5876979
bezingane,emsebenzini,0.250086,0.16721554
bekufanele,kungenwa,0.356099,0.34583834
usbahle,unontokozo,0.600207,0.6489005
kwamahlathi,(isisho,0.18138,0.21800855
isizwe,ngazo,0.217642,0.18040128
enkonzweni,uyajabula,0.408564,0.38753557
usecape,ungakhathazekile,0.447141,0.47423318
unikwa,uhlolwe,0.513856,0.34217027
icala,isiteshi,0.482483,0.60645646
lokhu,zasendle,0.309543,0.23693667
ukusebenzisa,yocwaningo,0.424117,0.33242643
usongwe,uthokozise,0.431647,0.6988405
lwabo,oluqotho,0.227643,0.26030114
ibhakede,iphathwe,0.490253,0.5780279
emizweni,ngabe,0.370265,0.29507026
imind,yithemba,0.260788,0.32522336
zokuxolelana,92),0.305372,0.4266221
mfowethu,abantu,0.282837,0.14901246
baphendula,umama,0.287464,0.3547871
ungene,uzosebenzisana,0.344923,0.36282304
ihlosi,izilwane,0.364479,0.34488502
uzokwazi,ubuza,0.451068,0.285565
emoyeni,sobuntu,0.339596,0.40094724
ukuhlale,ukudliwa,0.311547,0.3280831
wenze,sokubhala,0.228141,0.24945219
emuva,nabantwana,0.272349,0.22818078
ukudla,amaphoyisa,0.114057,0.20832771
usenona.,ubunjalo,0.371706,0.43880942
odokotela,zemvelo,0.247202,0.25639632
ngokubamba,lwabo,0.212868,0.23624238
inyuvesi,umfundi,0.538208,0.64982593
kokuphazanyiswa,ezinemiyalezo,0.333233,0.4154202
uletha,ukuqondana,0.172174,0.3561209
yokuhlakanipha,ziyathanda,0.192952,0.24297552
nangemfundo.,nakwamanye,0.355418,0.42787486
ukuziqeqesha,njengamanje.,0.263683,0.2504016
iwuhambo,ikusasa.,0.334094,0.33880728
umabonakude,umsakazo,0.551489,0.5668441
umfazi,ingoma,0.216133,0.22363278
nani,sikhona,0.444937,0.3361184
september,922),0.412747,0.58614355
uzothini,ususegunjini,0.556896,0.5574996
izingane,nobuzwe,0.264403,0.06744274
noindlu,umuntu,0.193502,0.25400186
imfundo,ubuzwe,0.325804,0.00856641
kuqhutshwa,yendlela,0.24911,0.40027913
emakethe,uyajabula,0.437113,0.3440099
sezempilo,zabo,0.269162,0.032791775
ulahlwe,ngiyohlolwa?,0.443131,0.43266097
ukufunda,ulwazi,0.438377,0.27605686
bomdabu,ebalulekile,0.291284,0.10400925
indawo,izikhathi,0.345226,0.28163406
578),okusijabulisayo,0.1834,0.40911445
ngawu-29.,zemisebenzi,0.056491,0.17864569
382),emshadweni.,0.607836,0.38721758
izimpesheni,izivakashi,0.365198,0.48980248
indishi,ukuphuza,0.422381,0.21473591
uhamba,egane,0.213219,0.32008746
amandla,lwabo,0.218863,0.23868915
ikhibhodi,beqinisekisa,0.20376,0.29779002
enkulu.,wonke,0.264912,0.1703716
indoda,umuntu,0.392867,0.32525074
kahle,ukulala,0.236072,0.1690897
imoto,uyakhuluma,0.327313,0.30637166
bomakhelwane,usafisa,0.18073,0.39839527
amanxusa,kwemizamo,0.264507,0.21642454
lukhona,ubingelelwa,0.135104,0.27356493
indiza,ukonga,0.311931,0.34869447
baphila,bendawo,0.252021,0.14110033
organic,elangeni.,0.210798,0.49707818
ukuthi,ukuzobungaza,0.275074,0.25580975
isixuku,iseyimfuneko,0.376282,0.25519505
kwelanga,entulayo.,0.154925,0.3459536
bembumbene,kakhulu,0.146772,0.24624512
emnandi,uyazazi,0.332875,0.23593953
ukonga,amaculo,0.280721,0.29222378
ufake,wathi,0.418128,0.33177385
ukuxhumana,theknoloji,0.452041,0.11488878
amakhono,ngobukhalipha,0.198122,0.07981529
siyakwazi,kwabantu.,0.159466,0.2867455
ukuthutha,ukugijima,0.466169,0.48458818
cape,e-university,0.716833,0.62826246
ngamatshe,wethu,0.300991,0.13224743
ibhotela,ikhukhamba,0.542762,0.5944188
icala,isibhamu,0.609396,0.54834235
ubukhosi,ungondleki,0.352344,0.2876859
ulwandle,imvelo,0.373106,0.31014767
ungowomndeni,u-anton,0.628863,0.51056033
unakekela,usephonsele,0.309865,0.2530293
832),zemithi,0.127691,0.36931488
ushaywa,kufunwa,0.208474,0.16885108
ekpi,nese-climate,0.755279,0.2655669
iyanda,i-innobiz,0.308057,0.3620011
ayilinganiswa,ejubaneni.,0.262378,0.27966222
icwecwe,ukudlala,0.206086,0.21997553
mengo.,738),0.273804,0.09809703
abakhiqizi,lesihlanu,0.306547,0.25878105
abantu,abathandi,0.335142,0.3187796
into,inobubele.,0.364484,0.27917925
enyakatho,ngoma,0.281799,0.39603156
yebandla,igagasi.,0.378732,0.33611384
uqinisekise,ushayelele,0.402547,0.33204362
esikhulu,kwesihlahla,0.173721,0.28275296
ukukhathazeka,ukungenela,0.438371,0.5868863
nemigulukudu.,nala,0.412037,0.4632766
998),waqeda,0.24364,0.22557257
bayahlela,amhlophe,0.15702,0.26576826
iyisisekelo,igodi,0.394537,0.3684126
uphonsa,uhambo,0.464753,0.45796916
inezithombe,okhanyayo.,0.241159,0.3826796
amathuba,isikhulu,0.21009,0.3838852
abayinikwa,emihle,0.218611,0.29468286
yakhipha,angaphelelwa,0.30153,0.43818483
ubonge,uzozitshela,0.47385,0.35155356
nsuku,okhuthele,0.249814,0.111610614
ukuswelakala,ingud,0.452158,0.44040495
inja,iqhude,0.494655,0.2501829
okungaguquki.,zamagrammy,0.42121,0.52722955
maduze,ubuhlebezwe,0.49857,0.4344817
izinkomo,itheku,0.300569,0.33684415
olufinyelela,nendlala,0.217516,0.2811683
abalimi,usibonelo,0.481067,0.48377404
ngokucophelela,wonke,0.343215,0.058095653
udokotela,umdlalo,0.139796,0.28025928
bayigcina,esizweni,0.139746,0.1353416
usho,ulozolo,0.374672,0.43566534
izilwane,uyabheka,0.410022,0.36396834
shifters,babamba,0.275363,0.20950285
amapulani,amafilimu,0.596916,0.7046808
kokunqena,uyalala,0.428604,0.2620198
awuwazi,ngokwakho,0.217303,0.28130272
mfowethu,umndeni,0.344337,0.17584275
isikole,impumelelo,0.41231,0.4296341
kuhambe,233),0.084768,-0.0634604
ubumningi,usbahle.,0.503921,0.2957961
ugumede,yisidingo,0.29142,0.25457677
ilokishi,itheku,0.402514,0.21396174
ngenjabulo,okwengeza,0.397225,0.45661372
ikhompiyutha,umsakazo,0.404047,0.51063436
abanikazi,abanjani,0.498244,0.63636774
emgwaqweni,usiyanda,0.401374,0.2655712
imisebenzi,zemiphakathi,0.237504,0.25207916
ithemba,uzokhuluma,0.340647,0.22094418
ilokishi,isikhungo,0.317345,0.36642835
onke,okuqonda,0.189809,0.09595495
iboshwe,ibidla,0.636358,0.6223542
isizwe,yalokho,0.267609,0.090805985
nyaka,wanakekela,0.446072,0.18795216
small.,bomvu,0.413876,0.32200173
ukufunda,isivivinyo,0.332012,0.260282
bakhuluma,emakethe,0.262902,0.39861315
amaphoyisa,inkantolo,0.476845,0.39346525
773),nokubambisana,0.57814,0.3930395
ubaba,uyadla,0.297209,0.2538681
ubuhlobo,ufikele,0.287007,0.28890446
ukwesekwa,ukuzelapha.,0.452137,0.4535542
embonini,okuqinile,0.141057,0.3822945
lo,mikhakha,0.368723,0.3163215
imlethele,yimaster's,0.262382,0.35050973
ohlanzekile.,omkhulu,0.160016,0.20784761
bayikhulisa,zezemidlalo,0.230266,0.16405925
kumfundisa,hambo,0.130858,0.27053076
abanesibindi,yimuphi,0.259441,0.41229847
ilanga,ipastors,0.304507,0.12897046
zibalulekile,bazaqhubeka,0.050151,0.15419641
bomqondo,ngezikhathi,0.309331,0.3285952
nokubiza,balondoloza,0.17059,0.26115116
amasimu,amathayi,0.498445,0.50663334
izilwane,uyageza,0.373787,0.22701237
ebuhleni,iwunqobe,0.338091,0.29051918
eziqotho,ezifundeni,0.108428,0.4735467
imfundo,ingcebo,0.101385,0.22162767
esasidinga,besekhempini,0.39646,0.3902967
selokhu,ziphase,0.320732,0.36179802
brands,i-tiger,0.81237,0.6685866
wemoto,kufunda,0.181462,0.19629295
udokotela,ukugula,0.29743,0.21620587
ikusasa,obuhle,0.340987,0.4067152
ingoma,umrepha,0.563991,0.34977522
nasezinyaweni,nokuthula,0.240318,0.39601874
abalungi,abazobambelela,0.294394,0.5883213
okuzigcwalisa.,amasiko,0.121807,0.10984334
imali,inkampani,0.545944,0.5331516
iphupho,ngamalengiso.,0.341273,0.32575008
imoto,izimali,0.45397,0.349781
ku-4.3,kube,0.31717,0.28799397
uselangeni.,uxhumana,0.361054,0.22180524
esibhakabhakeni,bona.,0.300226,0.37904966
ikhibhodi,ubukhosi,0.275866,0.2628925
amakhulu,zomphakathi,0.359468,0.30020788
usale,ungakhathazekile,0.55184,0.51230055
afe,zemithi,0.271226,0.19602871
okukhulu,uhlangothi,0.272228,0.21061125
uyabiza,udylan,0.324743,0.35037667
(samro),uyahlanza,0.142103,0.110903844
kubekhona,nobuzwe,0.258954,0.16000369
izikhwama,nezinto,0.325222,0.30047852
u-r2,u-r5,0.843589,0.99791986
itheku,ibhola,0.225894,0.36974445
basize,ngobuhlakani,0.356436,0.1969407
bayabongana,izwe,0.317175,0.33261135
ukudla,ukuphuza,0.329439,0.4106691
ngalezi,ingqalasizinda,0.361818,0.48331484
ukuthi,wabonga,0.27779,0.16572933
ungathini,usezohoxa,0.422428,0.2671775
izingubo,izishaqane,0.366338,0.373115
esifanele,uyaphuza,0.508093,0.3464342
sekuyisikhathi,(mkokstad),0.202816,0.33451486
ukudla,ibhotela,0.320953,0.1315226
unomphela,uhlonishwe,0.373679,0.3481713
unamandla,unontokozo,0.407934,0.51227117
abashadayo,abahluphekayo.,0.302702,0.30708435
ikhibhodi,umabonakude,0.580798,0.5508755
827),lwesigqi,0.316001,0.55830973
nasemanyuvesi.,ezikhulise,0.211198,0.48028395
kwabo,ukuqhubeka,0.267374,0.052906133
umgomo,umsunguli,0.513291,0.69497377
ulwa,unomkhuhlane,0.473668,0.34829083
ubuhle,ugxile,0.346838,0.47259456
icwecwe,amaculo,0.415873,0.4055916
uxhaso,yokuyofuna,0.623843,0.16668336
uhulumeni,indlovukazi,0.385824,0.29214948
umfula,umkhandlu,0.204172,0.5333717
obungeledlule.,akulula,0.219792,0.32405227
iqhawe,unompumelelo,0.165743,0.3239656
nothandi,obuzosiza,0.16252,0.29565898
ungakapheli.,ophuphuma,0.203677,0.19588938
bezempilo,emingceleni,0.335275,0.38360637
uzibuka,uyasijabulisa,0.451745,0.37042508
lentambo.,molemela,0.44777,0.43510303
kwenyanga,uzosebenza,0.293292,0.2458951
babe,ngokucophelela,0.320766,0.15300407
ecabanga,wayeyiphoyisa,0.244115,0.5064483
sithume,esisha.,0.224635,0.29339102
ungaya,ubonakele,0.523818,0.5724807
uthando,u-r1,0.251322,-0.020629851
entabeni.,kwalokho,0.351081,0.34243092
noimisebenzi,udokotela,0.268169,0.26627064
namadube.,ku-4.3,0.498243,0.42179695
edinga,kanjani,0.337661,0.3540129
ngokwenza,ukuhlanzeka,0.215899,0.14459798
ushayelele,udadewabo,0.458046,0.47430438
ukwethembana,ukugeza,0.423346,0.28121805
uyakhala,uvalo,0.245839,0.2463186
bezibhedlela,ezibukhoma.,0.092553,0.432451
isinkwa,ngikhathele.,0.288065,0.45010108
esibhedlela,esikhulu,0.28659,0.30125618
yona.,662),0.36652,0.50353646
angaphezu,sekunyukele,0.496819,0.46781343
currency),esimeni,0.371831,0.41264877
zokugcina.,indishi,0.255151,0.2962397
uyahleka,uyichaze,0.352337,0.28434986
ababuya,unomvula,0.383572,0.39357954
ngokweseka,advice,0.409593,0.25236303
indodakazi,ukuthula,0.390904,0.20575647
nokuyinto,yamalungelo,0.200209,0.28800482
u-ouaddou,udadewabo,0.544129,0.66757214
imeya,indlovukazi,0.546961,0.27257442
utshele,ubengakabi,0.592334,0.516041
ukuhloniphana,ukhuni,0.377735,0.4299659
kwamashu,nenkosi,0.335483,0.3797512
uyajabula.,udabuka,0.359262,0.445139
esibhameni,zale,0.354695,0.29044628
uyabuza,ungisize,0.274836,0.16006687
ikhefu,liyindawo,0.288366,0.15307377
ubisi,itheku,0.416922,0.30544838
udlubu,uyasikhombisa,0.411617,0.49735653
ikati,inyoni,0.505318,0.5414264
kuchaza,sikaphethiloli,0.341015,0.31300464
uyabhala,unike,0.283192,0.21298303
abakwenzayo.,abahlanu.,0.4501,0.4688047
legoli,sezulu,0.32245,0.25706044
ethola,“ukuba,0.170383,0.2545851
semfundo,eminingi,0.235985,0.3989264
ithimba,ikhono.,0.47065,0.28785187
womnyango,kusize,0.248248,0.45888418
usipho,uyasebenza,0.522918,0.4424598
okumjabulise,amacountryman,0.421364,0.42223063
uyivakashele,ucolonel,0.567086,0.6542804
ilekelele,ikhipha,0.354546,0.369783
labesifazane,indaba,0.224555,0.38061285
kwakho,olukhulu,0.205605,0.19133702
izilwane,sifuna,0.3128,0.26097846
ikhompiyutha,ikhibhodi,0.674428,0.6613478
isipho,ngokwesiko,0.375644,0.19894083
ukondla,ukuphrinta,0.353615,0.2958811
ukuzibona,izikole.,0.244232,0.325721
sisebenze,uyakhuthaza,0.13486,0.2568617
uthisha,impumelelo,0.374754,0.20647942
amaphupho,amacala,0.42746,0.48556992
ezibheka,umakhalekhukhwini,0.235365,0.34907773
emoyeni,omubi,0.337118,0.36622635
baqhubeka,yokwamukela,0.147194,0.24418047
ukukusiza.,ukwesula,0.550127,0.35304433
abahloniphekile,abafika,0.426464,0.45916507
ithuluzi,iyaholela,0.278914,0.23552312
ikwenza,ngamandla,0.215655,-0.028939823
akunqatshiwe,kulena,0.384863,0.50968885
nothishonhloko.,isihamba,0.405902,0.47283986
eziyizinselelo,kubonakala,0.31596,0.39817104
zokhonzani,banxusa,0.242588,0.3279692
enhliziyweni,kuwo,0.322395,0.32607597
ulwandle,imifula,0.432405,0.13263047
kokubambisana,ekhuluma,0.281547,0.300624
uzofike,unosipho.,0.384777,0.447381
ime,ibaxwayisa,0.554699,0.34767243
utshele,ungazami,0.56179,0.61209166
ubambisane,uphuza,0.368384,0.23313591
kwalokho,yezinto,0.330647,0.3390281
i-garden,ibhokisi,0.574105,0.52399397
ungiphekela,ukudlulisa,0.259206,0.45861927
eminingi,obuhle,0.263384,0.23464285
ukhule,yalokho,0.202628,0.104086265
ibantu,ezomileyo,0.205363,0.14366725
ngefomethi,sasemgungundlovu,0.371915,0.4487489
izinsiza,izindondo,0.417787,0.44012904
inja,ihlosi,0.645906,0.37892917
emndenini,unandi,0.274465,0.23640648
kwesta,wavela,0.466931,0.09376995
inkampani,ingcebo,0.479069,0.51726884
abafundisi,isibindi,0.246034,0.23390046
ekhaya,wethu,0.278279,0.19234788
umfazi,abantu,0.302955,0.3930923
amasheya,idola,0.466362,0.28827038
ntencane,salubona,0.390662,0.3803444
engamfanele,ult,0.402668,0.28087145
ngamasiko,zibone,0.305479,0.07928142
isibhedlela,iselula,0.445525,0.44038942
no-29,ukubonga,0.226369,0.33724582
zidonsela,103),0.325563,0.40313268
uyakhula.,unodaka.,0.426514,0.5912128
babalwa,esolwe,0.325968,0.24565072
iqhawe,itshe,0.499747,0.43220872
udokotela,impilo,0.281067,0.12931326
abakhiqiza,abalekelele,0.400859,0.45705658
inyoni,iqhude,0.556787,0.4058411
babusisa,yabantu,0.210639,0.23435023
ezolimo,futhi,0.160985,0.16672873
amakhono,amabhodlela,0.330577,0.44082814
esifundazweni,ngakho,0.220279,0.21990204
bangene,bemiphakathi,0.193217,0.24642646
uyakhuluma,unasty,0.244887,0.24719596
amazambane,imifino,0.628629,0.3649955
ukufika,ukwamukele,0.457943,0.48121017
ecaleni,baqonde.,0.138173,0.41139504
emdlalweni,irichards,0.594943,0.3327539
icala,inhlamvu,0.462152,0.49015886
esiphakeme,umlimi,0.354615,0.32028162
udlondlobale,ziqedele,0.328589,0.5772845
abangane,bayizwa,0.297044,0.3151519
ukugula,imithi,0.263331,0.14450201
ngeqiniso,sucu,0.142968,0.10209425
akhanya,selidluliselwa,0.332601,0.5127864
ka-group,baphonseleke,0.378218,0.45137957
inyama,ukuphuza,0.409408,0.253848
brand,okuzonika,0.389365,0.34216985
ambalwa,umndeni,0.287426,0.15148923
udinga,unqamule,0.320909,0.5075914
ekapa,ngesikhathi,0.236929,0.18314084
wasemondlo,466),0.352215,0.3906585
kwakhishelwana,isinkwa,0.474746,0.6643783
umtapo,imfundo,0.192672,0.30593196
nobudlelwano,sibekwe,0.289942,0.35953668
umhlengikazi,ukugula,0.41502,0.27247316
bekhululekile,ikhona,0.260765,0.124509014
ukudlala,ngezinhlelo,0.218418,0.15422708
nangamaholidi.,lokuhlanganisa,0.233694,0.41393873
umrepha,ukhuni,0.457072,0.36271697
ulungise,wakho,0.470371,0.3045657
usalinde,u-anthony,0.61839,0.59061337
abaifunayo.,abahluphekayo.,0.51846,0.7047793
nokuhlala,ziyakhuluma,0.151021,0.021041265
uphatheke,sase-afrika,0.143186,0.22267343
ugcizelele,uzofica,0.439008,0.3055444
edlule,nomphakathi,0.289956,0.27369642
uyabhala,uyakabisa,0.539225,0.7289239
lizwe,zisencane.,0.200695,0.49264902
kwemfundo,lapho,0.217452,0.09611546
ezithandwa,oyimenenja,0.254875,0.35822365
bangangena,ngemikhiqizo,0.233486,0.39327562
wegoli,sihlangana,0.222743,0.30339247
inamakamelo,sithathe,0.378537,0.37120646
uhlangothi,uyajabula,0.298691,0.34955454
nsuku,yokusebenzisana,0.285822,0.19720966
elwandle,uyacula,0.397169,0.29808268
ugcine,ucedric,0.519906,0.6191292
bazakhela,yethu,0.260008,0.1918428
ehlanganisa,ivikele,0.199615,0.13099214
bomculo,nezingxenye,0.307549,0.28507438
ukwehluleka,ukuzithenga,0.336962,0.2962559
izingxabano,ikwazi,0.15068,0.23714505
ukuvikela,ukuhlabana,0.451285,0.534509
futhi,kweholide,0.162697,0.15066184
bathe,luhlobene,0.299109,0.34795642
isikhungo,isibonelo,0.379381,0.49100703
eliwu-sergeant,ukulingana,0.136896,0.121596634
nobuhle,zazigcwele,0.261914,0.42476082
bonke,ibalulekile,0.257882,0.07515919
imeya,inkohlakalo,0.603665,0.4543919
ezobulungiswa,wamaphoyisa,0.283687,0.32961023
uchaze,uphiwe,0.480061,0.29863384
emgwaqeni,ngokuphela.,0.181293,0.22736895
futhi,ubuciko,0.252151,0.06900047
edolobheni,ngesikhathi,0.216973,0.18936609
sivalekile,wokufuna,0.174681,0.2811654
ahlanzekile,noimisebenzi,0.348433,0.3733743
wasobuka,zonina.,0.363462,0.42005125
empangeni,waphuza,0.474111,0.33342585
941),kunezinto,0.121472,0.31455296
enkantolo,isikhathi,0.320398,0.32903576
ucula,ubafundisa,0.286811,0.39356235
bazimisela,futhi,0.262186,0.20654362
ngokubamba,zamazwe,0.416626,0.3387429
emcimbini,wabo,0.237406,0.21917197
iqhude,ukonga,0.398392,0.2810255
uthubeleza,ungalihloniphi,0.517006,0.5749571
town,sikhathi.,0.196982,0.5493232
ukwesekana,ukubhalwa,0.487672,0.43922374
umfula,imithi,0.380427,0.29714185
emsebenzini,udadewethu,0.185864,0.17653184
emakhaya,ngokukhuthala,0.298004,0.16160023
kakhulu.,uyaphila,0.33745,0.33051056
usambane,ugcine,0.538549,0.54176325
angu-18,ngamagalelo,0.180792,0.284125
wabo,zicoco,0.248863,0.1143198
ucolonel,usheleni,0.528726,0.48825717
kwabo,wendawo,0.310617,0.0844853
umculo,umthandazo,0.476691,0.5393279
uyaziwa,uphiko,0.419233,0.2673532
unqume,unzama,0.520106,0.5039059
iziphathimandla,kwesikhathi,0.271533,0.21221529
ongumdidiyeli,imindeni,0.098624,0.22369382
ixhunywe,ibhotela,0.602576,0.48535708
lwangaphambilini.,nanoma,0.438004,0.35095638
hlophe.,esemayville,0.415735,0.5631081
unemveliso,ulieutenant,0.484054,0.5571077
ekuphatheni,njalo,0.225594,0.24332596
ukucosha,ukuhlukumeza,0.599593,0.6193966
wezwe,zomkhakha,0.243073,0.345629
uhlu,uhambele,0.503022,0.5569175
elihle,onke,0.242577,0.074834004
idream,igijime,0.59139,0.663208
bakhombisa,izihlobo,0.265072,0.23394929
ukunqoba,ukuqedwa,0.483904,0.50965756
igundane,i-automobile,0.614975,0.70687723
unwabu,ubeqopha,0.599805,0.4162531
ithandwa,ingifikisa,0.27846,0.38821083
bamasiko,muzi,0.113936,0.36712635
ngenkathi,njani,0.287512,0.4417989
kugcwele,mkhakha,0.342514,0.28709453
inja,ikati,0.716051,0.3895355
elingangenisela,siyakhula,0.160582,0.29429168
ukuveza,ukuzibonakalisa,0.575797,0.5068165
ifuna,i-corolla,0.247524,0.47262692
ubisi,ucotshelelwa,0.525819,0.5805091
bezimali,r999,0.062998,0.257652
amandla,ndawonye,0.286885,0.23508537
isitimela,ukudlala,0.160865,0.47051758
ukuphumelela,usipho,0.384191,0.2034071
lwezokwelapha,945),0.257916,0.5963454
nozamambo,21),0.382771,0.5982055
esibhedlela,igodi,0.381647,0.29206595
ezikhundleni,buphile,0.164116,0.21390684
isinkwa,ikhukhamba,0.60433,0.5533344
anolamula,ekuseni,0.215624,0.27361757
umbiko,umqondo,0.520918,0.60083175
imiphumela.,nobukhazikhazi,0.127838,0.3857234
wokwenza,zobuchwepheshe,0.283234,0.21390964
womndeni.,ngezingubo,0.191945,0.24210793
izinsuku,izimoto.,0.320207,0.42694587
umtapo,ulwazi,0.275966,0.24924445
izikhulu,ingaphambuki,0.127556,0.23025666
nokuqondiswa,sobuntu,0.290017,0.31272927
inyoni,izinja,0.404454,0.45065188
entanjeni,limfanele,0.251472,0.23683783
emfuleni,inxeba,0.248167,0.31480163
bezijabulisa,emahlathini,0.431769,0.26386285
abathanda,balondoloza,0.210714,0.23588006
usezimele,ugqama,0.588015,0.64656526
umfowethu,uthisha,0.634324,0.61192054
ubebekwe,unina.,0.544726,0.48320463
emaphoyiseni,engwavuma,0.557001,0.55061847
zokusebenza.,owayithaka,0.147455,0.33504438
indiza,isitimela,0.515991,0.4776802
endlini,uphiwayinkosi,0.350666,0.25440186
liyibona,emikhunjini,0.37786,0.25793532
ukuhamba,ukufakaza,0.366067,0.52146316
endlini,namagugu,0.345153,0.25963312
nencazelo,wesifundo.,0.208856,0.3465802
amadoda,uzobonga,0.274555,0.22017132
eleqile,umgqugquzeli,0.299769,0.4098695
ufunde,unzama,0.356219,0.27067342
ukaze.,ukuzithoba,0.51504,0.34245807
yamaciko.,zokuzindla,0.197943,0.21262494
uhambo,uyasizakala.,0.403285,0.4262894
abasebenz,abazokwazi,0.359095,0.46007675
ukumsiza,ukubikele,0.561699,0.56482774
nami,olumhlophe,0.19795,0.2739305
ale,ziqhubeke,0.301157,0.3925217
abane,angu-150kw,0.221332,0.32344326
behlangene,uzinhle,0.29911,0.18048142
abantwana,amanzi,0.253211,0.27581382
amazambane,indishi,0.559993,0.4625591
nenguyazana,bazofakwa,0.375735,0.5035402
ezihlukene,ukulungisa,0.388833,0.3565832
enkonzweni,okukhulu.,0.298701,0.2343148
abaholi,esanele,0.264962,0.22539516
zokuxoxisana,imali.,0.171073,0.30183235
ukuhlasela,ukukuhlola,0.617997,0.6133806
zemvelo,zezenhlalo,0.334444,0.573042
nesayensi,sirino,0.385269,0.4303931
abakhiqizi,bazakhela,0.287218,0.2956793
uzothanda,usikhulisele,0.29515,0.31296295
ujabule,uqobo,0.395264,0.35493898
umbuso,indlovukazi,0.562418,0.46416867
uphiwe,sezitolo,0.339349,0.35796416
ezimbalwa,zezwe,0.338643,0.33428532
ngokuhlonipha,eqhuba,0.17583,0.4047442
ujeqe,usebenza,0.325202,0.38325062
ezahlukahlukene,ezibhedlela,0.227643,0.3953107
ubudlelwane,ukuthobeka,0.417247,0.3718131
abantulayo,abanekhono,0.468174,0.432733
bexoxa,ngomusa,0.402091,0.22310892
elimnandi,umndeni,0.360131,0.19413257
emgungundlovu,uyacula,0.396993,0.3298115
kucekela,zakhuluma,0.28238,0.5801463
ezizukulwaneni,ziyaphuza,0.228306,0.1309826
ababhalanga,babegula,0.469708,0.4412012
amasha,okumelana,0.368588,0.21436284
itheku,ihhotela,0.563196,0.4285258
unobhala,udidekile,0.527167,0.5270309
izinqgondo,izikhwama,0.35808,0.4550398
wumphathiswa,nasemalokishini,0.309832,0.31663096
obubandayo,uyaphumelela.,0.126326,0.19081645
amasiko,isiko,0.373795,0.474048
ukususa,ukuyenza,0.556233,0.46897036
ingane,umuntu,0.421953,0.251999
ezihlale,okuwusuku,0.145913,0.32752648
eshilo,uphiwayinkosi,0.397319,0.4452966
abantu,yempilo,0.249108,0.23729324
sizini,ukungena,0.452675,0.23303145
imoto,itekisi,0.430075,0.31384963
kwalokho,wasiza,0.453116,0.23607726
kugcwele,udadewethu,0.158926,0.09497579
inja,isiko,0.332869,0.55312216
emgungundlovu,izilwane,0.404093,0.35127366
abalimi,ngenhloso,0.23202,0.18342574
nongeke,noukudla,0.21841,0.45713815
imifino,ikhukhamba,0.530878,0.4722881
kusona,manager,0.364566,0.38233918
abasweleyo,bayazi,0.218622,0.1265074
1.,mncwabe,0.555734,0.44034258
abafundi,ngamasu,0.284818,0.2307901
itheku,ikhaya,0.226026,0.12207641
247),829),0.741913,0.9705068
ephenya,"ama-video,”",0.372256,0.4266218
unesi,uzilolonge,0.457483,0.39671984
apholile,ofundaayo,0.208464,0.33470324
ukugadlana,ukukuhlola,0.528947,0.6022601
uzokwazi,ulethe,0.462353,0.2518907
sakhe,imigomo,0.190081,0.23409007
uyicaza,usayine,0.622491,0.4337184
konyaka.,kukho,0.204313,0.26161513
uwuqholo,unosipho.,0.289889,0.42225155
isinkwa,inyama,0.465313,0.6214035
enhliziyweni,uyazithoba,0.382983,0.3382573
ucingo,umabonakude,0.544704,0.6251264
inkosi,umsebenzi,0.303028,0.2570366
899),hhayi,0.203981,0.2682843
bayiqonda,leli,0.278548,0.11556672
wedwa:,yobumnandi,0.312012,0.20348293
ngokubekezela,uyaphendula,0.344,0.40584105
ligi,bashayele,0.40541,0.30286434
sobunzima,yesikole,0.326825,0.11880859
abanakekeli,sezinsuku,0.353261,0.38017887
daytime,ikuthola,0.231619,0.2654671
ufuna,uyasaba,0.386546,0.34687963
ukukhombisa,ukungaqondani.,0.38275,0.41096047
angasebenzi,okushisa,0.251108,0.3655255
kokunye,kuye,0.412666,0.38994804
itekisi,ukuhamba,0.350888,0.37379393
isiyilokhu,isondela,0.551729,0.52963156
lihlonishwe,zonke,0.244743,0.23878711
ukwandisa,amaphuzu,0.221727,0.34477085
kakhulu,ukuthuthuka.,0.270536,0.15761937
iyabona,i-video,0.330469,0.34215695
iyabona,i-affinity,0.296896,0.33190578
uyaziqhenya,ushaya,0.327438,0.20709364
uyaphathwa,usedalule,0.338436,0.25064456
ijabule,ibiphuma,0.313093,0.2810504
usizo,u-amandlenkosi,0.240788,0.22088602
bavamise,ekuseni,0.212241,0.2632327
bathanda,izimfundiso,0.352476,0.22065563
ukuphilisana,ukubonakala,0.321465,0.2419789
bexoxa,ngezinhlelo,0.391248,0.4363124
uyalanda,ushiye,0.32462,0.18173733
unika,uwumcimbi,0.352211,0.32996693
uzocula,ucic,0.390016,0.20744695
uyaesaba,ubudokotela,0.332005,0.24733154
izindaba.,yenkosi,0.193273,0.34052014
umhlengikazi,isiteshi,0.208947,0.38654178
nale,uyijeqeza,0.383632,0.24813941
imeya,isizwe,0.306312,0.20512426
kwansuku,awu-19,0.241785,0.2763051
ukuze,ukuhlomisa,0.277645,0.16143133
ukuzenzela,kumele,0.065921,0.066482015
zokuphumelela,eyenza,0.10728,0.11384675
umndeni,abantu,0.398644,0.33425438
yabo,zinzima,0.308859,0.19055776
ukungcola,ukhale,0.503488,0.5428697
nomkhondo,semisebenzi.,0.215481,0.5244129
imidlalo,ukudlala,0.469441,0.3286337
ukhanyisile,ukudlulela,0.324711,0.3492227
ngezakhamzimba.,wabangani,0.172776,0.41454336
usbahle,uhlulekile,0.475857,0.40934926
unomfundo,uzophila,0.348387,0.2623677
imiphongolo,nginokwesekwa,0.211991,0.4519207
icwecwe,ikhwaya,0.581375,0.38271993
aphindisela.,ziya,0.196772,0.35157043
omkhulu,ukhule,0.252332,0.12273211
irobhothi,ibhayisikili.,0.55785,0.48691785
ukuhlanganyela,ukubikele,0.458258,0.4259309
ngiwuthisha,bephumula,0.110915,0.14625025
yakwamanye,ukushaqeka,0.46508,0.34507844
yasentuzuma,esike,0.484234,0.26867333
abanikwe,ese-seedling,0.319998,0.40611544
unakekela,ungahamba,0.40987,0.5089124
amazambane,umculo,0.346686,0.41798627
ayikathuthuki,kumenywa,0.36089,0.48377937
esitolo.,sebungenile,0.347419,0.50337476
iphesheya,ifuture,0.416259,0.17322665
endleleni,isikole,0.402411,0.3824358
wawo,abaseqenjini.,0.184005,0.31895334
nosomabhizinisi,nalokho.,0.300884,0.3078716
engahlolwanga,zimise,0.1886,0.34917885
ephila,ngendlela,0.3539,0.15216602
asekubumbananeni,izingubo,0.363754,0.32853413
udidekile,unginikeze,0.460248,0.52531743
uflavio,ubengakabi,0.635232,0.5925177
elikhulu,ingane,0.263655,0.33200824
ngenyanga,wajabula,0.430696,0.3443524
ukhuni,umdlalo,0.313602,0.087655924
ukuzindla,ukuzingela,0.613096,0.8838746
izinqumo.,izimvelo,0.441261,0.4956976
ubisi,isitsha,0.640431,0.5641306
umculi,ubuntu,0.154699,0.28210106
ububha.,ubabone.,0.493306,0.57667416
undlovu,u-anton,0.628914,0.5985902
unozipho,uyezwa,0.423021,0.32367423
ubuhlebezwe,uyakhumbula,0.593218,0.40398785
eziningi,zifundiswa,0.232324,0.29453632
bayaziwa,yomdabu,0.276473,0.3865738
ngibuya,oseyokwenza,0.395006,0.27294308
ukubekezela,enhlangothini.,0.228657,0.16476956
inja,ngokushortage,0.177641,0.05761128
amakhasimende,78),0.172092,0.56647074
kokuthenga.,bunjalo,0.270213,0.34405947
baphoxeke,okuthe,0.305291,0.13473183
unalo,ungaphumuli.,0.490346,0.4957528
amaphoyisa,isibhamu,0.580842,0.6015691
izitsha,omnci,0.519368,0.4309034
izinhloso,kahle,0.30588,0.18980414
ukwelashwa,ukuzokwethula,0.343015,0.3726093
nendawo,umnotho,0.228994,0.28847587
kuyacaca,ubongani,0.429679,0.2948935
ubuhlobo,uramagwede.,0.289302,0.29875958
iphepha,isiko,0.19206,0.19330594
obumbene,bachume.,0.259532,0.4198076
ibiveza,umndeni,0.260642,0.27241006
ukuchumisa,ukukunika,0.598591,0.4702518
uyazama,uqikelele,0.255456,0.35300377
unqamule,uzoqasha,0.448198,0.36905047
izinto,sasekhaya,0.182075,0.0026232323
athuthuke,sithuthuke,0.275638,0.32710096
abazenzayo,mbatha,0.182387,0.1956039
ukuthobeka,ukuqina,0.278431,0.34110108
uzofike,uyimvelaphi,0.331595,0.25280568
abaphase,abayiqonde,0.393052,0.32544696
uvamise,uthengele,0.403352,0.46333823
nasobhuqwini.,umdali,0.282466,0.24511592
idolobha,itheku,0.364266,0.18744102
ngiyizwe,ye-jazz,0.379194,0.32744372
sijulile,olumqoka,0.362661,0.39725
imali,ingcebo,0.428028,0.47994357
iwuhambo,ibhayisikili.,0.55515,0.5374155
ithi,ilanga,0.271848,0.23019971
abahambi,abayaye,0.472757,0.37823433
abaphezulu,abafike,0.332224,0.47325504
amasiko,ngesibindi,0.319582,0.3376686
izilwane,izinja,0.391061,0.5888156
ezinhle,wasemasimini,0.163894,0.051477686
kwabaqeqeshi,ngomuso.,0.325985,0.29978657
omdala,ukuze,0.337997,0.3021354
ukuhlolwa,ukushisela,0.47784,0.44193426
empumalanga,umngane,0.371372,0.28388953
inhlamvu,isiteshi,0.514569,0.47487515
ungaphazamiseki,ufika,0.555825,0.5139891
imiphongolo,elibalulekile,0.27074,0.24033713
249),“yilapho,0.227552,0.33029228
emaqandeni,ama-drive,0.428471,0.48200825
training,endlini,0.227361,0.24935281
abazenzile,ezinhle,0.328955,0.2378001
uyajabula,uthole,0.327466,0.33965084
ikati,izinkomo,0.39547,0.5005127
enhle.,unomcebo,0.310005,0.32250118
kwabafundi,okujulile,0.447815,0.3666286
eziqotho,ubuhlobo,0.224176,0.27124935
imikhankaso,mubi,0.264911,0.3759915
iqembu,ngokhuthalo.,0.206738,0.36050743
eyakwenza,ezikhungweni.,0.215002,0.3860392
omculo,wabo,0.29643,0.22653538
elihle,umasipala,0.358834,0.20286286
asebenzisane,422),0.125107,0.14900675
wedijithali,eziyisithupha,0.450666,0.72491056
nangaphandle,akayohlolwa,0.24078,0.36466676
ukhozi,ukuqopha,0.471911,0.29711735
inyuvesi,umtapo,0.482543,0.36838517
ukuxhumana,umsakazo,0.374502,0.30534247
odilikajele,nolusezingeni,0.282324,0.3847226
unike,ubufakazi,0.449041,0.2356377
ukulimala,ukubonga,0.317801,0.402352
uzocula,uzofika,0.682945,0.86691004
izingane,ulwazi,0.344797,0.16200118
uzame,uhlanganyela,0.326206,0.41970116
uyaphumelela.,ulinda.,0.607763,0.5933712
lomkhiqizo,nokusetshenziswa,0.2486,0.41833025
okukhulu,phakathi,0.29601,0.14963096
ihlathi,ulwandle,0.421062,0.2874034
ingane,isiteshi,0.232398,0.46693674
nangokuphelele.,ngo-2,0.199431,0.35726932
iphepha,ukufunda,0.257276,0.27486798
kuveza,zosuku,0.415516,0.4162472
elahlwa,awusenabudlelwano,0.344964,0.5314453
basimama,omakhelwane,0.286648,0.2566299
izintambo,izifundo,0.386541,0.49954224
ashayele,bhizinisi,0.338822,0.50639826
uzithele,ubudokotela,0.370623,0.35080686
ukusakazeka,enquthu.,0.345524,0.4132521
enhle,uyalanda,0.258861,0.2504878
eyayisefnb,rally,0.735326,0.40376315
inyuvesi,ukubhala,0.411546,0.2909417
ize,ibonakala,0.476326,0.19421415
ibaluleke,uyakhuthaza,0.313704,0.2893919
sezimvula.,zokusekela,0.162295,0.4510597
uyachaza,ubarns,0.25116,0.13042977
abazithandayo,788),0.154265,0.27880234
uthemba,uthando,0.319179,0.1893312
ukulimala,ukusinda,0.442697,0.477557
ulwazi,yomsebenzi,0.297246,0.06693529
uyajabula,uthandeka,0.513318,0.37922418
ifaka,ukungabi,0.322962,0.28410074
umfula,imifula,0.554375,0.515112
bengamfaki,siyobuyelwa,0.351392,0.49090385
isadayisa,mncube.,0.530071,0.38466224
ifunda,imu-x,0.148579,0.34248674
ibhange,idolobha,0.356635,0.55118245
usihlalo,udabuka,0.525172,0.46599218
isikole,ukufunda,0.375478,0.2927184
idolobha,isikhungo,0.311829,0.23607063
ihlosi,izinkomo,0.483189,0.46685153
ukusekwa,ukulwa,0.444776,0.41639546
obuthinta,labaculi,0.213326,0.38229686
amathuba.,amanga,0.55738,0.58959955
ukholo,ukunika,0.328321,0.30487618
unota,u-2023,0.640656,0.61767226
ukuziqonda,899),0.130031,0.25887883
elihle,ukubaluleka,0.332244,0.25220883
imifula,imithi,0.553297,0.6357678
ubisi,imifino,0.525244,0.37642956
zokungcebeleka.,yezemidlalo,0.172643,0.4196968
sekusondele,nemathematics.,0.446741,0.4335671
ukuhamba,ujabulela,0.360902,0.3051872
hambo,i-zoo,0.493084,0.6156493
izinja,ukuhamba,0.217828,0.31791195
ukufudumala,ukubonga,0.404195,0.510749
ukudla,itekisi,0.131262,0.12502755
edamini,enkulu,0.259651,0.24320012
sasemgungundlovu,philisi,0.375483,0.43844703
abantu,izithombe,0.156192,0.31081358
umculo,umculi,0.63152,0.7383448
kumasizini,okwenzekayo,0.295334,0.27890337
iqhude,izilwane,0.349891,0.4571971
sayo,sidinga,0.372117,0.48779932
banikela,sethu,0.246156,0.21389547
nesintu.,nokuphefumula,0.284465,0.43279535
enkonzweni,ifunda,0.363897,0.45580888
abawu-16,abawu-14,0.879304,0.9999791
uphiko,ulondie,0.672218,0.5018253
indlovukazi,inkohlakalo,0.643129,0.529197
emfundo,nemibono,0.16033,0.13747707
eliqhakazile,esidingeka,0.156756,0.1993797
755),ongazenza,0.230691,0.40911525
ungene,ucansi,0.482062,0.47811306
izwe,liyabazisa,0.381084,0.4505963
azizwe,umenza,0.615815,0.57851666
zikhiqizwa,likhanya,0.17225,0.13744308
amandla,ibona,0.272495,0.2241393
abakhayo,abambe,0.483277,0.5499706
udokotela,isifo,0.269108,0.19745184
bathole,ngezinga,0.344361,0.036515728
ibumba,ibiveza,0.455608,0.6099711
iphesheya,i-quad,0.439586,0.40505335
eyishumi,ezikhuthele,0.313915,0.2884302
azithandazele,yedemokhrasi.,0.202849,0.4439735
senkokhelo,idlalela,0.408533,0.47460812
baphakamisa,bezindlu,0.293542,0.29945183
ngokushesha,ongamisa,0.374894,0.3557035
u-2030,uvula,0.548211,0.5632525
njengezobuchwepheshe,kungavotwa,0.290383,0.28417957
nomalahle,kwafeyila,0.424898,0.48693937
nzima,umndeni,0.291322,0.0978771
ibalulekile.,iligi,0.277002,0.35037747
esontweni,ikusasa,0.237982,0.20375131
kwikhomishini.,ezidlule,0.222372,0.26619324
inyama,amazambane,0.471922,0.408664
usnenhlanhla,wabhala,0.585229,0.48494756
emishadweni,ngamaholidi,0.226887,0.30855834
inyuvesi,isivivinyo,0.40921,0.4035793
ohlwini,okufanele,0.420081,0.27870005
ezindabeni,uthi,0.220402,0.28764036
abayenzayo,izibonelelo,0.250195,0.40522945
emndeni,ukukuhlola,0.255309,0.10606642
ukunakekelwa.,ukulinda,0.423664,0.2806669
sibona,uyesaba,0.412404,0.42817217
eziphunyukayo,kwami.,0.34114,0.5190469
395),628),0.741729,0.96912974
zifumana,waminyaka,0.228023,0.18493612
indoda,ingane,0.506831,0.4627219
yokuzazana.,e-dut.,0.346846,0.61595774
kukandlovu.,zakho.,0.241463,0.58243775
amandla,isolezwe,0.187018,0.23171125
umgqigqo,umphako,0.457105,0.36436123
ucassper,"uhlabisa,odabuka",0.698306,0.494581
uwuqholo,uwoyela,0.368049,0.4775316
ngisho,izindaba.,0.238596,0.19557282
ilanga,noubukhosi,0.345543,0.17645507
macg,angisize,0.483232,0.1266804
bathuthuke,ngentshiseko,0.293799,0.06584155
udlubu,uzibusisa,0.445192,0.37957913
bayazizwa,"nawo,”",0.195829,0.2275656
babonga,esikhulu,0.281008,0.16120215
amahhashi,umculo,0.352835,0.43881854
kokucabanga,uyathenga,0.413111,0.34272107
ujanuwari,usma,0.532697,0.5017831
noma,zazenziwa,0.30146,0.36842698
baqale,unyaka,0.280002,0.33784682
ulale,uphathwa,0.297231,0.2783968
futhi,wokuthi,0.207595,0.07569683
imisho,zabathengi,0.184832,0.31322947
usumdala:,plan,0.493018,0.4315409
uyaphila,ungalahlekelwa,0.31082,0.33524984
ubhale,uphendule,0.593275,0.628381
i-bcom,ibhubesi,0.644243,0.56546915
asewenzile,akuchaze,0.407209,0.37051165
ojulile,wafunda,0.330351,0.23016039
izinyathelo,yokukhathala,0.297242,0.28963968
isinkwa,isincozuliwe.,0.702432,0.6813676
ezidingweni,ukufundiswa,0.236887,0.21317299
maduze,wahleka,0.554856,0.4148125
amakhona,bayacabanga,0.121029,0.22033235
makhono,wukumila,0.230733,0.3348589
ubukhosi,usale,0.295713,0.25760013
izimvu,amahhashi,0.485702,0.42966616
yalokhu,kuhunyushwe,0.275108,0.23172924
ubungazinakile,unodaka.,0.371327,0.53447735
bezemidlalo,ngokukhuthala,0.310835,0.079361655
basenyuvesi,yenhlalakahle,0.344317,0.22348465
lokuxhumana,nekhomishini,0.271806,0.3618576
kube,kubhekwe,0.291995,0.3863203
ababusisekile,abashadayo,0.384118,0.35384968
u-aden,ubukhazikhazi,0.620394,0.43653718
umfundi,uhambo,0.172138,0.2583593
imu-x,lolwazi.,0.292065,0.16330045
encane,konyaka,0.377815,0.37578052
bakhe,kanti,0.223746,0.08049391
lomhlaba,357),0.129393,0.31206095
neqembu,ukusebenza,0.122001,0.35270703
ubalulekile,uyahlonishwa,0.326901,0.22559407
uzothini,uqhawekazi,0.492297,0.3623207
ukuhlinzeka,ukuhlinzwa,0.757339,0.83029616
i-suspension,iwunqobe,0.779254,0.6579239
wokwakheka,324),0.19165,0.2654044
uveze,uye,0.347015,0.45699182
uthisha,umtapo,0.400586,0.4292827
ehlathini,noikhaya,0.293296,0.37164095
umvuzo,umlomo.,0.558904,0.547031
ububele,uqolothakamango,0.451201,0.41310862
emfuleni,kuyiqiniso,0.379658,0.2931288
aqale,waqhubeka,0.512219,0.22632736
amadodana,amasondo,0.335076,0.48629472
konyaka.,athakwa,0.223399,0.30560225
ithemba,ithawula,0.325085,0.4323382
umvuzo,nodumo,0.223049,0.4648
ohlala,kuqinisekiswe,0.186122,0.17319623
ukubhala,ukufunda,0.458347,0.4292074
emalokishini,isikhulu,0.199089,0.12759815
ikhukhamba,ukuphuza,0.554305,0.24811612
uhlale,uzakhele,0.299007,0.3272328
basebenzisana,zezemidlalo,0.320837,0.14425324
uphephile,uyakhula.,0.268378,0.20904955
izinto,wakwazi,0.209097,0.06656621
uzocula,ugqwaba,0.457199,0.33799496
amazwi,yokungcwaba,0.11492,0.35121924
afrika,yesintu,0.258918,0.23467089
unhlanhla,ubona,0.463249,0.5144513
bayafunda,obuhle,0.403534,0.35041174
idola,amasiko,0.180474,0.31864756
abanumzane,abangagcini,0.329272,0.3624765
amasiko,ubukhosi,0.30046,0.26200062
ujeqe,ushelela,0.336947,0.3433684
lalo.,kagrade,0.366689,0.5196553
ukuhlalisana,ukucwaninga,0.376777,0.37103912
ziphile,nangokukhathalela.,0.222248,0.31032464
ngojulayi,wejammin,0.687929,0.47170764
uphephile,unhlamulo,0.321076,0.42951444
inyama,ikhukhamba,0.503381,0.45189628
ukubona,ukubikele,0.47157,0.5847036
ingqalasizinda,inkundla,0.389559,0.46984774
ucele,ubabone.,0.510866,0.3466042
uyahlola,umemezele,0.222407,0.32071656
indlu,owesifazane,0.328724,0.44913378
uqinisekisile,usesize,0.552622,0.405909
useko.,uhla,0.432872,0.32741264
ukholo,ukuhlonishwa,0.421173,0.39298347
ezobulungiswa,uhlelo,0.34697,0.36643198
imifino,isifo,0.305854,0.5841651
afrika,bayagijima,0.30745,0.19713557
ye-anc.,bayazikhandla,0.184664,0.34926233
bayabona,esikubonayo,0.343905,0.24804606
ukuphrinta,ukhwele,0.594237,0.45321754
idinga,kwezinhlelo,0.311595,0.24369802
isinkwa,imvelo,0.229391,0.22716723
abawenzayo,abakufisayo,0.38617,0.30638123
emihlanu,imvelaphi,0.267732,0.33315852
ngezifiso,egcwele,0.190254,0.33058536
830),adinga,0.124907,0.43408498
uhlale,unazo,0.377265,0.47490534
nomdlalo,sekunezingxabano,0.323872,0.40394273
udokotela,zemicimbi,0.32994,0.3348161
impilo,kanzima,0.265687,0.18430902
besimanjemanje,elimangalisayo,0.338,0.3926616
uthandeka,ububele,0.309444,0.38453916
yalo,yesikhathi,0.101979,0.154628
ungakwenza,uyawuthola,0.493038,0.38273805
usikhulisele,ungeneme,0.264664,0.52615184
unesi,ujabulela,0.363104,0.29517514
umndeni,impilo,0.243451,0.10581598
ubuso,usafuna,0.554668,0.37628657
endaweni,ziyathanda,0.301009,0.35002953
ukuze,wayo.,0.172044,0.11675835
futhi,wokunikela,0.274958,0.015006599
ukuguquka,uyapheka,0.409883,0.30318287
unokwanda,uthanda,0.365305,0.42690834
banokuxhumana,baphumelele,0.332006,0.37199694
esikhundleni,yadala,0.298971,0.42968196
umasipala,indlovukazi,0.465037,0.42484814
e-icc,lwabavimbezela,0.459727,0.4114228
umfundi,ukubhala,0.295112,0.26882887
azinikeze,ziyamthanda,0.489203,0.40544465
njinji,lwasekuseni,0.430509,0.28296518
badlala,nemithi,0.086681,0.19741291
ujeqe,ulungelo,0.503684,0.49415588
isilima,yokuhlala,0.156234,0.15628265
esiteshini,lwekhaya,0.375714,0.36855024
izimvu,izinja,0.507948,0.6073994
zenziwe,nokusekelana,0.111058,0.1480432
bemibono,nathi,0.126063,0.19333662
zabosizo,kokulala,0.218594,0.2940413
ukwenziwa,ukwandisa,0.309825,0.28990176
unompumelelo,uphakama,0.300318,0.22945525
ngehora,ugogo,0.358277,0.3208549
abafundi,ukubala,0.236821,0.21609212
ku-n3,phuthume,0.636136,0.43173465
okuyisimangaliso,namakamelo,0.088584,0.2255932
abangena,abathi,0.38354,0.25251827
211),angcono.”,0.272017,0.3736228
utshani,uvumelene,0.373259,0.39878237
lesonto,othanda,0.254006,0.39129558
bayakhuluma,ukuguqula,0.342597,0.48077363
emdlalweni,kwimarumo,0.604946,0.44368345
ezinhlelweni,zokuvikela,0.521955,0.37673786
enquthu,izinto,0.288752,0.19495621
kunomusa,yakheke.,0.251449,0.29915756
umrepha,indlu,0.254811,0.41656587
uzobhekana,ungqondongqondo,0.427093,0.3202913
baqhubeka,okukhulu,0.28197,0.027960094
izingcweti,206),0.123755,0.22850853
lelo,okusebenza,0.232567,0.31524944
eyodwa,195),0.307925,0.3458379
njengamanje.,u-matric.,0.316767,0.59612274
zindlu.,ucic,0.334697,0.3823713
abantu,ezifuywayo,0.255134,0.27618086
ikati,ihlosi,0.754807,0.5789171
zekhono,819),0.148967,0.40603
usithole.,unciphisa,0.429699,0.46842447
iveni.,i'm,0.468377,0.34671202
ibhotela,ubisi,0.644596,0.4271885
iziphathimandla,izinso,0.425762,0.44785625
bomqondo.,enhlangothini,0.394518,0.3232719
amaphupho,wethu,0.353098,0.2628878
abawenzayo,befuna,0.327299,0.31978542
usiphokuhle,uboya,0.579129,0.38396582
uthenge,usufonela,0.434761,0.4211427
ime,iyasukuma,0.552282,0.26995358
baphatha,hhayi,0.308409,0.34214258
iqhude,ihlosi,0.58724,0.450213
ibhethri,izolo,0.166641,0.30407393
umfundi,incwadi,0.352329,0.35025096
amaphoyisa,inhlamvu,0.558809,0.4251782
661),nezinyoni,0.190016,0.40189585
kunesidingo,ngokufanele,0.359164,0.011510769
manje,zakho,0.332192,0.22045855
inkungumathe,inezinto,0.416549,0.5230662
ibhange,inkampani,0.612764,0.7014961
umane,umthwale,0.553228,0.5423222
ayo,kudlalwe,0.420235,0.3332696
izithelo,izitshalo,0.410853,0.54750407
abaswele,abangena,0.28767,0.37990025
umculo,unomusa,0.509477,0.5191833
ephikelela,ngiyathemba,0.144998,0.34884235
ukhuni,umfula,0.356078,0.16339213
anolamula,inja,0.398676,0.39996126
aqale,evele,0.585955,0.5554409
emizamweni,ezithelwayo.,0.163814,0.2967902
ukhuni,ucingo,0.440266,0.38938633
ngokuzimisela,ukupha,0.404575,0.18320125
izilimi,izibhedlela,0.470602,0.45764917
encanyana.,amanyala,0.243171,0.5316331
ukubaleka,ukuphumula,0.371248,0.13493182
ukuxoveka,ukulivuma,0.499718,0.47973812
aqine,227),0.245281,0.5033169
iwest,itoyitoyi,0.785632,0.5626307
uyabekezela,ubunhloli,0.398997,0.4417717
imeya,umasipala,0.419928,0.20231088
amantombazane,533),0.187305,-0.0020943172
kwabanjwana,ezehlukene,0.32665,0.4163262
ezinkingeni,idolo,0.404478,0.4260622
yesikole,uyeke,0.143452,0.1900739
idolobha,isiteshi,0.423893,0.44035995
ngenyanga,okwengeza,0.287073,0.2902105
isihlahla,isho,0.384634,0.4600266
mathematics),ngesteam,0.723718,0.54118645
ongasho,elimangalisayo,0.221963,0.46096674
unoxolo,ungaqhubekela,0.416404,0.48305964
ugesi,uhuru,0.409984,0.5724471
mgqigqo,phone,0.447781,0.4027042
baphila,352),0.139022,0.20694007
esimnyama,ngokwethembeka,0.178971,0.24211618
impilo,yini,0.215746,0.23081106
abasebenzayo,ababhekene,0.349531,0.27965543
amaqabunga,amafilimu,0.587219,0.6360107
abangayeki,abalaleli,0.519654,0.4891708
wami.,enento,0.303985,0.25328794
ngokuphelele,abehlangabezana,0.108002,0.24729457
uyesaba,ubebekwe,0.387934,0.35033932
uyavuka,ubudlelwane,0.264477,0.19974037
namagugu,zibone,0.369427,0.2144028
abagibeli.,abayitholile,0.398111,0.4658692
ngombhikisho,adult,0.536461,0.5242724
babekezelela,amalobolo,0.198153,0.28810525
izindlini,izinkinga.,0.329168,0.41074374
uyafundisa,baqeqeshi,0.147197,0.2637444
kwezwe.,nazo,0.412591,0.3871169
nezinkinga.,uphatheke,0.241553,0.3026377
bawagcina,kobuholi,0.385174,0.35343117
ngemva,unyaka,0.441985,0.51208776
uyajabula.,uyogubha,0.338182,0.4619443
bazibophezela,bezempilo,0.277756,0.3042065
ibhethri,layo,0.49687,0.39173552
bayithanda,ngenxa,0.319644,0.22581886
zigubha,omlekelele,0.187382,0.3358409
umfundi,ukufunda,0.32846,0.08790514
nezingelapheki,elibhalwe,0.188034,0.3593163
ubalulekile,ujabulile,0.250039,0.46883377
ukudla,amazambane,0.319545,0.33545184
ubumpofu,ukuzithenga,0.341567,0.40536526
uphephile,usbahle,0.270832,0.29845524
esihamba,iseyinde.,0.529498,0.47572604
zobudokotela,nokushesha.,0.222018,0.18741411
oqeqeshiwe.,sezingeni,0.235425,0.17964838
enquthu,sa,0.234866,0.2941127
iqiniso,404),0.236951,0.18433924
itiger,ivehicle,0.741109,0.66452503
163),iyawa,0.241216,0.3348049
umotala,umnotho.,0.420508,0.5290117
kujabulisa,ukuze,0.211903,0.27764782
ikhaya,ngomfutho,0.218551,0.12822667
alo,kuvuleke,0.500967,0.36614516
abanye,udadewethu,0.185471,0.17543598
izwi,izivakashi.,0.265213,0.25175187
ushaywe,ungowomndeni,0.534781,0.4538394
uthando,unginikeze,0.208462,0.14019437
isikhathi,ukuzinza,0.286659,0.3609896
emfuleni,ngendlela,0.185331,0.23924409
ukwedlula,umcimbi,0.429338,0.35971767
uhlabisa,uhlinzeka,0.516721,0.5865317
ithuba,iyona,0.381174,0.4465878
ikhompyutha,iculo,0.441062,0.5017717
izinkampani,ukubaphuca,0.199967,0.22867338
wolwandle,sizogoduka,0.328601,0.40098494
bayazihlolela,kwengqondo,0.146907,0.3660585
wazwakalisa,kwabaningi,0.278673,0.31207496
enquthu,okwamanje,0.574085,0.5556124
usukuqonda,uphuze,0.504449,0.24501783
uyambonga.,uzitshele,0.375058,0.20604466
usihle,uthishomkhulu,0.479638,0.5168189
ihlathi,imvelo,0.322435,0.23253864
lapho,waphendula,0.238188,0.1628665
ngizokwandisa,uyaphathwa,0.21477,0.17699711
izinyembezi,izinhlaka.,0.475023,0.7136985
nephysics.,iport,0.531292,0.46949705
unxusiwe,unqume,0.658493,0.62125003
sabalandeli,imimoya,0.288974,0.2149842
kulezo,umdlali,0.23911,0.32020855
zazinzima,inkabi,0.206203,0.38772362
bomphakathi,yeziteleka,0.247374,0.37880188
sikole.,kokulwela,0.2914,0.26805723
amanzi,imvelo,0.334287,0.2352231
izincwadi,izitshalo,0.299344,0.4279332
ubambene,ukuphila,0.300613,0.23678415
ubaba,usizwe,0.433825,0.49249986
enkulu,sithe,0.146271,0.19004357
umholi,izakhamizi,0.095642,0.483363
state,nezinga,0.223491,0.379361
ukuzimela.,ukukhiqizwa,0.353913,0.40034658
ojabulayo,waphendula,0.392879,0.4263656
ngalo,bathuthuke.,0.132946,0.34178266
baxoxe,liyathandwa,0.161226,0.28113654
buhlale,ngobuhlakani,0.383974,0.12751319
ilungelo,kowesigaba,0.263078,0.29864278
izigcawu,izifo.,0.45221,0.3172607
kaningi,ukwenza,0.341375,0.21271728
nezinga,obuqinile,0.163626,0.23691075
igroovers,idlale,0.604042,0.4324426
yesimanje.,esifanele,0.223716,0.31914082
ukuvikela,lasesoweto.,0.255167,0.2779438
unike,nakwamanye,0.388687,0.40830222
kwatransnet,busondele,0.350086,0.3630939
abakhuliswa,uhlezi,0.133906,0.3686277
nafunde,zesayensi,0.235049,0.33741307
ulwazi,impumelelo,0.237566,0.11277169
tekisi,kwakuwuxhumanisa,0.368583,0.21366367
inyuvesi,iphepha,0.434628,0.4402839
iqembu,i-zoo,0.429467,0.46207392
umndeni,umuntu,0.391477,0.299864
uyabekezela,uwubudlelwane,0.273317,0.19742735
bephelele.,bes’thende.,0.356061,0.68094105
useshaye,emkhombisa,0.34999,0.3805025
kosomabhizinisi,335),0.243103,0.089585125
izilwane,izimvu,0.419633,0.5467703
abaseduze,abandayo,0.476837,0.41199467
bengikhokhela,nowillies,0.432484,0.36457425
enewcastle,wakubeka,0.341163,0.27294338
iqhubekisele,ifortuner,0.546657,0.5476852
umrepha,amaculo,0.433969,0.40601933
uxhumana,ujose,0.486004,0.300713
ukumiswa,usumdala:,0.336777,0.4337684
amahlosi,siyathuthuka,0.103966,0.3044187
omakhelwane,waphendula,0.34796,0.37339586
iziphazamiso,izitha.,0.469976,0.44883373
nodonga,nezingozi,0.308795,0.25229764
izingwe,iziyalo,0.548976,0.48668844
amandla,zolwazi,0.228062,0.07701563
uhlu,unolwandle,0.306718,0.3376599
nokubambisana.,yicebo,0.304289,0.3356845
izikhukhula,zokondla,0.251563,0.22475009
impilo,ukugula,0.250112,0.1842427
uyathenga,usenona,0.325889,0.2987617
bayinikela,bendawo,0.294864,0.3219437
ukuhamba,ukhuni,0.327932,0.34419546
udokotela,ukuze,0.311211,0.19769366
idurban,ivikelwe,0.485208,0.3245601
kwenyanga,zemicimbi,0.364348,0.33737007
unezinto,unomcebo,0.272716,0.3054972
ngesandla,ikhwehlela,0.20726,0.26293126
ukuthola,ukukhiqizwa,0.319325,0.297308
ebusika,wendawo,0.174135,0.1716451
unikwa,ushukela,0.451052,0.24402449
zesonto,i-african,0.21255,0.43771118
sinjalo,akunqatshiwe,0.488775,0.37102777
emasimini,enkulu.,0.30555,0.23471536
uzojabula,uwumholi,0.397182,0.35479754
abahluphekile,ababhukuda,0.317068,0.40978116
ukuqhamuka,ukuhlunga,0.450506,0.35803893
benamanxeba,sekucaca,0.664908,0.5170194
okwenziwe,omama,0.262485,0.16758326
olifunayo,weconfed,0.335195,0.34060657
indiza,itekisi,0.463017,0.48884743
ngubane.,sithume,0.413701,0.32876137
bezinto,ngoba,0.229001,0.19987775
ubudokotela,ufake,0.52177,0.42212054
nesithunzi,ngomoya,0.256004,0.14500739
abanamakhono,abangasenayo,0.502364,0.44891524
indiza,ukuhamba,0.456382,0.40791354
empumalanga,izintombi,0.290859,0.2954176
asalelwe,ahlukaniswe,0.488962,0.45750213
kanye,okuhle.,0.219946,-0.027472194
inkampani,isifo,0.343174,0.5501036
isidingo,ngobuqhawe,0.247362,0.12365519
ugqama,ungisize,0.511944,0.3797164
ukulawulwa,ukuwela,0.648762,0.5161446
ucolonel,uzihlalele,0.526934,0.56791043
abantu.,533),0.134523,0.11343837
ababusisekile,sezinsuku,0.411065,0.43982726
uzobuya,uzothola,0.714111,0.749058
bezinto,kuholele,0.113149,0.26340154
uhlela,ufeza,0.230665,0.4342957
emsebenzini.,indlu,0.237978,0.15829585
ukuqeqeshwa,ukushesha,0.339362,0.2748457
usebenza,uzoqhubeka,0.331597,0.24113043
usizo,awupheli,0.159612,0.14336632
inhlonipho,ngasekupheleni,0.286476,0.38824847
imifino,ukuphuza,0.441723,0.2813952
uyathengisa,uukuthi,0.285085,0.14085034
ikhompiyutha,wehlise,0.263677,0.45674956
iciko,iyahleka,0.427581,0.34911674
laseningizimu,obuthinta,0.371441,0.39424875
sokuhlangana,zomphakathi,0.419094,0.3966285
ngokudayisa,kwi-uj,0.528696,0.29395026
inabasebenzi,intengo:,0.46404,0.48474264
united,uhlezi,0.405336,0.414096
ngentokazi,wenzeka,0.233849,0.254226
ezijulile,bawenze,0.168171,0.11441107
bomculo,zidle,0.123952,0.09066394
isigaba,isiyakhuthazwa,0.554476,0.53549755
okudutshulwa.,amasha,0.272195,0.25283706
ekhethekile,khona,0.297872,0.11945501
ophuphuma,umthokozisi,0.377108,0.22726142
isitsha,indishi,0.515432,0.51232356
ukunakekela,ukuphefumula,0.318936,0.22281012
nabanye,wakwethu,0.238435,0.15406787
ziphelelwe,ayehle,0.321051,0.35852435
ezintabeni,wesaba,0.359584,0.3620876
ngokuthula,ubhuti,0.332978,0.26809418
iyahleka,iyadlala,0.637973,0.728568
lihlale,njalo,0.255664,0.23983532
ubunye,untencane,0.432305,0.37584436
unikwa,u-gearbox,0.536863,0.30545932
zivuleka,bazijabulisa,0.298278,0.3104287
abancane,imfundo,0.29597,0.21301314
emgwaqeni,iphethe,0.16219,0.1387285
umndeni,itheku,0.123635,0.05983058
ukuhlinzeka,ukhuthaze,0.377201,0.3555112
futhi,998),0.094266,0.19511636
kunomthelela,uzolivuma,0.294302,0.3657837
luyilifa,nekusasa,0.322828,0.275444
kuqinisekiswe,i'm,0.392724,0.26327664
ubaba,uzobusebenzisa,0.328432,0.37893653
ulindiwe,usebenzile,0.385655,0.36873406
exolisa,kwibhonethi,0.472058,0.3968436
kumele,yakho,0.324298,0.13908216
eshilo,umthokozisi,0.411485,0.47770503
esephandle,baphiliswe,0.139188,0.17272906
ababili,bebexhunyaniswe,0.610934,0.30984843
emsebenzini,yemfundo,0.238067,0.108981594
banikwe,ozayo,0.323877,0.24439634
bejabula,endlini,0.377043,0.31346348
umoremi.,ngabasondelene,0.466919,0.447839
ukubheka,ukukholelwa,0.397057,0.36009616
kweklasi,ukwenza,0.284635,0.2578919
usizo,unakekeleke,0.228889,0.2850478
bese,siyehlisa,0.310931,0.32089153
iphepha,ukubhala,0.544924,0.47073442
bayizwa,bendawo,0.304091,0.2487957
iqhude,izimvu,0.408276,0.35399348
esiphakeme,uyakhala,0.373495,0.3332794
babuza,ukuphila,0.339387,0.14822918
ngendlela,yesikole,0.294658,0.16015124
amazwi,ebuya,0.343034,0.28321156
budla,izinselelo,0.164012,0.15521257
uzwa,ulozolo,0.528786,0.49874687
wukumila,zifunda,0.248779,0.38925785
ukwesekwa,ukhuni,0.473178,0.38451874
ubathintile,esethenge,0.395187,0.48156708
iqhude,amahhashi,0.517567,0.51275855
icertificate,i-anc.,0.823881,0.7061753
bafeza,umuntu,0.304,0.34950888
ubumane,ubulele,0.629299,0.55484545
namalungu,zesilimo,0.290234,0.28713703
isinkwa,isitsha,0.682223,0.68735415
elwandle,ibhokisi,0.198611,0.3266352
aziphase,yomgwaqo,0.30976,0.378729
besebumnyameni,408),0.233771,0.4549286
ukuqoqa,ukujwayela,0.520543,0.52394336
ibhalansi,kuningi,0.303423,0.31597328
imali,ibhange,0.487093,0.4691822
ukuze,uwela,0.2981,0.2190132
lwethu,umqhudelwano,0.252234,0.36913773
ukubaleka,ukuqondana,0.473556,0.38474086
no-cucumber.,kungisiza,0.361098,0.4261226
uyakhula.,usizakale,0.258831,0.29215133
iye,ibonakala,0.430526,0.19638129
zikagesi,bayazivuna.,0.28676,0.23229893
zokuqeqesha,ogwadule,0.355751,0.37355188
ukuhlinzeka,ukuhlomisa,0.587512,0.676635
lapho,omuhle,0.342139,0.18427092
uhoxisa,uyawuthola,0.46491,0.34463346
umdali,ngingayikhiphi.,0.281663,0.34618407
njalo,yethu,0.182835,0.13720651
unokufa,usbahle.,0.476075,0.44650418
itoyitoyi,iphumule,0.373072,0.22457375
ihlathi,amanzi,0.413225,0.33012545
abakhuliswa,alunasimilo,0.132705,0.29845458
nobuhle.,owadlalwa,0.309591,0.1947955
izingozi,izixazululo,0.536586,0.6005693
wamfikela,kungasho,0.367746,0.33700767
zomdabu,ezihlanganisa,0.287261,0.38540488
ubudlelwano,usuxoshiwe.,0.454868,0.6244021
isitimela,itekisi,0.508638,0.51642203
ehlobo,wasekhaya,0.307257,0.36110207
bazibophezela,enkulu,0.194637,0.06444468
ukuchuma,wabuka,0.155752,0.22438043
kubheka.,zokubonga,0.278309,0.3175638
inkohlakalo,isifo,0.434279,0.5632352
uthabo,uwashiye,0.313617,0.4301305
useshayele,ivikele,0.400126,0.45972845
bokudla,kwemizuliswano,0.380348,0.32596657
notamatisi,incazelo,0.164773,0.26516697
kunanamuhla.,emandleni,0.169669,0.31707257
kancane,uyacabanga,0.310721,0.2073846
(isisho,691),0.675457,0.36339983
eminingi,imfundo,0.250837,0.18864414
ukuyilawula.,ukhuthaza,0.318575,0.28643438
ibanika,igada,0.334829,0.4277431
ama-drive,asikho,0.373247,0.2721554
noikhaya,okukhulu,0.236985,0.2798574
ihambe,iphimbo,0.473797,0.48387223
icwecwe,umbhalo,0.476414,0.37479934
isizwe,zokuthutha,0.18005,0.24210708
bakhombisa,ngesivinini,0.082005,0.105371244
elithandekayo,ngokushesha,0.262902,0.101176895
“umculi,kuzosisiza,0.239284,0.42403403
umdlalo,ukudlala,0.376623,0.33305734
iminyaka,njengoba,0.344616,0.3158451
lwendlu,labafundi,0.28245,0.24098186
wahamba,wakhathazeka,0.712811,0.79263616
baqhubeka,zesizwe,0.303563,0.2677747
elwandle,uyazi,0.340495,0.23045783
umfazi,mfowethu,0.404832,0.3806066
esiteshini,ngakolunye,0.519213,0.52989084
ubabone.,ubeqopha,0.478537,0.3075825
ukonga,inkampani,0.504919,0.36297387
abagcini,imisebenzi,0.241506,0.21014695
futhi,iyajabulisa.,0.345936,0.36218077
isinkwa,amazambane,0.508322,0.31034946
ibhange,ufuna,0.366529,0.23833232
umfundi,zokubhala,0.23985,0.30913326
ukusho,ukubuyela,0.457449,0.38433477
usmomoza,ubandakanya,0.441485,0.4530503
umsakazi,ebalulekile,0.195618,0.30169687
izinyanga,ongakwazi,0.35735,0.28192213
ubuyise,"uphephile,akulimali",0.485377,0.34748486
inkinga,inkanyezi,0.428775,0.4527857
izinzile,izinhlanhla,0.494049,0.62969965
uphiwayinkosi,ujaji,0.278188,0.50223374
ubize,mhla,0.478313,0.34931156
emikhulu,wasekhaya,0.311782,0.37697515
endleleni,indlela,0.287481,0.33673114
yokununuselwa,kusemqoka,0.393283,0.3951278
ulindiwe,usheleni,0.39556,0.44884995
umfundi,impumelelo,0.341025,0.22527614
ubuzwe,uyakhuthaza,0.308546,0.17146198
ungadlaleli,usewole,0.618628,0.56297094
eside,zobuchwepheshe,0.245426,0.25756398
elikhethekile,ngamalengiso,0.135534,0.07102142
ukuhlonipha,ukwesula,0.419079,0.44000334
umandla,umandla,0.461612,1.0
noma,wakhuthaza,0.367966,0.23926459
ushintsho,usale,0.444841,0.51598614
ukunakekela,ukukhuluphala,0.397008,0.325984
oluhle,uyakholelwa,0.324696,0.34186953
ikati,ilungiswe.,0.47052,0.48022848
amafayela.,okungahambi,0.253046,0.3561287
ukudla,ikhukhamba,0.364503,0.20633124
uthanda,uzandile,0.314028,0.3687921
imfundo,uzinhle,0.287846,0.0028114528
amakolishi,381),0.198308,0.411799
utholwe,lumsebenzi,0.267965,0.31520808
bezinto,emsebenzini,0.197388,0.13670185
uflavio,usiba,0.495997,0.39813378
ikati,amahhashi,0.407986,0.5038366
ezifundweni,ithenga,0.197344,0.25379246
wayesefuna,ivulekile,0.313512,0.30291137
usjava.,ungakhohlwa,0.511459,0.52507496
kokuthola,abadlali,0.185087,0.14623354
uyalanda,uxhumana,0.324605,0.05267848
namaphoyisa,nangaphandle,0.158129,0.34613317
ufihlwe,u-100,0.723237,0.68451303
ithemba,umasipala,0.299033,0.31037614
inyoni,isifo,0.197906,0.46333373
ikakhulu,lula,0.285079,0.27581227
befunda,ubuntu,0.294906,0.22498274
abasolwa,isiteshi,0.511047,0.5333148
kwanda,ikulandela.,0.320824,0.4394247
ufunde,urefilwe,0.262916,0.39718726
ucebise,unikwa,0.517936,0.30388305
abathumelele,uhlu,0.428093,0.20549898
bayihlonipha,emasimini,0.305037,0.15187931
ugcine,zokukhonza,0.133592,0.3461503
ayahlanganisa,nasohlelweni,0.189013,0.23358706
sechele,baqhubeka,0.111293,0.2349289
ebusuku.,ukukhohlwa,0.253701,0.4418161
into,kakhulu,0.270246,0.18865833
amasiko,yokulandela,0.312155,0.116348386
baphila,wezempilo,0.217948,0.00660435
ukuzicebisa,ukulekelela,0.4957,0.4215422
isikweletu,amasheya,0.499792,0.5083323
enew,ngokubona,0.162171,0.14280082
baseningizimu,okubambisana.,0.353614,0.13176711
ulayini,ugweme,0.486215,0.5489298
noncibijane.”,isikhathi,-0.011614,0.20433769
yakhuluma,kudingekile,0.160355,0.34936708
labazali,umlungisi,0.40183,0.27929914
usondelani,ubambisene,0.358617,0.4081016
uyaphendula,uqinise,0.405738,0.20257123
izimpilo,eshibhile,0.10164,0.2971438
entabeni,esikhethekile,0.281674,0.16408868
kokuphumula,nyaka.,0.232308,0.1487513
unezinto,uyakhulekela,0.344601,0.29140547
ngenyanga,uyakhala,0.340827,0.24766386
uphunyuke.,uzobhekana,0.575152,0.35332158
besanda,ubuthelezi,0.510054,0.46444854
uyahlala,ubuwenziwe,0.280351,0.13473037
likamasipala,wayibeka,0.260871,0.45834816
indaba,yobumqoka,0.299045,0.113060765
intela,inyamazane.,0.526966,0.4603291
ukuphola,ukuzibonakalisa,0.380191,0.2773017
indalo.,ingashiyi,0.203095,0.35824722
basemlokothini,zakojapan,0.124337,0.29686508
bakhe,yonke,0.211955,0.1455314
uvusumuzi,ubuza,0.58361,0.253333
bethumela,zokuzindla,0.225642,0.18783629
uzosiza,msakazo.,0.251444,0.44965166
lokhu,noluphelele,0.331026,0.16559967
indoda,umfana,0.647595,0.73177063
ibhotela,ukuphuza,0.469083,0.153632
inyoni,izinkomo,0.562139,0.5421973
uqonde,uphethiloli,0.473031,0.46196422
uyekelela,ugrade,0.337832,0.3343214
sizibona,abantulayo,0.302943,0.28286788
indiza,icala,0.232269,0.5084513
cruise,ubuholi,0.327892,0.22688036
inhlonipho,ingoba,0.316316,0.28447488
ukuzicebisa,ukuvimbela,0.60887,0.5749065
ucabanga,uyasijabulisa,0.467842,0.42451715
ubryan,ngamaphutha,0.345075,0.30803087
mchunu,ukusebenzela,0.164103,0.097775996
uzwakale,ujacob,0.487515,0.48625988
baphila,bezikhungo,0.241066,0.1043414
nagcobho,wavezwa,0.462769,0.30774957
yokupholisa.,bazijabulise.,0.272196,0.55503386
elikhethekile,noikhaya,0.309115,0.38300148
afrika,idolo,0.368833,0.26953283
ibhange,ukonga,0.450667,0.3065167
ezungezile,brake,0.318652,0.47965342
unozipho,uyilingise,0.422547,0.46707466
abakhulumi,abazithandayo,0.367437,0.59040964
esamro,yikuphi,0.508733,0.277254
izincwadi,lokusebenzisa,0.373129,0.42477706
komkhulu.,yomuntu,0.167919,0.12611608
amnandi,bayahleka,0.412018,0.31420705
inxusa,baba,0.234753,0.4543859
uqinisekise,uzovula,0.395906,0.28033012
nakwiyoutube.,esecato,0.627425,0.52923334
iqhude,izinkomo,0.389516,0.36220288
yalokho,zakuleli,0.223767,0.13671575
ihlosi,amahhashi,0.493532,0.46467826
103),esengeza,0.308757,0.33595014
223),kubhalwe,0.267527,0.34149423
bayikhuthaza,izingane,0.381464,0.17113903
isikole,iphepha,0.326666,0.24706864
ukutholwa,ukudliwa,0.445098,0.456257
abashoda,abanentshisekelo,0.455028,0.46147147
nezintaba,ngosepthemba,0.188649,0.40295073
esekhaya.,ye-twin,0.333487,0.39506742
ubonakale,ulethela,0.456072,0.34376416
bomqondo,unokukhanya,0.416713,0.45372775
amaphuzu,liqulwe,0.38026,0.38867363
inyuvesi,ulwazi,0.333447,0.23070619
ukaze,ukulivuma,0.575408,0.39730945
pehlo,kwamasonto,0.296079,0.6363408
esifuna,njengoba,0.375201,0.2997681
akhalelwa,libuyele,0.292126,0.40248916
ivame,i-bcuc,0.504553,0.6299281
uzobe,uhole,0.355778,0.33996278
ulethokuhle,usizi,0.46584,0.5148101
imihlaba.,ukusiza,0.3153,0.18048649
ezingenawo,ezinsizweni,0.36362,0.45109105
ihudula,705),0.37406,0.38185927
uyadla,uyakhuluma,0.686418,0.8635034
amabhodlela,ama-metro,0.681199,0.75686276
ngobuqotho.,ukuphila,0.271453,0.23997605
khona,of,0.264054,0.08065557
367),i-aa,0.437477,0.59254456
ikusasa,indlela,0.311769,0.16592735
ukukwelapha.,ukuhambisa,0.431011,0.48533735
lizwe,yothando,0.315627,0.080198266
bomqondo,noma,0.287757,0.1605013
mizamo,uma,0.282715,0.008005752
nomdala,zabathengi,0.206868,0.30443093
esifundiswa,namathuba,0.26802,0.40489435
notshatha,bayaliphika,0.374508,0.4695151
ukuphinda.,ukuzethemba.,0.346441,0.49012733
okuhambisna,wokuhlenga,0.383219,0.37925735
ezikhungweni,inkosi,0.292095,0.087214306
igcwele,itoyitoyi,0.376329,0.382222
ukushayela,ukuchumisa,0.587516,0.6273028
enginobudlelwano,sizungeze,0.268293,0.590061
nomnuz,elale,0.323394,0.066421
ingane,umndeni,0.356049,0.29677382
esikudlayo,yase-university,0.337647,0.488404
resources,ambulale.,0.424938,0.6042511
idola,ingcebo,0.514276,0.3589853
esiphansi,isisiza,0.200253,0.3849071
amandla,bafuna,0.216562,0.2093647
isinkwa,imifino,0.477591,0.5100469
udinga,uzothini,0.350297,0.3577598
amathuba.,zinikeza,0.38298,0.34775785
banyukelwe,obekwa,0.402823,0.18145269
