word1,word2,strategy,detail,cosine_similarity,heuristic_score,in_vocab
526),"kwezolimo,",random_unrelated,,0.243149,0.215204,Both
266),kwezokugcina,random_unrelated,,0.240961,0.213673,Both
uvumayo,uyaludinga,morphological,class11,0.112987,0.274091,Both
eside,ukuphelelwa,cooccurrence,freq=2,0.326858,0.393801,Both
iphunga,umoya,cooccurrence,freq=2,0.26026,0.347182,Both
ukuthuthukisa,ukukhuluphala,morphological,class15_infinitive,0.216679,0.346675,Both
"harvest,",ifuture,cooccurrence,freq=2,0.917106,0.806974,Both
nokuthanda,neisibindi,random_unrelated,,0.147066,0.147946,Both
ntambama.,njani,random_unrelated,,0.0451,0.07657,Both
isikhumba,isendaweni,morphological,class7_singular,0.133093,0.288165,Both
ngakho-ke,uthanda,cooccurrence,freq=226,0.269884,0.353919,Both
iphepha,impumelelo,semantic_within,education,0.103894,0.297726,Both
ubisi,amazambane,semantic_within,food,0.462107,0.548475,Both
kokuphothulwa,ongazithokozela,random_unrelated,,0.19596,0.182172,Both
ithengela,ipakiwe,morphological,class5_singular,0.324829,0.42238,Both
usiphokuhle,ukulikhiya,random_unrelated,,0.302423,0.256696,Both
"amafu,",zokusingatha,random_unrelated,,0.260939,0.227657,Both
inkohlakalo,icala,semantic_within,government,0.512009,0.583406,Both
kumaveji,"ngayinye,",cooccurrence,freq=2,0.519788,0.528851,Both
iciko,iyiphi,morphological,class5_singular,0.402795,0.476956,Both
abangaphezulu,umphumela,random_unrelated,,0.235278,0.209694,Both
bebonke,"bekhuluma,",cooccurrence,freq=2,0.211844,0.313291,Both
usetshenziswa,unesi,morphological,class11,0.286841,0.395789,Both
"umufi,",umahlengi,morphological,class1_singular,0.43953,0.502671,Both
ubuso,ulidayisele,morphological,class11,0.367949,0.452565,Both
ukhanyisile,wabhala,cooccurrence,freq=16,0.509297,0.521508,Both
ibhekise,i-african,morphological,class5_singular,0.482431,0.532702,Both
bayazimisela,oluthathwa,cooccurrence,freq=32,0.255589,0.343912,Both
ekuphatheni,zakhe,cooccurrence,freq=16,0.098043,0.23363,Both
basuka,imfundo,cooccurrence,freq=2,0.137245,0.261071,Both
laseningizimu,njalo,cooccurrence,freq=262,0.128403,0.254882,Both
bayabika,ezifundiswa,cooccurrence,freq=24,0.291469,0.369029,Both
izwe,ukhala,cooccurrence,freq=20,0.09228,0.229596,Both
izwe,ntambama,cooccurrence,freq=118,0.128634,0.255043,Both
abantu,amasiko,cooccurrence,freq=6,0.141964,0.264374,Both
i-culinary,ipuleti,morphological,class5_singular,0.561584,0.588109,Both
samehlo,yokwamukela,random_unrelated,,0.368229,0.30276,Both
umenzi,umsiza,morphological,class1_singular,0.254713,0.373299,Both
"izinsiza,","u-2023,",random_unrelated,,0.153431,0.152402,Both
kuphinde,"ngojuni,",random_unrelated,,0.411681,0.333176,Both
wesaba,okuya,random_unrelated,,0.133792,0.138655,Both
inhlamvu,incokola,morphological,class9_singular,0.316009,0.416206,Both
ibhotela,ukuphuza,semantic_within,food,0.33053,0.456371,Both
lo,njengento,cooccurrence,freq=2,0.382939,0.433058,Both
luhambe,nosma,random_unrelated,,0.415338,0.335737,Both
bayathola,"behlangene,",cooccurrence,freq=7044,0.733833,0.678683,Both
abaphase,abaqaphe,morphological,class2_plural,0.602339,0.616637,Both
unomfundo,uhlolwe,morphological,class11,0.040374,0.223262,Both
ebusuku,uthemba,cooccurrence,freq=6,0.097062,0.232943,Both
ukuphinda,"ukuzithenga,",morphological,class15_infinitive,0.27294,0.386058,Both
uvumelene,"uhambo,",morphological,class11,0.252594,0.371816,Both
"konke,",uyambonga,cooccurrence,freq=20,0.144527,0.266169,Both
"ehhotela,",sihlala,cooccurrence,freq=2,0.421314,0.45992,Both
basebenzise,kokunqikaza.,cooccurrence,freq=2,0.401009,0.445707,Both
izinkomo,izimvu,semantic_within,animals,0.583087,0.633161,Both
enkampini,ngokunakekela,cooccurrence,freq=72,0.212276,0.313594,Both
enhliziyweni,neimoto,cooccurrence,freq=12,0.202133,0.306493,Both
uhlelo,yisikhathi,cooccurrence,freq=2,0.075509,0.217857,Both
icala,i-james,morphological,class5_singular,0.338193,0.431735,Both
nazo,nescience.,cooccurrence,freq=4,0.538877,0.542214,Both
amagatsha,amathathu.,morphological,class6_plural,0.321599,0.420119,Both
"i-addington,",iyibheke,morphological,class5_singular,0.450443,0.51031,Both
isiteshi,isiko,semantic_across,places_vs_culture,0.169689,0.208783,Both
besiza,unkosi,random_unrelated,,0.071029,0.09472,Both
ungayi,uphendule,morphological,class11,0.514663,0.555264,Both
abavakashi,abadalule,morphological,class2_plural,0.150504,0.300353,Both
fortuner,“abadlali,random_unrelated,,0.269786,0.23385,Both
ukuyilawula.,ukuyozijabulisa,morphological,class15_infinitive,0.471337,0.524936,Both
uhulumeni,icala,semantic_within,government,0.093414,0.29039,Both
ithawula,iholidi,morphological,class5_singular,0.306209,0.409346,Both
amazwi,bayahleka,cooccurrence,freq=44,0.186374,0.295462,Both
izwe,uyadla,cooccurrence,freq=22,0.207113,0.309979,Both
ziyoshintshwa,nenkantolo,random_unrelated,,0.261036,0.227725,Both
imifula,imvelo,semantic_within,nature,0.284511,0.424158,Both
le,nalowo,cooccurrence,freq=2,0.349798,0.409859,Both
nokusebenza,ukwehluleka,cooccurrence,freq=70,0.459519,0.486663,Both
i-anc,ngeyekhansela,cooccurrence,freq=4,0.600247,0.585173,Both
sebezibonela,nokuba,random_unrelated,,0.191525,0.179068,Both
"ekhaya,",sizidlalele,cooccurrence,freq=2,0.223198,0.321239,Both
ohlakaniphile,waphuza,cooccurrence,freq=14,0.342633,0.404843,Both
izikhwama,namathoyizi,random_unrelated,,0.277006,0.238904,Both
iyajikeleza,ixhomeke,morphological,class5_singular,0.442833,0.504983,Both
yezizathu,zabesifazane,random_unrelated,,0.399594,0.324716,Both
ngingangabazi,usiba,random_unrelated,,0.244329,0.21603,Both
uphumule,"u-anthony,",morphological,class11,0.304146,0.407902,Both
kwendlu,uyacula,random_unrelated,,0.082077,0.102454,Both
laseningizimu,uyapheka,cooccurrence,freq=4,0.186265,0.295385,Both
obumbene,“isibhamu,random_unrelated,,0.399566,0.324696,Both
ompofu,lwezokuxhumana,random_unrelated,,0.134253,0.138977,Both
ukuthi,umakhelwane,cooccurrence,freq=336,0.164223,0.279956,Both
inyoni,izinkomo,semantic_within,animals,0.390113,0.498079,Both
adlule,ephunyukile,cooccurrence,freq=2,0.474511,0.497158,Both
ukuwasha,ukuyenza,morphological,class15_infinitive,0.534649,0.569254,Both
izimo,wapheka,cooccurrence,freq=24,0.229732,0.325812,Both
indoda,umuntu,semantic_within,family,0.015018,0.235513,Both
bexoxa,izilwane,cooccurrence,freq=2,0.107688,0.240381,Both
imoto,indiza,semantic_within,transport,0.26411,0.409877,Both
ukusebenzisa,ukuzingela,morphological,class15_infinitive,0.236743,0.36072,Both
isenzakalo,iwuhambo,cooccurrence,freq=2,0.558562,0.555993,Both
"mdlalo,",ukuveza,random_unrelated,,0.381075,0.311752,Both
ukhulume,ukuthwebula,morphological,class15_infinitive,0.294218,0.400953,Both
luhlelwa,77),random_unrelated,,0.214167,0.194917,Both
949),lwami,random_unrelated,,0.259015,0.226311,Both
uhulumeni,umbuso,semantic_within,government,0.137892,0.321524,Both
"nasepitoli,",ebomvu,random_unrelated,,0.285715,0.245001,Both
yesimo,lwasemuva.,random_unrelated,,0.275395,0.237777,Both
imoto,umbhalo,semantic_across,transport_vs_music,0.176215,0.213351,Both
ubuhlungu,unamandla,morphological,class11,0.31075,0.412525,Both
nyakazisa,859),random_unrelated,,0.28223,0.242561,Both
wakhumbula,legal,random_unrelated,,0.056882,0.084817,Both
uzophawula,ubezomthumelela,morphological,class11,0.384186,0.46393,Both
ikhomishini,idiploma,morphological,class5_singular,0.508214,0.550749,Both
izilwane,izinkomo,semantic_within,animals,0.303815,0.43767,Both
inamachibi,abasafunda,random_unrelated,,0.16966,0.163762,Both
ukukhulekela,ukhululeke.,morphological,class15_infinitive,0.468667,0.523067,Both
imali,amasheya,semantic_within,money,0.08786,0.286502,Both
uyakwazi,ubuyelwe,morphological,class11,0.085832,0.255083,Both
iqhaza,ijabule.,morphological,class5_singular,0.288997,0.397298,Both
usolwazi,ubumane,morphological,class11,0.506398,0.549478,Both
uzothini,usanethuba,morphological,class11,0.392503,0.469752,Both
endlini.,kushona,random_unrelated,,0.099948,0.114964,Both
ikhibhodi,umsakazo,semantic_within,technology,0.33472,0.459304,Both
uyakhumbula,utshani,morphological,class11,0.105059,0.268541,Both
sibuyele,okuyinto,random_unrelated,,0.270974,0.234682,Both
ukuhlela,ukuphumula,morphological,class15_infinitive,0.148359,0.298851,Both
ongogos,ubuhlakani,cooccurrence,freq=20,0.190315,0.298221,Both
kwenye,lokwenza,random_unrelated,,0.276861,0.238803,Both
ngezicoficofi,nezibalo,random_unrelated,,0.461677,0.368174,Both
inkohlakalo,abasolwa,semantic_across,government_vs_police_law,0.286926,0.290848,Both
uzokwazi,ungaqhubekela,morphological,class11,0.417605,0.487324,Both
ukuhlangana,ukubhekana,morphological,class15_infinitive,0.240155,0.363108,Both
izinto,ujabula,cooccurrence,freq=228,0.200793,0.305555,Both
ibhayisikili.,ikhuphule,morphological,class5_singular,0.508467,0.550927,Both
abasolwa,inhlamvu,semantic_within,police_law,0.451779,0.541246,Both
nhlanhla,akatholakalanga,random_unrelated,,0.441287,0.353901,Both
abavelele,ngabo-2023,random_unrelated,,0.340892,0.283625,Both
usukule,usizwe,morphological,class11,0.326993,0.423895,Both
abashayeli,ababheka,morphological,class2_plural,0.135272,0.28969,Both
mfowethu,abantu,semantic_within,family,0.183132,0.353192,Both
uthabethe,"zizoguquka,",random_unrelated,,0.15849,0.155943,Both
amanzi,imifula,semantic_within,nature,0.341809,0.464266,Both
ikhwaya,ucingo,semantic_across,music_vs_technology,0.312486,0.30874,Both
kabi,sizolwa,random_unrelated,,0.466149,0.371304,Both
yakho.,ezikhindini,random_unrelated,,0.175815,0.16807,Both
nemoto,arts,random_unrelated,,0.363843,0.29969,Both
"ukuxhumana,",ukugula,morphological,class15_infinitive,0.254011,0.372808,Both
ukuthi,"zicebile,",cooccurrence,freq=2,0.113559,0.244491,Both
inyama,omkhulu.,cooccurrence,freq=8,0.190208,0.298146,Both
ebelingayilahlekisela,icala,cooccurrence,freq=2,0.580721,0.571505,Both
uyakhuluma,uqonde,morphological,class11,0.102208,0.266545,Both
"enhliziyweni,","iyakhula,",cooccurrence,freq=48,0.151644,0.271151,Both
sizokwamukela,kwansuku,random_unrelated,,0.241276,0.213893,Both
usizakale,uzothola,morphological,class11,0.319198,0.418439,Both
i-bcom,in,cooccurrence,freq=2,0.660571,0.6274,Both
iqhubekisele,i-aa,morphological,class5_singular,0.514525,0.555168,Both
ngokusekelwa,yamagoli,random_unrelated,,0.244349,0.216044,Both
ukuzingela,ukungayihloniphi,morphological,class15_infinitive,0.459162,0.516413,Both
"abafundi,",abazokuthola,morphological,class2_plural,0.31688,0.416816,Both
ophuphuma,ezide,random_unrelated,,0.10437,0.118059,Both
ukuzwa,ukuyobona,morphological,class15_infinitive,0.579632,0.600743,Both
ukungenelela,ukuqeda,morphological,class15_infinitive,0.457359,0.515151,Both
ezibheka,yakho,random_unrelated,,0.143405,0.145384,Both
olusiza,umpheki,cooccurrence,freq=28,0.25482,0.343374,Both
abanikazi,abazisebenzisa,morphological,class2_plural,0.395112,0.471578,Both
ukudela,ukuzobungaza,morphological,class15_infinitive,0.429203,0.495442,Both
indiza,isitimela,semantic_within,transport,0.41305,0.514135,Both
incwadi,ngokucophelela.,cooccurrence,freq=2,0.238832,0.332182,Both
elikhethekile,omkhulu,cooccurrence,freq=108,0.272817,0.355972,Both
empangeni,uthandi,cooccurrence,freq=30,0.412169,0.453518,Both
amahlaya,zinselelo.,cooccurrence,freq=2,0.247396,0.338177,Both
sigculisekile,hlakaniphile,random_unrelated,,0.153468,0.152428,Both
emgaba,isipho,random_unrelated,,0.165864,0.161105,Both
umbuso,icala,semantic_within,government,0.262534,0.408774,Both
entabeni,"ngesonto,",cooccurrence,freq=32,0.192636,0.299845,Both
iqukethe,"itheku,",morphological,class5_singular,0.293394,0.400376,Both
sokudla,bangavunyelwa,random_unrelated,,0.319595,0.268716,Both
kubadlali,uqhakambise,random_unrelated,,0.160643,0.15745,Both
kokulahleka,oqamba,cooccurrence,freq=2,0.475625,0.497937,Both
"amakhulu,",udokotela,cooccurrence,freq=2,0.221825,0.320277,Both
nokuziphatha,neminye,random_unrelated,,0.294395,0.251077,Both
abanesibindi,ababathembisa,morphological,class2_plural,0.256022,0.374215,Both
"inhlamvu,",abalekelele,random_unrelated,,0.290996,0.248698,Both
kumphathi,"ngomusa,",random_unrelated,,0.237166,0.211016,Both
"ukusekelana,",ulimale,random_unrelated,,0.226389,0.203473,Both
wagcwalisa,behlinzeka,random_unrelated,,0.131185,0.136829,Both
abakhele,ababuthakathaka,morphological,class2_plural,0.323905,0.421734,Both
ukulimazana.,ukungalaleli,morphological,class15_infinitive,0.580975,0.601682,Both
ikhwaya,ibheyili,morphological,class5_singular,0.44784,0.508488,Both
inja,izinja,semantic_within,animals,0.682705,0.702893,Both
abanye,ngenkathi,cooccurrence,freq=2,0.235274,0.329692,Both
yayidinga,nama-curtain,random_unrelated,,0.396267,0.322387,Both
ubandakanya,ubungayi,morphological,class11,0.226832,0.353782,Both
icala,inhlamvu,semantic_within,police_law,0.224885,0.382419,Both
itheku,indlu,semantic_within,places,0.096011,0.292208,Both
ukukhulekela,ukuqashwa,morphological,class15_infinitive,0.275202,0.387642,Both
kwegumbi,phambi,cooccurrence,freq=2,0.378839,0.430187,Both
womphakathi.,sigcina,random_unrelated,,0.226678,0.203674,Both
iwusizo,ibhishi,morphological,class5_singular,0.431961,0.497373,Both
itheku,iqalile,morphological,class5_singular,0.422413,0.490689,Both
"kakhulu,",saseningizimu,cooccurrence,freq=4,0.092098,0.229469,Both
isifo,amasiko,semantic_across,health_vs_culture,0.231179,0.251825,Both
ukuqhuba,ukuzigqaja,morphological,class15_infinitive,0.348761,0.439133,Both
zathola,mpumelelo,random_unrelated,,0.180555,0.171389,Both
udaba,unosipho.,morphological,class11,0.350659,0.440461,Both
ithemba,"iphakeme,",morphological,class5_singular,0.218072,0.347651,Both
kakhulu,ngakho-ke,cooccurrence,freq=19950,0.346827,0.407779,Both
umnikazi,umuntu,cooccurrence,freq=104,0.219428,0.318599,Both
ihlathi,ukhuni,semantic_within,nature,0.265684,0.410979,Both
ungakuthola,ufundiswa,morphological,class11,0.121246,0.279872,Both
uhambisa,ubhekene,morphological,class11,0.087265,0.256085,Both
unomvelo,wageza,cooccurrence,freq=20,0.501063,0.515744,Both
ekhaya,isizwe,cooccurrence,freq=16,-0.012072,0.156549,Both
uyazimisela,uzama,morphological,class11,0.120616,0.279431,Both
kalula.,ezine-caffeine,random_unrelated,,0.328162,0.274713,Both
inhloko,inewini,morphological,class9_singular,0.06778,0.242446,Both
ababhalanga,abavakasha,morphological,class2_plural,0.202648,0.336853,Both
general,lesetja,cooccurrence,freq=4,0.747564,0.688295,Both
unothando,uvakashele,morphological,class11,0.136604,0.290623,Both
"ngamandla,",elakuleli,random_unrelated,,0.152587,0.151811,Both
afanele,ukhoza,random_unrelated,,0.230844,0.206591,Both
idlula,"ibhakede,",morphological,class5_singular,0.354809,0.443366,Both
usmomoza,uyaminza,morphological,class11,0.433205,0.498243,Both
"ulwazi,",yeglobal,random_unrelated,,0.113247,0.124273,Both
usiyabonga,usafuna,morphological,class11,0.38424,0.463968,Both
nesizijwayele,ukulahlekelwa,random_unrelated,,0.317197,0.267038,Both
isikhathi,uyahamba,cooccurrence,freq=152,0.231527,0.327069,Both
inkampani,amanzi,semantic_across,money_vs_nature,-0.005237,0.086334,Both
"enkulu,",wacula,cooccurrence,freq=46,0.214328,0.31503,Both
"behleka,",ungene,random_unrelated,,0.2202,0.19914,Both
bemfundo,omkhulu,cooccurrence,freq=32,0.239896,0.332927,Both
akatholakalanga,ulydia,cooccurrence,freq=2,0.67838,0.639866,Both
"records,","zibunile,",random_unrelated,,0.358434,0.295904,Both
babe,kwalokho,cooccurrence,freq=2,0.228243,0.32477,Both
ngokuzinikela,umfundi,cooccurrence,freq=24,0.133565,0.258495,Both
ongabaphuca,"kungenasizathu,",random_unrelated,,0.300612,0.255428,Both
ngesikhathi,sengiyisusa,cooccurrence,freq=2,-0.021267,0.150113,Both
omubi,sinomkhuba,cooccurrence,freq=2,0.416326,0.456428,Both
kakhulu,ubukhosi,cooccurrence,freq=40,0.223592,0.321515,Both
ihhotela,isiteshi,semantic_within,places,0.350002,0.470001,Both
ngobulungiswa,zakhe,cooccurrence,freq=56,0.210217,0.312152,Both
uphoqeleke,useshaye,morphological,class11,0.483642,0.533549,Both
indlu,isiteshi,semantic_within,places,0.073989,0.276792,Both
zakhe.,baseklasini,random_unrelated,,0.346889,0.287823,Both
ingane,umfana,semantic_within,family,0.174928,0.34745,Both
sijulile,nezinyoni,random_unrelated,,0.174206,0.166944,Both
imali,idola,semantic_within,money,0.170864,0.344605,Both
azo,"nomoya,",cooccurrence,freq=2,0.376304,0.428413,Both
azo,nongeke,random_unrelated,,0.187928,0.176549,Both
"kwipolitiki,",ngeproject,random_unrelated,,0.547526,0.428269,Both
ikhombisile,aselihambile,random_unrelated,,0.508274,0.400792,Both
umandla,"uvumayo,",cooccurrence,freq=2,0.099207,0.234445,Both
"""izinto",217),random_unrelated,,0.280579,0.241405,Both
wageza,usetshenziswa,random_unrelated,,0.118814,0.12817,Both
abanye,"nangesiqu,",cooccurrence,freq=204,0.17881,0.290167,Both
emakhoneni,usheleni,random_unrelated,,0.379611,0.310728,Both
imk,kamnuz,cooccurrence,freq=2,0.516295,0.526406,Both
uke,usiphokuhle,morphological,class11,0.356925,0.444848,Both
iyaqhubeka,ithawula,morphological,class5_singular,0.285513,0.394859,Both
ukuyenza,ukuhlanzeka,morphological,class15_infinitive,0.387825,0.466478,Both
usnenhlanhla,ushelela,morphological,class11,0.140223,0.293156,Both
abantu,"izolo,",cooccurrence,freq=36,0.139003,0.262302,Both
iqembu,iqhaza,morphological,class5_singular,0.29113,0.398791,Both
ukusebenzisana,ukubhalwa,morphological,class15_infinitive,0.260437,0.377306,Both
kamasipala,manager,cooccurrence,freq=2,0.48945,0.507615,Both
"entabeni,",uthanda,cooccurrence,freq=40,0.166693,0.281685,Both
"emzini,",usiyanda,cooccurrence,freq=4,0.227494,0.324246,Both
uphakama,unginikeze,morphological,class11,0.505506,0.548854,Both
ebusweni,umphakathi,random_unrelated,,0.195989,0.182193,Both
ubaba,umhlengikazi,cooccurrence,freq=40,0.374619,0.427233,Both
u-ouaddou.,usiba,morphological,class11,0.383584,0.463509,Both
ubuyelwe,usolwazi,morphological,class11,0.473771,0.526639,Both
ugazi,uvumele,morphological,class11,0.344619,0.436233,Both
inyoni,izinja,semantic_within,animals,0.34608,0.467256,Both
isikole,imifula,semantic_across,education_vs_nature,0.118276,0.172793,Both
abantu,ebulwer.,cooccurrence,freq=2,-0.028819,0.144827,Both
ngiziwa,ngisagcina,random_unrelated,,0.620115,0.47908,Both
"kaze,",benye,random_unrelated,,0.357808,0.295465,Both
uzoqala,uxhuma,morphological,class11,0.230484,0.356339,Both
urodgers,uzofundelani.,morphological,class11,0.492344,0.539641,Both
"""ubani",amaphoyisa,random_unrelated,,0.268492,0.232944,Both
ingane,abantu,semantic_within,family,0.09396,0.290772,Both
uqhele,zokukhulisa,random_unrelated,,0.164599,0.160219,Both
uyicaza,unjinji,random_unrelated,,0.372558,0.30579,Both
"zebhayibheli,",kangcono.,random_unrelated,,0.304649,0.258254,Both
abheke,kule,cooccurrence,freq=2,0.378807,0.430165,Both
"nezifiso,",nabangakwazi,random_unrelated,,0.375071,0.30755,Both
kosuku,kudala.,random_unrelated,,0.272978,0.236085,Both
i-bcom,uthe,cooccurrence,freq=2,0.392328,0.43963,Both
"sifanele,",uyazazi,cooccurrence,freq=8,0.362485,0.418739,Both
ngemfundo.,"e-unisa,",random_unrelated,,0.05755,0.085285,Both
unkk,usushaya,cooccurrence,freq=2,0.385654,0.434958,Both
595),kwezinsuku,cooccurrence,freq=2,0.59071,0.578497,Both
uzakhele,uyifanise,morphological,class11,0.374586,0.45721,Both
kwethu,phakathi,cooccurrence,freq=2,0.100961,0.235672,Both
uma,"uuzovakasha,",cooccurrence,freq=2,0.073509,0.216456,Both
mfowethu,umndeni,semantic_within,family,0.136347,0.320443,Both
ukuma,ukukhokha.,morphological,class15_infinitive,0.309132,0.411392,Both
amazambane,indishi,semantic_within,food,0.476181,0.558327,Both
ngesigameko.,namhlanje.,random_unrelated,,0.22685,0.203795,Both
ugqame,"uprising,",morphological,class11,0.514695,0.555286,Both
amakhosi,ikhaya,cooccurrence,freq=32,0.051704,0.201193,Both
"enezimpahla,",uyazi,cooccurrence,freq=48,0.096286,0.2324,Both
ummeli,inomgxusha,random_unrelated,,0.275449,0.237814,Both
ubuhlungu,ubeqopha,morphological,class11,0.320233,0.419163,Both
u-r120.,ukumakelwa,cooccurrence,freq=2,0.648974,0.619281,Both
ngesikhathi,wengoma,cooccurrence,freq=2,0.085821,0.225075,Both
uzosebenzisana,uzobhekisa,morphological,class11,0.438289,0.501802,Both
bayazisebenzisa,ukuze,cooccurrence,freq=4,0.185551,0.294886,Both
"nokwazi,",ngokugcwele.”,random_unrelated,,0.253157,0.22221,Both
siwudedele,livivela,random_unrelated,,0.502341,0.396639,Both
yile,abadalule,random_unrelated,,0.31895,0.268265,Both
unokufa,usukuqonda,morphological,class11,0.070864,0.244605,Both
ubani,uyayithanda,cooccurrence,freq=2,0.153853,0.272697,Both
uyalele,unginika,morphological,class11,0.305144,0.408601,Both
semanyuvesi,namaphuzu,random_unrelated,,0.336845,0.280791,Both
ingcebo,abasolwa,semantic_across,money_vs_police_law,0.17602,0.213214,Both
inja,izimvu,semantic_within,animals,0.339344,0.46254,Both
ingagcina,ngabo-ephreli,random_unrelated,,0.411453,0.333017,Both
angiphathi,corolla,random_unrelated,,0.331205,0.276844,Both
abo,ngoba,cooccurrence,freq=6,0.03894,0.192258,Both
abaphumelela,ukugcina,cooccurrence,freq=2,0.415871,0.45611,Both
abaphathi,abafika,morphological,class2_plural,0.486036,0.535225,Both
ziphumelela.,wawukhuthaza,random_unrelated,,0.181646,0.172152,Both
418),ubebekwe,random_unrelated,,0.322502,0.270751,Both
ucassper,unzama,morphological,class11,0.318152,0.417707,Both
uyakholelwa,uyapheka,cooccurrence,freq=20,0.389404,0.437583,Both
ezincwadini,uthabo,cooccurrence,freq=12,0.274584,0.357209,Both
uxoshwe,38),random_unrelated,,0.24838,0.218866,Both
eya,kuyisihluthulelo,cooccurrence,freq=4,0.48527,0.504689,Both
endaweni,uvele,cooccurrence,freq=4,0.285033,0.364523,Both
"kamasipala,",sesikhungo,random_unrelated,,0.357758,0.295431,Both
wameseka,wukuthi,cooccurrence,freq=2,0.282266,0.362586,Both
ungenza,usezohoxa,morphological,class11,0.223443,0.35141,Both
yokucinywa,namaveji,random_unrelated,,0.471615,0.375131,Both
ikhompiyutha,ikhibhodi,semantic_within,technology,0.666152,0.691306,Both
"elinothando,",u-r32,random_unrelated,,0.142299,0.14461,Both
uyakholelwa,uyazi,cooccurrence,freq=412,0.330455,0.396318,Both
namuhla.,“bengigula,random_unrelated,,0.313547,0.264483,Both
isipho,udokotela,cooccurrence,freq=48,0.331993,0.397395,Both
izinkomo,ibhange,semantic_across,animals_vs_money,0.164237,0.204966,Both
"emnandi,",noamathuba,cooccurrence,freq=4,0.286534,0.365574,Both
ihlosi,izinkomo,semantic_within,animals,0.240086,0.39306,Both
ithanda,itransnet,morphological,class5_singular,0.353907,0.442735,Both
umculo,ikhwaya,semantic_within,music,0.13599,0.320193,Both
kuningi,ngamanye,cooccurrence,freq=2,0.333157,0.39821,Both
izitsha,izikebhe,morphological,class8_plural,0.149977,0.299984,Both
ibhekise,itoyitoyi,morphological,class5_singular,0.349551,0.439686,Both
ikati,izinja,semantic_within,animals,0.553579,0.612505,Both
uhulumeni,uthenge,morphological,class11,0.145474,0.296832,Both
i-ultra,u-n3,cooccurrence,freq=2,0.786154,0.715308,Both
indlovukazi,inkohlakalo,semantic_within,government,0.45459,0.543213,Both
udokotela,impilo,semantic_within,health,0.205389,0.368773,Both
eminingi,udadewethu,cooccurrence,freq=88,0.200087,0.305061,Both
bathole,esikushilo.,random_unrelated,,0.277865,0.239505,Both
ulieutenant,ucedric,morphological,class11,0.641366,0.643956,Both
kokuphothula,nosma,random_unrelated,,0.301652,0.256157,Both
ikhuluma,ibe-sporty.,morphological,class5_singular,0.310272,0.412191,Both
usnenhlanhla,uyahamba,cooccurrence,freq=30,0.358292,0.415804,Both
ujacob,uqinisa,morphological,class11,0.319685,0.418779,Both
ekusindiseni,oluqhubekayo.,random_unrelated,,0.378569,0.309998,Both
ubuhlebezwe,“nokho,random_unrelated,,0.138515,0.14196,Both
823),sika-r50,random_unrelated,,0.415128,0.33559,Both
agcine,ngenxa,cooccurrence,freq=2,0.151434,0.271004,Both
iyakwazi,iyasukuma,morphological,class5_singular,0.387549,0.466285,Both
ukuhlela,ukukhiqiza,morphological,class15_infinitive,0.279177,0.390424,Both
ungowomndeni,wamane,cooccurrence,freq=2,0.478753,0.500127,Both
okuphela,ezimfishane,random_unrelated,,0.186413,0.175489,Both
abantu,babulawa,cooccurrence,freq=2,0.153771,0.27264,Both
uhlela,uhlanganyela,morphological,class11,0.469137,0.523396,Both
isivivinyo,abasolwa,semantic_across,education_vs_police_law,0.127156,0.17901,Both
exoxa,ukujwayela,random_unrelated,,0.360327,0.297229,Both
ezinhlangothini,ngo-level,random_unrelated,,0.338259,0.281781,Both
onolwazi,umfowethu,cooccurrence,freq=96,0.400452,0.445316,Both
umndeni,umphefumulo,morphological,class1_singular,0.138736,0.292115,Both
esingatshelwanga,emva,random_unrelated,,0.004419,0.048094,Both
uxaba,u-r30,morphological,class11,0.402408,0.476686,Both
abangaconsi,lokubhikisha.,random_unrelated,,0.351568,0.291098,Both
abukhali,muthi,random_unrelated,,0.252509,0.221756,Both
amanzi,kukhona,cooccurrence,freq=2,0.047619,0.198333,Both
kanti,ngokunakekela,cooccurrence,freq=12,0.135092,0.259564,Both
izenzo,izinhlanhla,morphological,class8_plural,0.502793,0.546955,Both
uyalele,unomkhuhlane,morphological,class11,0.216625,0.346637,Both
incwadi,umtapo,semantic_within,education,0.470933,0.554653,Both
ngihlolwe.,kwase,random_unrelated,,0.303027,0.257119,Both
ebeliboshelwe,"yokwakha,",random_unrelated,,0.220855,0.199599,Both
ukuzokwethula,ukuxinwa,morphological,class15_infinitive,0.452118,0.511483,Both
emnandi,imisebenzi,cooccurrence,freq=8,0.164376,0.280063,Both
bakamaskandi,kwacishe,cooccurrence,freq=2,0.642634,0.614844,Both
abafazi,abazoshiyelana,morphological,class2_plural,0.244221,0.365954,Both
ozayo,zakhona,random_unrelated,,0.191847,0.179293,Both
amathikithi,amabala,morphological,class6_plural,0.443827,0.505679,Both
unxapha,udj,morphological,class11,0.413524,0.484466,Both
uzakhele,zihleka.,random_unrelated,,0.125723,0.133006,Both
abalithandayo.,ababukeli,morphological,class2_plural,0.298809,0.404166,Both
ezikhethekile,lusebenzile,cooccurrence,freq=40,0.182656,0.292859,Both
esidlule,ophahleni,random_unrelated,,0.187786,0.17645,Both
ababuya,ezilingene,cooccurrence,freq=28,0.292753,0.369927,Both
usuxoshiwe.,927),random_unrelated,,0.277912,0.239539,Both
izindlu.,"ucolonel,",random_unrelated,,0.183207,0.173245,Both
zomshuwalense,akhalelwa,random_unrelated,,0.472937,0.376056,Both
ujabulele,"ubumningi,",morphological,class11,0.356214,0.44435,Both
inyoni,izilwane,semantic_within,animals,0.392418,0.499693,Both
mkhwanazi,wanxusa,cooccurrence,freq=2,0.537508,0.541256,Both
ibilokhu,ikwi-albhamu,morphological,class5_singular,0.483821,0.533675,Both
abalithandayo.,yadlula,random_unrelated,,0.223961,0.201773,Both
283),nokubambisana,cooccurrence,freq=2,0.561119,0.557783,Both
uzibona,ubingelelwa,morphological,class11,0.368365,0.452855,Both
amathuba,angcono.”,cooccurrence,freq=4,0.265297,0.350708,Both
imali,umasipala,cooccurrence,freq=2,0.267936,0.352555,Both
"esikoleni,",ngenhloso,random_unrelated,,0.063897,0.089728,Both
ulishebe,udidekile,morphological,class11,0.499961,0.544973,Both
119),esala,random_unrelated,,0.309276,0.261493,Both
usebenzise,usizo.,morphological,class11,0.429726,0.495808,Both
izingane,zokuphila.,cooccurrence,freq=2,0.19165,0.299155,Both
uthumela,uvusa,morphological,class11,0.250764,0.370535,Both
uyathengisa,unenkinga,morphological,class11,0.155214,0.30365,Both
ngike,abasafufusa,random_unrelated,,0.163516,0.159461,Both
umdlalo,ukudlala,semantic_within,sport,0.281669,0.422168,Both
inhlonipho,ingasiza,morphological,class9_singular,0.091765,0.259235,Both
usumkhiphile,ubekakwe,morphological,class11,0.353538,0.442477,Both
uyaphumelela,uzibona,morphological,class11,0.202611,0.336828,Both
congress,njengoba,cooccurrence,freq=2,0.207395,0.310176,Both
lwezokuxhumana,ziyadlala,random_unrelated,,0.167378,0.162164,Both
bayafunda,ikusasa,cooccurrence,freq=12,0.147179,0.268025,Both
uyathanda,uyawuthola,morphological,class11,0.312972,0.41408,Both
ihlanza,ezothinta,random_unrelated,,0.348763,0.289134,Both
entsha,is,cooccurrence,freq=2,0.203504,0.307453,Both
isu,"i-mathemetics,",morphological,class5_singular,0.420671,0.48947,Both
base,kodwa,cooccurrence,freq=4,0.1017,0.23619,Both
indlovukazi,icala,semantic_within,government,0.572654,0.625858,Both
u-n3,unciphisa,morphological,class11,0.301931,0.406351,Both
esikoleni,umbongiseni,cooccurrence,freq=36,0.351749,0.411225,Both
869),zonke,cooccurrence,freq=2,0.375324,0.427727,Both
akhulela,uthando,cooccurrence,freq=48,0.128176,0.254723,Both
kuvotwa,kwashiwo,random_unrelated,,0.366294,0.301406,Both
"zakho,",izolo,random_unrelated,,-0.069043,-0.00333,Both
ezikoleni,zasezululand.,cooccurrence,freq=2,0.333318,0.398323,Both
ukusetshenziswa,ukhalil,morphological,class15_infinitive,0.317596,0.417317,Both
ukubaphuca,uthi,cooccurrence,freq=2,0.256625,0.344637,Both
isikole,imfundo,semantic_within,education,0.069069,0.273349,Both
urodgers,ubuso,morphological,class11,0.389446,0.467612,Both
usanda,unontokozo,morphological,class11,0.489342,0.537539,Both
emkhakheni,ibhange,random_unrelated,,0.162583,0.158808,Both
uwubudlelwane,u-hewlett,morphological,class11,0.2152,0.34564,Both
"we-kwaito,",eyasizwa,random_unrelated,,0.483528,0.383469,Both
u-gearbox,unhlamulo,morphological,class11,0.383282,0.463298,Both
isithelo,kokucabanga,cooccurrence,freq=88,0.378292,0.429804,Both
ufika,419),random_unrelated,,0.233946,0.208762,Both
uqhawekazi,ulindele,morphological,class11,0.292915,0.400041,Both
ubudlelwano,uthengele,morphological,class11,0.14079,0.293553,Both
isilima,ishayela,morphological,class7_singular,0.28394,0.393758,Both
ubekhuluma,ungalihloniphi,morphological,class11,0.365454,0.450818,Both
ukuzokhangisa,ukuthutheleka,morphological,class15_infinitive,0.36556,0.450892,Both
bese,kweziyisishiyagalombili,cooccurrence,freq=2,0.372137,0.425496,Both
sinabafundi,ukusekelwa,random_unrelated,,0.239771,0.21284,Both
ezimnandi,zezindaba,random_unrelated,,0.506722,0.399706,Both
umuntu,isiteshi,semantic_across,family_vs_places,0.043405,0.120384,Both
"emini,",ngaphezu,cooccurrence,freq=32,0.253557,0.34249,Both
ngama-,olungase,random_unrelated,,0.366969,0.301878,Both
izitshalo,udinga,cooccurrence,freq=2,0.276966,0.358876,Both
ulwazi,uyakhuluma,cooccurrence,freq=68,0.202901,0.307031,Both
ubuntwana,",",random_unrelated,,0.389496,0.317647,Both
ikhomishini,iyayedlula.,morphological,class5_singular,0.503269,0.547288,Both
ikwezihamba,itholakala,morphological,class5_singular,0.338513,0.431959,Both
"kanjani,",kuthuthukiswe,random_unrelated,,0.328433,0.274903,Both
unkosi,useqashe,morphological,class11,0.10278,0.266946,Both
"ebusuku,",ngokucophelela,cooccurrence,freq=38,0.209431,0.311602,Both
indoda,mfowethu,semantic_within,family,0.12003,0.309021,Both
uneziqu,uzobhekana,morphological,class11,0.398526,0.473968,Both
ukuthatha,"ukuzofunda,",morphological,class15_infinitive,0.179979,0.320985,Both
bahlala,ngokunakekela,cooccurrence,freq=52,0.134656,0.259259,Both
kahle,"konke,",cooccurrence,freq=104,0.101406,0.235985,Both
"nabaculi,",hlongwa,random_unrelated,,0.432757,0.34793,Both
akazi,zisesikole,random_unrelated,,0.120818,0.129572,Both
ibandla,iqondane,morphological,class5_singular,0.222158,0.350511,Both
ikwenza,ibingadlalisi,morphological,class5_singular,0.426629,0.49364,Both
futhi,udlalwa,cooccurrence,freq=2,-0.009154,0.158593,Both
umufi,wambuza,cooccurrence,freq=2,0.642835,0.614984,Both
ukuthanda,ojele,random_unrelated,,0.051732,0.081212,Both
nophiko,bayakujabulela,random_unrelated,,0.25302,0.222114,Both
ukuqikelela,ukunyakaza,morphological,class15_infinitive,0.504526,0.548168,Both
ubani,uphakama,morphological,class11,0.084521,0.254165,Both
umhlengikazi,ukwelapha,semantic_within,health,0.057483,0.265238,Both
nemisho,ibig,random_unrelated,,0.326495,0.273547,Both
utshele,ugabe,morphological,class11,0.39277,0.469939,Both
ababekhona,baphuthumisa,cooccurrence,freq=2,0.554218,0.552953,Both
umfula,imifula,semantic_within,nature,0.645622,0.676935,Both
esifanele,umfundi,cooccurrence,freq=16,0.157193,0.275035,Both
itshe,igwemeke,morphological,class5_singular,0.36418,0.449926,Both
ngenxa,uyajabula,cooccurrence,freq=84,0.129587,0.255711,Both
esibhedlela.,"omkhulu,",cooccurrence,freq=18,0.161864,0.278305,Both
inyuvesi,imfundo,semantic_within,education,0.256204,0.404343,Both
umfazi,abantu,semantic_within,family,0.199427,0.364599,Both
isitatimende,umhlangano,cooccurrence,freq=2,0.412463,0.453724,Both
bekhumbula,"yonyaka,",random_unrelated,,0.168221,0.162755,Both
kwixr,wavezwa,random_unrelated,,0.405122,0.328585,Both
limlindele.,eseqhulwini,random_unrelated,,0.0832,0.10324,Both
abafana,esibhedlela,cooccurrence,freq=24,0.147157,0.26801,Both
emnika,engasilethanga,cooccurrence,freq=2,0.474351,0.497046,Both
awukwazi,"ngamanzi,",random_unrelated,,0.319666,0.268766,Both
amadoda,omgunyathi,random_unrelated,,0.224021,0.201814,Both
uyacula,uyahlanza,cooccurrence,freq=36,0.799226,0.724458,Both
nezikhathi,eyadlalwa,random_unrelated,,0.060566,0.087396,Both
878),ngombala,random_unrelated,,0.162747,0.158923,Both
ugesi,ubabone.,morphological,class11,0.210783,0.342548,Both
bephumile,uma,cooccurrence,freq=2,0.084256,0.223979,Both
ukuwabhala.,ukufika.,morphological,class15_infinitive,0.644363,0.646054,Both
e-idols,938),random_unrelated,,0.419179,0.338425,Both
i-corolla,ikhuphule,morphological,class5_singular,0.46367,0.519569,Both
enkundleni.,nokuthuthuka,random_unrelated,,0.121992,0.130394,Both
murray,nakwamanye,random_unrelated,,0.40635,0.329445,Both
abaswele.,abazozithola,morphological,class2_plural,0.476257,0.52838,Both
ukuphepha,eya,random_unrelated,,0.212214,0.19355,Both
"abantu,",ngaphezu,cooccurrence,freq=138,0.316167,0.386317,Both
emuva.,weligi,random_unrelated,,0.463527,0.369469,Both
nemisebe,"esidlangalaleni,",random_unrelated,,0.208875,0.191212,Both
edolobheni,esakhiwe,cooccurrence,freq=1674,0.336073,0.400251,Both
ihholo,ihhashi,morphological,class5_singular,0.501961,0.546373,Both
ukubala,ukukhuculula,morphological,class15_infinitive,0.343076,0.435153,Both
ezisiza,okumnandi,cooccurrence,freq=20,0.374588,0.427212,Both
inhlonipho,sezwe,cooccurrence,freq=56,0.318005,0.387604,Both
ukupheka,ukuphola,morphological,class15_infinitive,0.519198,0.558439,Both
nobumqoka,"uqobo,",random_unrelated,,0.640367,0.493257,Both
iqhude,izilwane,semantic_within,animals,0.10421,0.297947,Both
uxhunyelwe,udj,morphological,class11,0.404268,0.477988,Both
ukhuni,izintaba,semantic_within,nature,0.108134,0.300694,Both
futhi,ngokunakekela,cooccurrence,freq=340,0.159331,0.276532,Both
indima,imingcele,random_unrelated,,0.308627,0.261039,Both
ukuwuphuza,ukukhulume,morphological,class15_infinitive,0.429441,0.495609,Both
ikati,ihlosi,semantic_within,animals,0.737304,0.741113,Both
umphathi,umlomo.,morphological,class1_singular,0.304374,0.408062,Both
uya,yezemidlalo,cooccurrence,freq=288,0.113028,0.244119,Both
"abafundi,",abanolona,morphological,class2_plural,0.207998,0.340599,Both
bayabamba,kwimaths,random_unrelated,,0.224999,0.2025,Both
baphuthunyiswe,fc.,random_unrelated,,0.41948,0.338636,Both
"emzini,",indlela,cooccurrence,freq=10,0.241252,0.333877,Both
"ukuwunyakazisa,",ukunqoba,morphological,class15_infinitive,0.428392,0.494874,Both
yokuqala.,kohambo,random_unrelated,,0.19701,0.182907,Both
nesazi,ukuzovakasha,random_unrelated,,0.176037,0.168226,Both
bekhombisa,ukuwudlulisela,random_unrelated,,0.325266,0.272686,Both
mzobe,"basekzn,",random_unrelated,,0.393279,0.320295,Both
uphinde,uboya,morphological,class11,0.355115,0.44358,Both
sucu,ezabalaza,random_unrelated,,0.583125,0.453188,Both
izingane,nolwandle,cooccurrence,freq=38,0.127189,0.254032,Both
uyabhala,ufoster,morphological,class11,0.055633,0.233943,Both
"nasemqondweni,","emzimbeni,",random_unrelated,,0.633871,0.48871,Both
engemihle,ibrothers,random_unrelated,,0.404278,0.327994,Both
bayaphila,okwenziwe,cooccurrence,freq=40,0.302814,0.37697,Both
unokukhanya,unekhamera,morphological,class11,0.0622,0.23854,Both
158),"omsebenzi,",random_unrelated,,0.184759,0.174331,Both
inyama,ukuphuza,semantic_within,food,0.262727,0.408909,Both
udokotela,isifo,semantic_within,health,0.049243,0.25947,Both
"kahle,",wezwa,cooccurrence,freq=30,0.249764,0.339835,Both
iphesheya.”,ihilux,morphological,class5_singular,0.215526,0.345868,Both
wezemidlalo,ikhona,random_unrelated,,0.254208,0.222945,Both
uyaphuza,usolwazi,morphological,class11,0.046696,0.227687,Both
ikhona.,"iphathwe,",morphological,class5_singular,0.388028,0.46662,Both
inkosi,icala,semantic_within,government,0.184448,0.354114,Both
lwezokuvakasha,979),random_unrelated,,0.254777,0.223344,Both
uzothini,ungeniswe,morphological,class11,0.395308,0.471716,Both
inyama,amazambane,semantic_within,food,0.144939,0.326457,Both
"uyamhlonipha,",u-ouaddou.,morphological,class11,0.12295,0.281065,Both
ezishicilela,emahlathini,random_unrelated,,0.321752,0.270226,Both
abaphumelelayo,abasizile,morphological,class2_plural,0.489807,0.537865,Both
"uphelile,",uhlobo,morphological,class11,0.347661,0.438363,Both
abangaphezulu,abasezindaweni,morphological,class2_plural,0.374624,0.457237,Both
"30,",ngojuni,cooccurrence,freq=2,0.693458,0.650421,Both
ezandleni,kushiya,cooccurrence,freq=2,0.286363,0.365454,Both
izinto,obalulekile,cooccurrence,freq=34,0.179765,0.290836,Both
isikhalazo,isihlale,morphological,class7_singular,0.372415,0.455691,Both
usinokholo.,bakwa-als,random_unrelated,,0.326881,0.273817,Both
akekho.,entabeni,random_unrelated,,0.059592,0.086714,Both
"ngezifenqo,",ngikhule,random_unrelated,,0.333984,0.278789,Both
zomkhosi.,umawhoo,random_unrelated,,0.361445,0.298011,Both
abangayeki,abangagcini,morphological,class2_plural,0.599271,0.61449,Both
esibhedlela.,kwabantu,cooccurrence,freq=12,0.075526,0.217868,Both
isiqalise,kuncishiswe,cooccurrence,freq=2,0.557804,0.555463,Both
"esidlangalaleni,",wezezimali,random_unrelated,,0.224053,0.201837,Both
zokuphatha,ngabakwatoyota,random_unrelated,,0.231173,0.206821,Both
wahosha,noindlu,random_unrelated,,0.0816,0.10212,Both
icorolla,"emaphandleni,",random_unrelated,,0.196851,0.182796,Both
okungezona,world,random_unrelated,,0.199029,0.18432,Both
"owedlule,",uyacula,cooccurrence,freq=14,0.194957,0.30147,Both
ikhona.,enigeria.,random_unrelated,,0.462982,0.369087,Both
akumele,ukuthi,cooccurrence,freq=4,0.139386,0.26257,Both
isiqashe,isisezingeni,morphological,class7_singular,0.395321,0.471725,Both
lwamaphepha,bakudala,random_unrelated,,0.286332,0.245432,Both
"ubuntu,",ubisi,morphological,class11,0.129752,0.285826,Both
unoxolo,uyazwa,cooccurrence,freq=36,0.46991,0.493937,Both
ngothando,obukhulu,cooccurrence,freq=8,0.377769,0.429438,Both
usebenzisa,ubesemhlabeni,morphological,class11,0.161886,0.30832,Both
ongenakulinganiswa,uyacula,cooccurrence,freq=16,0.202978,0.307084,Both
odokotela,"ogelezayo,",cooccurrence,freq=6,0.263193,0.349235,Both
basoconge,ubuthelezi,cooccurrence,freq=4,0.620763,0.599534,Both
yohlelo,ayihola,random_unrelated,,0.492433,0.389703,Both
usiyanda,wabhala,cooccurrence,freq=30,0.326149,0.393304,Both
ekhishini,kusasa,cooccurrence,freq=18,0.097561,0.233292,Both
abo.,ngisho,cooccurrence,freq=2,0.210209,0.312146,Both
ikhaya,isikhungo,semantic_within,places,0.062999,0.269099,Both
ese-istanbul.,njengale,random_unrelated,,0.390563,0.318394,Both
ozinze,gr,random_unrelated,,0.51599,0.406193,Both
amanzi,edolobheni,cooccurrence,freq=208,0.203288,0.307301,Both
nezinsimbi,yacishe,random_unrelated,,0.357451,0.295216,Both
kuka-37,isiqiniseko,random_unrelated,,0.40609,0.329263,Both
izipho,423),random_unrelated,,0.16063,0.157441,Both
364),abakuthandayo,random_unrelated,,0.278222,0.239755,Both
emigwaqweni,ngaphandle,cooccurrence,freq=2,0.213683,0.314578,Both
lishisa,sifanele,cooccurrence,freq=172,0.24265,0.334855,Both
ngoba,ubukhosi,cooccurrence,freq=164,0.1952,0.30164,Both
amasheya,idola,semantic_within,money,0.17692,0.348844,Both
lokubheka,ne-financial,random_unrelated,,0.282587,0.242811,Both
indiza,itekisi,semantic_within,transport,0.189069,0.357348,Both
ukuqoqa,ukhwezi,morphological,class15_infinitive,0.36439,0.450073,Both
ikhono,ibonakale,morphological,class5_singular,0.249446,0.369612,Both
bephakamisa,wathi,cooccurrence,freq=2,0.262251,0.348575,Both
udale,udj,morphological,class11,0.55082,0.580574,Both
uyahlanza,ubulele,morphological,class11,0.13121,0.286847,Both
enhle,zizoguquka,cooccurrence,freq=12,0.057936,0.205555,Both
ukupheka,ukuthwebula,morphological,class15_infinitive,0.2815,0.39205,Both
ezingabonakali,nakakhulu,random_unrelated,,0.580795,0.451557,Both
elikhulukazi,iyanda,cooccurrence,freq=32,0.111121,0.242785,Both
confederation,kuma-quarterfinal,cooccurrence,freq=2,0.765643,0.70095,Both
usala,usafisa,morphological,class11,0.586803,0.605762,Both
lamps,nakhona,cooccurrence,freq=2,0.555642,0.553949,Both
seyimenza,waphuma,random_unrelated,,0.31675,0.266725,Both
ekukhiqizeni,ezinamandla,random_unrelated,,0.259618,0.226733,Both
ukuqonda,"ukudansa,",morphological,class15_infinitive,0.342574,0.434802,Both
sinamandla,umndeni,cooccurrence,freq=48,0.223648,0.321553,Both
ufake,ugcwele,morphological,class11,0.205736,0.339015,Both
ikhaya,ukudlala,semantic_across,places_vs_sport,0.200428,0.230299,Both
kwadingeka,zokuxhuma,cooccurrence,freq=2,0.371322,0.424925,Both
"unakekeleke,",uvuke,morphological,class11,0.390769,0.468538,Both
lolu,ukususa,random_unrelated,,0.300149,0.255104,Both
"oluhlaza,",kwezindlu,random_unrelated,,0.225297,0.202708,Both
inja,izilwane,semantic_within,animals,0.189844,0.357891,Both
esinikwe,ngombala,random_unrelated,,0.314363,0.265054,Both
babonisane,daba,cooccurrence,freq=2,0.385443,0.43481,Both
umfana,umuntu,semantic_within,family,0.308721,0.441104,Both
usushaya,"uqobo,",morphological,class11,0.493878,0.540715,Both
shwi,94),random_unrelated,,0.36486,0.300402,Both
ngomuntu,77),random_unrelated,,0.219389,0.198572,Both
nokuphatha,"okuphila,",cooccurrence,freq=2,0.572606,0.565824,Both
ubabone.,layikhaya,random_unrelated,,0.376798,0.308758,Both
ibhizinisi,iqondane,morphological,class5_singular,0.290995,0.398697,Both
"""ngiqale",umkakhe,random_unrelated,,0.195819,0.182073,Both
ekhipha,"onamandla,",random_unrelated,,0.042675,0.074872,Both
abafundi,bomphakathi,cooccurrence,freq=2,0.154064,0.272844,Both
culo,belwehluke,random_unrelated,,0.437448,0.351213,Both
kokunqena.,imamelodi,random_unrelated,,0.054812,0.083369,Both
uyakhuluma,"ugesi,",morphological,class11,0.076255,0.248378,Both
amalungu,yikuphi,cooccurrence,freq=2,0.368308,0.422816,Both
"emgungundlovu,",oluningi,random_unrelated,,0.138888,0.142222,Both
baxhasa,zokuphatha,cooccurrence,freq=4,0.56207,0.558449,Both
kuyo,ngisho,cooccurrence,freq=2,0.276635,0.358645,Both
unomathemba,uvakashela,morphological,class11,0.01971,0.208797,Both
bafanelwe,okwengeziwe.,random_unrelated,,0.356001,0.2942,Both
eziyisikhombisa,wase-united,cooccurrence,freq=2,0.410308,0.452215,Both
570),sokulithaka,random_unrelated,,0.210577,0.192404,Both
emafasiteleni,abasigxekayo,random_unrelated,,0.436785,0.350749,Both
iluma,iyalashwa,morphological,class5_singular,0.439366,0.502556,Both
udokotela,ukugula,semantic_within,health,0.109859,0.301901,Both
ibhotela,isitsha,semantic_within,food,0.404567,0.508197,Both
ilokishi,isiteshi,semantic_within,places,0.463919,0.549743,Both
"zokudlala,","imisebenzi,",random_unrelated,,0.407619,0.330333,Both
usambane,"ongasekho,",random_unrelated,,0.447336,0.358135,Both
yasekuseni,ezinomoya,random_unrelated,,0.256358,0.224451,Both
umndeni,inja,semantic_across,family_vs_animals,0.066438,0.136507,Both
azophinda,"ntambama,",cooccurrence,freq=2,0.106093,0.239265,Both
ubisi,ikhukhamba,semantic_within,food,0.400906,0.505634,Both
esibhedlela,umlungisi,cooccurrence,freq=34,0.312213,0.383549,Both
oluzozisiza,"unwabu,",random_unrelated,,0.398252,0.323776,Both
uyageza,unginika,morphological,class11,0.108602,0.271021,Both
ukuhoxa,ukuthumela,morphological,class15_infinitive,0.232754,0.357927,Both
waqeda,libuhlungu,random_unrelated,,0.031621,0.067135,Both
sezwe,wakhe,cooccurrence,freq=12,0.183833,0.293683,Both
ethekwini,ngothando,cooccurrence,freq=92,0.08344,0.223408,Both
u-gearbox,"nje,",random_unrelated,,0.372846,0.305992,Both
isinkwa,inyama,semantic_within,food,0.276686,0.41868,Both
usuke,uyogubha,morphological,class11,0.296264,0.402385,Both
ozalwe,kukakaze,random_unrelated,,0.44898,0.359286,Both
tshope,imemezele,random_unrelated,,0.480583,0.381408,Both
icwecwe,umrepha,semantic_within,music,0.315026,0.445518,Both
ihlale,icarling,morphological,class5_singular,0.251432,0.371003,Both
"esibhedlela,",usibonelo,cooccurrence,freq=12,0.316495,0.386546,Both
belinye,bangaqhuleki,random_unrelated,,0.390994,0.318695,Both
indishi,isikhungo,semantic_across,food_vs_places,0.377936,0.354556,Both
unosipho,ubukhazikhazi,morphological,class11,0.399226,0.474458,Both
ukuvela,ukuxinwa,morphological,class15_infinitive,0.520435,0.559305,Both
amakhaza,kwenyanga,random_unrelated,,0.119575,0.128703,Both
wezinkondlo,awehle,random_unrelated,,0.379556,0.310689,Both
ungazami,uphuma,morphological,class11,0.291074,0.398752,Both
yona,ephilile.,random_unrelated,,0.127079,0.133956,Both
uhamba,ububele.,morphological,class11,0.248693,0.369085,Both
babuye,okubi.,cooccurrence,freq=2,0.353218,0.412253,Both
unokukhanya,wathanda,cooccurrence,freq=16,0.302816,0.376971,Both
umfana,ihlathi,semantic_across,family_vs_nature,0.169024,0.208317,Both
isipho,uyabheka,cooccurrence,freq=40,0.426228,0.46336,Both
ithola,ohlonishwa,random_unrelated,,0.311903,0.263332,Both
"bayamethemba,","nezinolwazi,",cooccurrence,freq=36,0.198954,0.304268,Both
sibona,ukhezo,cooccurrence,freq=46,0.373964,0.426774,Both
kahle,uphiwayinkosi,cooccurrence,freq=28,0.122386,0.25067,Both
inja,yama,cooccurrence,freq=2,0.255493,0.343845,Both
ngomsebenz,abefundi,random_unrelated,,0.016852,0.056797,Both
uyazi,ubisi,morphological,class11,-0.021162,0.180187,Both
ngomsebenzi,onzima,cooccurrence,freq=2,0.324125,0.391888,Both
ibhola,ukudlala,semantic_within,sport,0.29632,0.432424,Both
lakuleli.,conference,random_unrelated,,0.574414,0.44709,Both
sakhe,yesikhumbuzo,cooccurrence,freq=2,0.189603,0.297722,Both
bathenga,wesimanje,cooccurrence,freq=142,0.469718,0.493803,Both
ibhotela,amazambane,semantic_within,food,0.411391,0.512974,Both
inhloko,uthandi,cooccurrence,freq=36,0.456322,0.484426,Both
egumbini,uyathenga,cooccurrence,freq=38,0.215091,0.315564,Both
emiqondweni,untuli,random_unrelated,,0.168165,0.162715,Both
kuwona,lwakhe,cooccurrence,freq=2,0.191225,0.298858,Both
yezwe,satholakala,random_unrelated,,0.32703,0.273921,Both
"bakamaskandi,",ngokwaholela,cooccurrence,freq=2,0.547317,0.548122,Both
labantu,obukhethekile,cooccurrence,freq=34,0.32344,0.391408,Both
ukukhiphela,ukuzingela,morphological,class15_infinitive,0.483621,0.533535,Both
uyifanise,ubeqopha,morphological,class11,0.410878,0.482614,Both
ufundisa,ubanike,morphological,class11,0.346856,0.437799,Both
amaphoyisa,ubukhosi,semantic_across,police_law_vs_culture,0.114281,0.169997,Both
isikole,incwadi,semantic_within,education,0.24423,0.395961,Both
inhlamvu,ukhuni,semantic_across,police_law_vs_nature,0.363294,0.344306,Both
"ehowick,",kuzokhumbuleka,random_unrelated,,0.286209,0.245347,Both
umfundi,umtapo,semantic_within,education,0.485901,0.565131,Both
umandla,yalokho,cooccurrence,freq=30,0.295214,0.37165,Both
"emhlabeni,",uyageza,random_unrelated,,0.036981,0.070886,Both
utshele,ucashunwe,morphological,class11,0.50197,0.546379,Both
izimvu,ukuhamba,semantic_across,animals_vs_transport,0.171672,0.21017,Both
nokusebenza,onobuqotho,random_unrelated,,0.239239,0.212467,Both
kubalulekile,ngokwazi,cooccurrence,freq=292,0.180865,0.291605,Both
ukwelapha,ukugula,semantic_within,health,0.258027,0.405619,Both
ihlazo,ezingaphandle,random_unrelated,,0.300655,0.255459,Both
yadidiyelwa,nezinyoni.,random_unrelated,,0.286962,0.245873,Both
ebusuku,ilanga,cooccurrence,freq=76,0.184476,0.294133,Both
nikezela,igumbi,random_unrelated,,0.248081,0.218657,Both
indoda,umfana,semantic_within,family,0.202887,0.367021,Both
unkosi,u-advocate,morphological,class11,0.052308,0.231616,Both
imali,inkampani,semantic_within,money,0.169137,0.343396,Both
kuklaywe,o-a,cooccurrence,freq=2,0.720253,0.669177,Both
izimpahla,ukuhlonipha,cooccurrence,freq=2,0.326447,0.393513,Both
maphoyisa,asikungabazi,random_unrelated,,0.253383,0.222368,Both
imfundiso,isikhuthazo,random_unrelated,,0.156113,0.154279,Both
ejabulile.,156),random_unrelated,,0.227595,0.204316,Both
ikuthola,ibalula,morphological,class5_singular,0.187809,0.326466,Both
iphinde,igweme,morphological,class5_singular,0.236919,0.360843,Both
uyamaniswa,u-exclusive,morphological,class11,0.401143,0.4758,Both
kubo,kolwandle,random_unrelated,,0.1599,0.15693,Both
kwakubanda,ngezihlangothi,cooccurrence,freq=72,0.172984,0.286089,Both
iwuhlelo,icorona,morphological,class5_singular,0.433739,0.498617,Both
ungaphumuli.,udisemba,morphological,class11,0.309462,0.411624,Both
kuzohlanganisa,ayikaziwa,random_unrelated,,0.371836,0.305285,Both
efudumele.,ithatha,random_unrelated,,0.159091,0.156364,Both
amakhulu,ama-video,morphological,class6_plural,0.141224,0.293857,Both
ukuqonda,ukushaya,morphological,class15_infinitive,0.334723,0.429306,Both
uhlu,ubhale,morphological,class11,0.298564,0.403995,Both
itheku,isikhungo,semantic_within,places,0.156837,0.334786,Both
wahlaziya,wetheku,random_unrelated,,0.390544,0.318381,Both
kwakhiwa.,elinye,random_unrelated,,0.057779,0.085445,Both
isinkwa,ibhotela,semantic_within,food,0.412042,0.513429,Both
ukudlulisa,ukunqoba,morphological,class15_infinitive,0.267366,0.382157,Both
usebheke,uhluleke,morphological,class11,0.394815,0.47137,Both
yebhola,ngo-2,random_unrelated,,0.315166,0.265616,Both
kwemukelwa,wukungenwa,random_unrelated,,0.542719,0.424904,Both
ukufunda,umtapo,semantic_within,education,0.138352,0.321846,Both
kodwa,omusha,cooccurrence,freq=14,0.122681,0.250877,Both
ukufuya,wubani,random_unrelated,,0.246876,0.217813,Both
ibhekise,iqhubekisele,morphological,class5_singular,0.573011,0.596108,Both
iligi.,ikhombisa,morphological,class5_singular,0.339874,0.432912,Both
ekunqandeni,ongena,cooccurrence,freq=2,0.375882,0.428117,Both
ukungaqondani.,izicoco,random_unrelated,,0.482561,0.382792,Both
uyakhumbula,unodaka.,morphological,class11,0.2393,0.36251,Both
uyathola,ujwayeze,morphological,class11,0.129556,0.285689,Both
idla,iqeda,morphological,class5_singular,0.404056,0.477839,Both
imifino,ikhukhamba,semantic_within,food,0.494592,0.571214,Both
"babegula,",intombi,random_unrelated,,0.284921,0.244445,Both
673),izimali,random_unrelated,,0.203753,0.187627,Both
umasipala,isizwe,semantic_within,government,0.223219,0.381253,Both
ngokushiya,abasha.',random_unrelated,,0.109635,0.121744,Both
okuba,wopha,cooccurrence,freq=2,0.215468,0.315828,Both
babhalise,ukufika,random_unrelated,,0.323741,0.271619,Both
amaphupho,bayahamba,cooccurrence,freq=54,0.233928,0.32875,Both
wobuntatheli,nokudansa,random_unrelated,,0.319427,0.268599,Both
sethu,umphako,cooccurrence,freq=2,0.248382,0.338868,Both
imifino,ukuphuza,semantic_within,food,0.288144,0.426701,Both
ikhompiyutha,umsakazo,semantic_within,technology,0.157507,0.335255,Both
ibhishi,(21),random_unrelated,,0.410809,0.332566,Both
olungase,"akwadukuza,",random_unrelated,,0.262963,0.229074,Both
bakhe,"imizwa,",random_unrelated,,0.21531,0.195717,Both
"abadingayo,",abalandeli.,morphological,class2_plural,0.196733,0.332713,Both
"wakwandlovu,",wukukhuluma,random_unrelated,,0.222935,0.201054,Both
inkosi,isizwe,semantic_within,government,0.081083,0.281758,Both
esinyeni,siphekhepheke,random_unrelated,,0.461678,0.368174,Both
kunezinkinga,abafe,random_unrelated,,0.302511,0.256757,Both
uphuza,241),random_unrelated,,0.161893,0.158325,Both
izilwane,umfundi,semantic_across,animals_vs_education,0.193269,0.225288,Both
eyakhiwa,ozayo,cooccurrence,freq=36,0.224611,0.322228,Both
ukufunda,ulwazi,semantic_within,education,0.194229,0.360961,Both
bese,lokuthi,cooccurrence,freq=2,0.318213,0.387749,Both
iyizwe,iphonsa,morphological,class5_singular,0.328987,0.425291,Both
ubuchwepheshe,united,morphological,class11,0.333271,0.42829,Both
izimvu,izinja,semantic_within,animals,0.462309,0.548617,Both
bebonke,sigxila,random_unrelated,,0.174115,0.166881,Both
oluqinile.,ogwini,random_unrelated,,0.304866,0.258407,Both
ezimbili,lapho,cooccurrence,freq=4,0.156778,0.274744,Both
ubuyela,udisemba,morphological,class11,0.249256,0.369479,Both
igijima,ithenga,morphological,class5_singular,0.293416,0.400391,Both
ithembekile,ithengwe,morphological,class5_singular,0.47996,0.530972,Both
147),ngibasize,random_unrelated,,0.13571,0.139997,Both
ababukeli,indawo,cooccurrence,freq=2,0.232857,0.328,Both
ikhaya,"sifanele,",cooccurrence,freq=14,0.171045,0.284731,Both
826),kwezinsuku,cooccurrence,freq=2,0.587279,0.576095,Both
azolungiswa,omncane.,random_unrelated,,0.274164,0.236915,Both
isivivinyo,umtapo,semantic_within,education,0.383652,0.493556,Both
u-r2,usiba,morphological,class11,0.236188,0.360332,Both
ilamontville,i-kaizer,morphological,class5_singular,0.781415,0.74199,Both
kwalezi,ngemali,random_unrelated,,0.223755,0.201628,Both
uchaza,ungakwenza,morphological,class11,0.164393,0.310075,Both
itekisi,imali,semantic_across,transport_vs_money,0.067096,0.136967,Both
uyijeqeza,uzilolonge,morphological,class11,0.199794,0.334856,Both
umfazi,indiza,semantic_across,family_vs_transport,0.304514,0.30316,Both
imoto,unhlanhla,cooccurrence,freq=62,0.150726,0.270509,Both
ukubhala,impumelelo,semantic_within,education,0.04703,0.257921,Both
wabhala,wakhuluma,cooccurrence,freq=10,0.811434,0.733004,Both
kwamabhuloho,zokwakhiwa,cooccurrence,freq=2,0.395542,0.441879,Both
emthonjeni,lweningizimu,cooccurrence,freq=96,0.127989,0.254592,Both
ukutshala,ukuyenza,morphological,class15_infinitive,0.317203,0.417042,Both
kakhulu,matric),cooccurrence,freq=2,0.102481,0.236737,Both
kube,ngenye,cooccurrence,freq=2,0.254748,0.343324,Both
ukwazi,ukukhiqiza,morphological,class15_infinitive,0.429499,0.495649,Both
abaningi,abazisebenzisa,morphological,class2_plural,0.119414,0.27859,Both
awenzayo.,engenye,cooccurrence,freq=2,0.330214,0.39615,Both
abasebenzi,masinyane,cooccurrence,freq=2,0.126421,0.253495,Both
uphiwe,uzoqasha,morphological,class11,0.346822,0.437775,Both
esidlale,wahlala,random_unrelated,,0.243766,0.215636,Both
sesifikile,est,random_unrelated,,0.357092,0.294964,Both
unomvelo,uyahlala,morphological,class11,0.309807,0.411865,Both
ukumemezela,ukuwela,morphological,class15_infinitive,0.474903,0.527432,Both
izintaba,imvelo,semantic_within,nature,0.258317,0.405822,Both
kuvezwe,eziqotho,random_unrelated,,0.323185,0.27123,Both
indlovukazi,isizwe,semantic_within,government,0.126438,0.313507,Both
indlovukazi,inch,morphological,class9_singular,0.198278,0.333794,Both
ukuzigqaja,namatende,random_unrelated,,0.204404,0.188083,Both
umsebenzi,unoxolo,cooccurrence,freq=48,0.306258,0.379381,Both
abakwazanga,ezinezinjini,random_unrelated,,0.162237,0.158566,Both
nasezinhlelweni,nika,random_unrelated,,0.27273,0.235911,Both
ngomunye,da,random_unrelated,,0.333256,0.278279,Both
588),ayoziphendulela,random_unrelated,,0.173363,0.166354,Both
"bezijabulisa,",kungeyona,random_unrelated,,0.25771,0.225397,Both
ishaye,isigameko,morphological,class7_singular,0.270026,0.384018,Both
umfula,amanzi,semantic_within,nature,0.388752,0.497127,Both
engizama,umyalezo,cooccurrence,freq=2,0.321122,0.389786,Both
benengoma,yinto,random_unrelated,,0.339885,0.282919,Both
mengo.,amasu,random_unrelated,,0.224142,0.2019,Both
lokuthi,"zomhlaba,",cooccurrence,freq=2,0.286739,0.365717,Both
umngqithi,"umqondo,",morphological,class1_singular,0.405024,0.478516,Both
ebivame,292),random_unrelated,,0.339994,0.282996,Both
abantu,oluningi,cooccurrence,freq=326,0.301696,0.376187,Both
idolobha,ikhaya,semantic_within,places,0.086707,0.285695,Both
usufonela,uwoyela,morphological,class11,0.598746,0.614122,Both
"lobungani,",nasemazweni,random_unrelated,,0.175853,0.168097,Both
nongashintsha,717),random_unrelated,,0.149215,0.14945,Both
ethekwini,msebenzi,cooccurrence,freq=2,0.184798,0.294358,Both
nguumahlaba,nasemanyuvesi.,random_unrelated,,0.320839,0.269588,Both
empumalanga,uyathenga,cooccurrence,freq=14,0.192813,0.299969,Both
nakubaqeqeshi,nomthelela,cooccurrence,freq=2,0.335999,0.400199,Both
ukubaleka,ukugula,morphological,class15_infinitive,0.30018,0.405126,Both
abengahleli,ikhiqiza,random_unrelated,,0.283955,0.243768,Both
imeya,inkampani,semantic_across,government_vs_money,0.374644,0.352251,Both
iyaqhubeka,iholide,morphological,class5_singular,0.327064,0.423944,Both
kugwenywe,ngokulungela,random_unrelated,,0.347411,0.288187,Both
umbongiseni,umjuluko,morphological,class1_singular,0.265972,0.38118,Both
abemhambele,elahlwa,cooccurrence,freq=2,0.628643,0.60505,Both
"ubumningi,",uboya,morphological,class11,0.44018,0.503126,Both
"wokujabula,",ukuzovakasha,random_unrelated,,0.387872,0.316511,Both
uwela,uqhubeke,morphological,class11,0.242811,0.364968,Both
"zakho,",all,random_unrelated,,0.27966,0.240762,Both
ye-inhlamvu,ucindezelekile.,random_unrelated,,0.340627,0.283439,Both
abebekhuluma,ngomsombuluko.,cooccurrence,freq=2,0.410162,0.452113,Both
idalule,ifaka,morphological,class5_singular,0.378901,0.46023,Both
uvumayo,"usizo,",morphological,class11,0.19617,0.332319,Both
afrika,ngobunyoninco,cooccurrence,freq=204,0.197033,0.302923,Both
udokotela,uyazinikela,cooccurrence,freq=44,0.441326,0.473928,Both
uyakhuthaza,uqinisekise,morphological,class11,0.133298,0.288309,Both
unota,u-exclusive,morphological,class11,0.380509,0.461356,Both
nokukhuthaza,zezokuvasha,cooccurrence,freq=2,0.420403,0.459282,Both
"mlaza,",enezigcawu,random_unrelated,,0.112159,0.123511,Both
likhanya,"umuntu,",cooccurrence,freq=16,0.108491,0.240944,Both
ubuthongo.,usewole,morphological,class11,0.487879,0.536515,Both
ngo-2006,officer.,cooccurrence,freq=2,0.590233,0.578163,Both
izikhalo,izimfanelo,morphological,class8_plural,0.381405,0.461983,Both
ezibalulekile,neamanzi,cooccurrence,freq=20,0.305569,0.378899,Both
ebomvu,ngidlula,cooccurrence,freq=2,0.444608,0.476226,Both
"anabo,",asebenze,cooccurrence,freq=2,0.278964,0.360275,Both
usbusiso,ubalekela,morphological,class11,0.090365,0.258255,Both
ungadlula,kwelicwecwe,random_unrelated,,0.188425,0.176897,Both
inkantolo,umdlalo,semantic_across,police_law_vs_sport,0.091237,0.153866,Both
yokuyofuna,usanda,random_unrelated,,0.34036,0.283252,Both
uluntu,beza,random_unrelated,,0.269371,0.23356,Both
kepha,unomvula,cooccurrence,freq=54,0.202683,0.306878,Both
bayasebenza,obukhethekile,cooccurrence,freq=6,0.181092,0.291764,Both
okukhulu.,uyaphendula,cooccurrence,freq=48,0.274881,0.357417,Both
ibhalwe,ibhalisele,morphological,class5_singular,0.620723,0.629506,Both
"enanda,",neqembu,cooccurrence,freq=2,0.440108,0.473076,Both
umhlengikazi,umbono,morphological,class1_singular,0.180522,0.321365,Both
unomfundo,ubuhlebuyeza,morphological,class11,0.32526,0.422682,Both
"emasimini,",ngaphandle,cooccurrence,freq=36,0.249134,0.339394,Both
belubhekana,ngqo,cooccurrence,freq=2,0.512828,0.52398,Both
abazokwazi,akhona,random_unrelated,,0.220141,0.199098,Both
efuna,"okukhulu,",cooccurrence,freq=148,0.11266,0.243862,Both
cup.,dut,random_unrelated,,0.793108,0.600176,Both
wezinkukhu,esihlalweni,random_unrelated,,0.30178,0.256246,Both
ukufudumala,"ukwakha,",morphological,class15_infinitive,0.244608,0.366226,Both
ihlathi,iqinise,morphological,class5_singular,0.16106,0.307742,Both
lakhe.,kumenyezelwe,random_unrelated,,0.329366,0.275556,Both
isikhumba,kokunqena,cooccurrence,freq=10,0.272451,0.355716,Both
olulula,zomgwaqo,random_unrelated,,0.409607,0.331725,Both
uyakhathazeka,seluzohambisana,random_unrelated,,0.089816,0.107871,Both
ukubhala,ulwazi,semantic_within,education,0.180091,0.351063,Both
abazimisele,abazobambelela,morphological,class2_plural,0.365464,0.450825,Both
emzimbeni,707),random_unrelated,,0.177006,0.168904,Both
yama,esikushilo.,random_unrelated,,0.346079,0.287256,Both
indlu,ihhotela,semantic_within,places,0.111048,0.302733,Both
nomengo,529),random_unrelated,,0.331345,0.276941,Both
ngo-2023.,uzisayinele,random_unrelated,,0.373014,0.30611,Both
abadingayo.,"esifanele,",cooccurrence,freq=10,0.201378,0.305965,Both
isincozuliwe.,abahlakazwa,random_unrelated,,0.402602,0.326821,Both
igciwane,"i-meyo,",morphological,class5_singular,0.365715,0.451,Both
yahluka,zobuthishela,random_unrelated,,0.285169,0.244618,Both
phezulu,fonela,random_unrelated,,0.288124,0.246687,Both
iphumule,"lapha,",random_unrelated,,0.295557,0.25189,Both
amaphoyisa,indlu,semantic_across,police_law_vs_places,0.108806,0.166164,Both
izinto,"zifunda,",cooccurrence,freq=68,0.109482,0.241638,Both
ikhaya,"ngezihlangothi,",cooccurrence,freq=56,0.028035,0.184625,Both
nezafukula,yakulesi,cooccurrence,freq=2,0.569811,0.563868,Both
inyuvesi,ukubhala,semantic_within,education,0.261258,0.407881,Both
uyahlela,ungomunye,morphological,class11,0.077966,0.249576,Both
amagqabi,"amavidiyo,",morphological,class6_plural,0.461427,0.517999,Both
dut.,"march,",random_unrelated,,0.751918,0.571342,Both
"ezinhle,",zingahambi,cooccurrence,freq=156,0.234439,0.329107,Both
ibhange,idola,semantic_within,money,0.167511,0.342258,Both
udokotela,ukwelapha,semantic_within,health,0.028598,0.245019,Both
71),ngosepthemba,random_unrelated,,0.278535,0.239975,Both
awusebenzelayo.,eqondile,random_unrelated,,0.371069,0.304748,Both
umbuso,indlovukazi,semantic_within,government,0.334431,0.459102,Both
umculi,ikhwaya,semantic_within,music,0.277221,0.419055,Both
ethempelini,unozipho,cooccurrence,freq=4,0.305598,0.378918,Both
hlongwa.,"phephandaba,",random_unrelated,,0.485037,0.384526,Both
kukusiza,basize,random_unrelated,,0.334866,0.279406,Both
i-quad,ibhadi,morphological,class5_singular,0.401,0.4757,Both
"kakhulu,",nomunye,cooccurrence,freq=4,0.031147,0.186803,Both
umoya.,umgqigqo.,morphological,class1_singular,0.436613,0.500629,Both
unoxolo,unitas,morphological,class11,0.153223,0.302256,Both
emsebenzini,nezinkinga,cooccurrence,freq=188,0.154052,0.272836,Both
umculo,umrepha,semantic_within,music,0.125441,0.312808,Both
uzobe,ubonane,morphological,class11,0.396947,0.472863,Both
amanzi,imithi,semantic_within,nature,0.211888,0.373321,Both
522),umthwalo,random_unrelated,,0.096794,0.112756,Both
ayikawubambi,siduma,random_unrelated,,0.489319,0.387523,Both
inyuvesi,uthisha,semantic_within,education,0.244089,0.395863,Both
shange.,okhonze,random_unrelated,,0.348197,0.288738,Both
"edolobheni,",kaningi,cooccurrence,freq=24,0.104492,0.238144,Both
"sase-agriseta,","ezahlukahlukene,",random_unrelated,,0.325145,0.272601,Both
emvelweni,unomathemba,cooccurrence,freq=24,0.291471,0.36903,Both
kwabafuna,s,cooccurrence,freq=2,0.419959,0.458971,Both
olaziyo,neze,random_unrelated,,0.432374,0.347662,Both
ungaya,ulungise,morphological,class11,0.206657,0.33966,Both
usanethuba,wonkana,random_unrelated,,0.423637,0.341546,Both
"monyepao,",zihluke,random_unrelated,,0.301147,0.255803,Both
bayaliphika,abakhonze,random_unrelated,,0.435222,0.349655,Both
ulwandle,imifula,semantic_within,nature,0.340547,0.463383,Both
ungene,ungadlali,morphological,class11,0.527536,0.564275,Both
empumalanga,ubaba,cooccurrence,freq=4,0.265385,0.350769,Both
uthebe,ushintshe,morphological,class11,0.315539,0.415877,Both
kungukuthi,owahlola,random_unrelated,,0.188865,0.177206,Both
bayamethemba.,lwendlu,random_unrelated,,0.229305,0.205514,Both
owenze,"ezikoleni,",random_unrelated,,0.121018,0.129713,Both
abaphase,abanginikeza,morphological,class2_plural,0.560189,0.587133,Both
uyasebenza,uyavuka,cooccurrence,freq=24,0.772689,0.705883,Both
udkt,uyenze,morphological,class11,0.313091,0.414164,Both
ikhompiyutha,umabonakude,semantic_within,technology,0.330235,0.456165,Both
"izinhlanzi,","izimbangi,",morphological,class8_plural,0.345545,0.436882,Both
"egauteng,",ntambama,cooccurrence,freq=32,0.235664,0.329965,Both
ukuhlale,wokufuna,cooccurrence,freq=2,0.213033,0.314123,Both
isikole,ukubhala,semantic_within,education,0.163904,0.339733,Both
izindaba,izithelo,morphological,class8_plural,0.249718,0.369802,Both
"ukubekezelelana,",ukusekelwa,morphological,class15_infinitive,0.400394,0.475276,Both
olwandle,ukwakha,cooccurrence,freq=18,0.098835,0.234184,Both
udumo,uzakhele,cooccurrence,freq=2,0.55999,0.556993,Both
ngiphasa,lokuhwebelana,random_unrelated,,0.155548,0.153883,Both
ukubhala,ukufunda,semantic_within,education,0.556156,0.614309,Both
ebinabagibeli,yaphaphalaza,cooccurrence,freq=4,0.694899,0.651429,Both
izindlela,wengoma,random_unrelated,,0.00649,0.049543,Both
amaningi,wesizwe,cooccurrence,freq=32,0.272038,0.355427,Both
baqale,lwabo,cooccurrence,freq=2,0.37764,0.429348,Both
"izolo,",phama,cooccurrence,freq=2,0.134037,0.258826,Both
igijime,yalekelela,random_unrelated,,0.293152,0.250206,Both
elihle,yinhliziyo,cooccurrence,freq=116,0.337426,0.401198,Both
enkulu,umpheki,cooccurrence,freq=160,0.321131,0.389792,Both
ibhola,wakhumbula,cooccurrence,freq=26,0.421682,0.460177,Both
ihholo,ibaxwayisa,morphological,class5_singular,0.381314,0.46192,Both
sempilo.,ukuvikela,random_unrelated,,0.177001,0.168901,Both
uthisha,incwadi,semantic_within,education,0.276224,0.418357,Both
ekhombiswa,etholakala,cooccurrence,freq=16,0.542676,0.544873,Both
bayahamba,obufuneka,cooccurrence,freq=32,0.265059,0.350541,Both
theknoloji,isiteshi,semantic_across,technology_vs_places,0.353055,0.337139,Both
umfula,imvelo,semantic_within,nature,0.106457,0.29952,Both
ibhola,wabonga,cooccurrence,freq=18,0.342631,0.404842,Both
uhole,usuvuna,morphological,class11,0.337917,0.431542,Both
ukubaphuca,"ukusekelana,",morphological,class15_infinitive,0.342947,0.435063,Both
omgwaqo,yiluphi,random_unrelated,,0.14611,0.147277,Both
ukhohlwe,"emigwaqweni,",random_unrelated,,0.207681,0.190377,Both
yeningi.,luzosiza,random_unrelated,,0.193392,0.180375,Both
uletho,ubudokotela.”,morphological,class11,0.360487,0.447341,Both
"ubuntu,",ubafundisa,morphological,class11,0.49775,0.543425,Both
inkampani,ezaziyilandela.,random_unrelated,,0.101333,0.115933,Both
indishi,ukuphuza,semantic_within,food,0.344393,0.466075,Both
"egauteng,",ngokubambisana,cooccurrence,freq=30,0.262239,0.348567,Both
abashadayo,abane,morphological,class2_plural,0.308595,0.411017,Both
kwangabe,phansi,cooccurrence,freq=4,0.301479,0.376035,Both
enhliziyweni,lizayo,cooccurrence,freq=36,0.189989,0.297993,Both
ingcindezi,ongakwazi,cooccurrence,freq=2,0.536734,0.540714,Both
i-amandlenkosi,iciko,morphological,class5_singular,0.445218,0.506653,Both
inja,inyoni,semantic_within,animals,0.487879,0.566515,Both
ngokufundisa,ngezimpilo,random_unrelated,,0.246911,0.217837,Both
ulydia,ubesemhlabeni,morphological,class11,0.549898,0.579929,Both
ukuzihlalela,ukoma,morphological,class15_infinitive,0.371073,0.454751,Both
imisebenzi,neukudla,cooccurrence,freq=16,0.030638,0.186447,Both
ukufudumala,ukhumalo,morphological,class15_infinitive,0.340966,0.433676,Both
yomthetho,usondelani,random_unrelated,,0.066559,0.091591,Both
icwecwe,umculi,semantic_within,music,0.376878,0.488815,Both
notshatha,zezitshalo,random_unrelated,,0.394451,0.321116,Both
ngabesilisa.,ngayo,cooccurrence,freq=2,0.479069,0.500349,Both
875),uchaza,random_unrelated,,0.170298,0.164209,Both
ugqama,bami.,random_unrelated,,0.27913,0.240391,Both
udinga,ulishebe,morphological,class11,0.383955,0.463769,Both
usithole.,unyazilwezulu,morphological,class11,0.290655,0.398459,Both
ubhala,ulalelwa,morphological,class11,0.305565,0.408895,Both
ukulalela,ukuqina,morphological,class15_infinitive,0.309491,0.411643,Both
ukuyithi.,imfundo.,random_unrelated,,0.255739,0.224017,Both
ungafuni,"bexhasana,",random_unrelated,,0.124565,0.132196,Both
"ebusuku,",ulwazi,cooccurrence,freq=10,0.158649,0.276054,Both
itheku,ihhotela,semantic_within,places,0.491291,0.568904,Both
izibopho,izibani,morphological,class8_plural,0.601612,0.616128,Both
abasubathi,"kwamanzi,",random_unrelated,,0.337972,0.28158,Both
iwest.,i-eff,morphological,class5_singular,0.703876,0.687714,Both
engozini,ngiqamba,random_unrelated,,0.363952,0.299767,Both
ezihlala,sebezokwazi,cooccurrence,freq=2,0.278984,0.360289,Both
inyama,inkanyezi.,morphological,class9_singular,0.081321,0.251925,Both
isikhumba,wadla,cooccurrence,freq=34,0.401539,0.446078,Both
(tablets),lokhu,cooccurrence,freq=2,0.238787,0.332151,Both
“lokho,unomvelo,random_unrelated,,0.255581,0.223907,Both
"se-icc,",ngyisebenzise,random_unrelated,,0.314597,0.265218,Both
uphephula,uphiwe,morphological,class11,0.209612,0.341729,Both
awusenabudlelwano,zigcineke,random_unrelated,,0.311996,0.263397,Both
umfutho,zasolwandle,cooccurrence,freq=2,0.549191,0.549434,Both
kuphetha,30),random_unrelated,,0.16641,0.161487,Both
lwe-e-filing,kuka-matric,random_unrelated,,0.428464,0.344925,Both
u-11,unciphisa,morphological,class11,0.321423,0.419996,Both
ikhukhamba,indishi,semantic_within,food,0.367587,0.482311,Both
ibhola,kwenziwa,cooccurrence,freq=70,0.310532,0.382372,Both
993),"lomqondo,",random_unrelated,,0.327205,0.274043,Both
izingane,labazali,cooccurrence,freq=28,0.142614,0.26483,Both
idolobha,isiteshi,semantic_within,places,0.142672,0.32487,Both
izinkumbulo.,engemihle,random_unrelated,,0.149667,0.149767,Both
indawo,nezintaba,cooccurrence,freq=2,0.352564,0.411795,Both
ngokuqinisekile.,wakhe,cooccurrence,freq=1016,0.304319,0.378024,Both
(interpol),nokufundisa,random_unrelated,,0.305766,0.259036,Both
888),emshadweni.,cooccurrence,freq=2,0.590164,0.578115,Both
17),kwaba,random_unrelated,,0.024942,0.06246,Both
ngokuphelele,unkk,cooccurrence,freq=2,0.408069,0.450648,Both
"ka-1995.""",ngigweme,random_unrelated,,0.433792,0.348654,Both
i-african,ilandele,morphological,class5_singular,0.495116,0.541581,Both
uboya,ubengakabi,morphological,class11,0.458183,0.515728,Both
uqikelela,uphakama,morphological,class11,0.321681,0.420177,Both
emazweni,kuka-500,cooccurrence,freq=2,0.460167,0.487117,Both
amakhaya,amangwevu.,morphological,class6_plural,0.2374,0.36118,Both
amavithamini,ama-albhamu,morphological,class6_plural,0.48808,0.536656,Both
"ngokuhlakanipha,",ezinze,random_unrelated,,0.302385,0.256669,Both
uyabiza,ubesebenza,morphological,class11,0.163708,0.309596,Both
bayabekezela,ngemininingwane,random_unrelated,,0.222949,0.201064,Both
ukuthungwa,ukuzigqaja,morphological,class15_infinitive,0.219026,0.348318,Both
abanye,abazibonela,morphological,class2_plural,0.252344,0.371641,Both
unobhala,"uthebe,",morphological,class11,0.345383,0.436768,Both
isibalo,okungalungile,cooccurrence,freq=2,0.397368,0.443158,Both
abaswele.,limhlophe,random_unrelated,,0.178771,0.170139,Both
ubudlelwano,uyabasanganela,morphological,class11,0.486635,0.535645,Both
unitas,usenzo,morphological,class11,0.431965,0.497375,Both
wawaphika.,742),random_unrelated,,0.335961,0.280173,Both
abadingayo,esinezinhlelo,cooccurrence,freq=76,0.157858,0.2755,Both
zwe,wenza,random_unrelated,,0.181114,0.17178,Both
ukuphuza,imifula,semantic_across,food_vs_nature,0.396688,0.367682,Both
"wethu,”",eke,random_unrelated,,0.400736,0.325515,Both
amazambane,isitsha,semantic_within,food,0.395557,0.50189,Both
yakhipha,yokukhishwa,cooccurrence,freq=2,0.481163,0.501814,Both
free,ngaphambi,cooccurrence,freq=4,0.210893,0.312625,Both
yesomiso,"ukunikela,",random_unrelated,,0.277349,0.239144,Both
ihlanganisa,iyobe,morphological,class5_singular,0.294708,0.401295,Both
abadala.,abangamakhulu,morphological,class2_plural,0.347304,0.438113,Both
ilokishi,ihhotela,semantic_within,places,0.359396,0.476577,Both
abafundi,"abathathu,",morphological,class2_plural,0.181283,0.321898,Both
nokungapheli,ingubo,random_unrelated,,0.183877,0.173714,Both
ukhala,nokuchitheka,random_unrelated,,0.140477,0.143334,Both
ulale,yinini,cooccurrence,freq=2,0.311181,0.382827,Both
emisha,ukuthi,cooccurrence,freq=4,0.016153,0.176307,Both
nokuzimisela,njengolimi,random_unrelated,,0.098303,0.113812,Both
ukwesula,lokufundela,random_unrelated,,0.275427,0.237799,Both
uphatheke,ubudala.,morphological,class11,0.30241,0.406687,Both
lwenyukelwa,ngudokotela,random_unrelated,,0.47717,0.379019,Both
ngesikhathi,oqhamuka,cooccurrence,freq=324,0.112623,0.243836,Both
lweningizimu,ubaluleke,cooccurrence,freq=264,0.173006,0.286104,Both
zidla,ziyabuka,cooccurrence,freq=2,0.672651,0.635856,Both
nezinto,yakhe,cooccurrence,freq=2,0.077562,0.219293,Both
itekisi,i-corpus,morphological,class5_singular,0.323378,0.421365,Both
zokuphila,sezibuyile,random_unrelated,,0.207268,0.190087,Both
usanda,uhloniphe,morphological,class11,0.169759,0.313831,Both
ihlale,ilandelana,morphological,class5_singular,0.254462,0.373124,Both
ukufaka,ukubaleka,morphological,class15_infinitive,0.426935,0.493855,Both
ukuzijabulisa,ukulungisa,morphological,class15_infinitive,0.271616,0.385131,Both
kanti,ukuthenga,cooccurrence,freq=10,0.268363,0.352854,Both
ihlale,idream,morphological,class5_singular,0.233105,0.358173,Both
"ukholo,",ukuveza,morphological,class15_infinitive,0.336003,0.430202,Both
mutyaba.,2.8,random_unrelated,,0.520459,0.409321,Both
ukufunda,isivivinyo,semantic_within,education,0.333715,0.4586,Both
uthisha,iphepha,semantic_within,education,0.243125,0.395188,Both
izimo,ulungelo,cooccurrence,freq=46,0.20842,0.310894,Both
amehlula.,yokungcwaba,random_unrelated,,0.472884,0.376019,Both
idlalela,ithoyizi,morphological,class5_singular,0.401001,0.475701,Both
ugrade,uyamvumela,morphological,class11,0.300874,0.405612,Both
awusebenzelayo.,enze,cooccurrence,freq=2,0.323679,0.391576,Both
indoda,abantu,semantic_within,family,0.147987,0.328591,Both
izinkukhu,makwa.,random_unrelated,,0.247442,0.218209,Both
ucedric,usma,morphological,class11,0.341009,0.433707,Both
kushayisana,ehlonyulwe,random_unrelated,,0.354189,0.292932,Both
"entabeni,",ngoba,cooccurrence,freq=818,0.158691,0.276083,Both
namhlanje,benamanxeba,random_unrelated,,0.192181,0.179526,Both
nezingaxazululeka,eliqhakazile.ngaleli,random_unrelated,,0.391406,0.318984,Both
ayesebenza,ngesikhathi,cooccurrence,freq=2,0.058978,0.206285,Both
nzinyanga,kokuthatha,random_unrelated,,0.197564,0.183295,Both
ukuthi,uthe:,cooccurrence,freq=4,0.055691,0.203984,Both
indawo.,ezizikhetha,random_unrelated,,0.264107,0.229875,Both
bama-thermal,emisebenzi.”,random_unrelated,,0.450256,0.360179,Both
umndeni,"wakhe,",cooccurrence,freq=12,0.159677,0.276774,Both
esefike,2),random_unrelated,,0.405701,0.328991,Both
omzimba.,ezibheka,random_unrelated,,0.177062,0.168944,Both
iholide,i-corolla,morphological,class5_singular,0.315825,0.416078,Both
"eqhuba,",nokutomula,random_unrelated,,0.377904,0.309533,Both
izilwane,ukubona,cooccurrence,freq=4,0.12719,0.254033,Both
umzali,zikhona,cooccurrence,freq=8,0.149763,0.269834,Both
iphakama,iyaguquka,morphological,class5_singular,0.181968,0.322377,Both
"bomqondo,",ethekwini,cooccurrence,freq=18,0.113654,0.244558,Both
iphonsa,avele.,random_unrelated,,0.255807,0.224065,Both
kwalokho,ungomunye,cooccurrence,freq=2,0.216487,0.316541,Both
indima,kakhulu,cooccurrence,freq=2,0.160769,0.277538,Both
bayahlonipha,olwandle,cooccurrence,freq=8,0.204244,0.307971,Both
"ezibalulekile,","nobuqotho,",cooccurrence,freq=48,0.115399,0.245779,Both
ukuhlola,ukudlulisa,morphological,class15_infinitive,0.268668,0.383068,Both
wumuntu,“uma,random_unrelated,,0.534357,0.41905,Both
uqinisekisile,uwucishe,morphological,class11,0.348328,0.438829,Both
ibalula,i-eff,morphological,class5_singular,0.251782,0.371248,Both
abadlali,umandla,cooccurrence,freq=6,0.468505,0.492954,Both
umfundi,ukufunda,semantic_within,education,0.252547,0.401783,Both
ngomashi,ubryan,cooccurrence,freq=2,0.489315,0.50752,Both
idangele,ikhibhodi,morphological,class5_singular,0.371628,0.45514,Both
kuyenzeka,nasezikhathini,random_unrelated,,0.194589,0.181212,Both
umkhondo,"umsebenzi,",morphological,class1_singular,0.057933,0.235553,Both
abalulekile.,abagqamile,morphological,class2_plural,0.292361,0.399652,Both
nsuku,umfula,cooccurrence,freq=2,0.208317,0.310822,Both
6.,bezofuna,random_unrelated,,0.392838,0.319987,Both
etholakala,wakhe,cooccurrence,freq=208,0.180391,0.291273,Both
isisiza,isahlulwe,morphological,class7_singular,0.236761,0.360733,Both
uwumcimbi,unthabiseng,morphological,class11,0.329919,0.425944,Both
sihlangene,678),random_unrelated,,0.075125,0.097588,Both
asuka,amadoda,random_unrelated,,0.24588,0.217116,Both
uhlangana,uwashiye,morphological,class11,0.135683,0.289978,Both
ikhiphe,ngamava,random_unrelated,,0.179084,0.170358,Both
iqoqe,iyasitshintsha,morphological,class5_singular,0.26618,0.381326,Both
esikoleni,usbusiso,cooccurrence,freq=62,0.382544,0.432781,Both
"emini,",inkomishi,cooccurrence,freq=40,0.358336,0.415835,Both
lapho,ohlushwa,cooccurrence,freq=2,0.156296,0.274407,Both
nekusasa,kungenzeka,random_unrelated,,0.135888,0.140121,Both
uqolothakamango,uwela,morphological,class11,0.296913,0.402839,Both
ababili,abazibonela,cooccurrence,freq=2,0.525951,0.533166,Both
zasolwandle,ezabalaza,random_unrelated,,0.457861,0.365502,Both
ukuhambisana,ukuzimela,morphological,class15_infinitive,0.334758,0.42933,Both
isinkwa,imifino,semantic_within,food,0.462848,0.548993,Both
ipuleti,ihambe,morphological,class5_singular,0.291414,0.39899,Both
ukhuni,imithi,semantic_within,nature,0.337369,0.461158,Both
chicken,cubes,cooccurrence,freq=2,0.890662,0.788463,Both
urichard,usma,morphological,class11,0.324208,0.421945,Both
abadlali,eyodwa,cooccurrence,freq=2,0.198665,0.304066,Both
ongamfanele.,kuphatha,random_unrelated,,0.292752,0.249927,Both
indiza,ukuhamba,semantic_within,transport,0.277853,0.419497,Both
ukuqhuba,ukusheshe,morphological,class15_infinitive,0.418268,0.487787,Both
unika,ucic,morphological,class11,0.317526,0.417268,Both
isinqunywe,yedolobha;,random_unrelated,,0.360687,0.297481,Both
ushelele,unginika,morphological,class11,0.443919,0.505743,Both
uthando,usuxoshiwe.,morphological,class11,0.095563,0.261894,Both
i-anc,igijima,morphological,class5_singular,0.312015,0.41341,Both
isikole,impumelelo,semantic_within,education,0.226778,0.383744,Both
ukuxoxa,zokuxhumana,cooccurrence,freq=2,0.301304,0.375913,Both
emishibeni,bahlome,random_unrelated,,0.456453,0.364517,Both
bahlanganyela,bexoxa,cooccurrence,freq=20,0.550731,0.550512,Both
990),eyunivesithi,random_unrelated,,0.427454,0.344218,Both
wukubona,"apholile,",random_unrelated,,0.161527,0.158069,Both
umsindo,nezinsizwa,random_unrelated,,0.132369,0.137658,Both
ukuhlenga,ukuphasa,morphological,class15_infinitive,0.42349,0.491443,Both
ngiqinisekisa,630),random_unrelated,,0.18032,0.171224,Both
eqhamuka,(isisho,random_unrelated,,0.178628,0.17004,Both
iyizwe,"i-addington,",morphological,class5_singular,0.304652,0.408256,Both
"endleleni,",kwalokho,cooccurrence,freq=38,0.285705,0.364993,Both
ikati,ukudlala,semantic_across,animals_vs_sport,0.344503,0.331152,Both
ezihlonipha,nowangolwesibili.,random_unrelated,,0.296483,0.252538,Both
ibhola,imidlalo,semantic_within,sport,0.184886,0.35442,Both
ichiefs,"ijabule,",morphological,class5_singular,0.235079,0.359555,Both
bengayilalela,ukuthi,cooccurrence,freq=2,0.075756,0.218029,Both
izitsha,yokusiza,cooccurrence,freq=66,0.359413,0.416589,Both
limdinga.,"ngobunyoninco,",cooccurrence,freq=16,0.285181,0.364626,Both
kuphetha,zulu.,cooccurrence,freq=2,0.336029,0.40022,Both
umuntu,umculo,morphological,class1_singular,0.178787,0.320151,Both
uyaphendula,yakhe,cooccurrence,freq=208,0.164967,0.280477,Both
ulethe,unezinombolo,morphological,class11,0.25784,0.375488,Both
"kokusetshenziswa,",okubamba,random_unrelated,,0.250125,0.220088,Both
abasebenzi,ngokuzikhandla.,cooccurrence,freq=2,0.356666,0.414666,Both
"njalo,",wabuka,cooccurrence,freq=28,0.191077,0.298754,Both
ungobeni,ucassper,morphological,class11,0.480796,0.531557,Both
enobuqotho.,"ukufunda,",cooccurrence,freq=4,0.324791,0.392354,Both
womuntu,nengisinikwe,random_unrelated,,0.22465,0.202255,Both
"ilokishi,",ibihlezi,morphological,class5_singular,0.356366,0.444456,Both
ngokubhalisela,ngazitshela,random_unrelated,,0.345211,0.286648,Both
bayahleka,"legoli,",cooccurrence,freq=8,0.183854,0.293698,Both
uzothola,u-90,morphological,class11,0.49076,0.538532,Both
ubelimele,ushintshe,morphological,class11,0.371816,0.455271,Both
umkhakha,umagasela,morphological,class1_singular,0.400571,0.475399,Both
abasebenza,ihhovisi,cooccurrence,freq=10,0.434477,0.469134,Both
esuka,bavumelene,random_unrelated,,0.233466,0.208426,Both
akukho,okungasiphuca,cooccurrence,freq=2,0.58431,0.574017,Both
futhi,kwamagatsha,cooccurrence,freq=2,0.106026,0.239218,Both
"sikashukela,",bazibambe,random_unrelated,,0.471127,0.374789,Both
unika,uvivinyo,morphological,class11,0.330979,0.426686,Both
iphupho,iyamlahla,morphological,class5_singular,0.169299,0.313509,Both
kuwo,neinhlonipho,cooccurrence,freq=192,0.420933,0.459653,Both
sezibuyile,kubuye,random_unrelated,,0.274748,0.237323,Both
ukuzethemba,ukuphazanyiswa,morphological,class15_infinitive,0.229347,0.355543,Both
ihlathi,umfula,semantic_within,nature,0.358849,0.476195,Both
le-da,"r,",random_unrelated,,0.529718,0.415803,Both
okushisa,ukuthu,random_unrelated,,0.119827,0.128879,Both
lwayo,kwamalungu,random_unrelated,,0.307164,0.260015,Both
esevuma,eseyonakaliswe,random_unrelated,,0.605821,0.469075,Both
uphakamise,ungena,morphological,class11,0.252474,0.371732,Both
830),944),random_unrelated,,0.99115,0.738805,Both
unikeza,ugxile,morphological,class11,0.320589,0.419412,Both
amasiko,ubuntu,semantic_within,culture,0.354591,0.473214,Both
imeya,icala,semantic_within,government,0.416912,0.516838,Both
ayeqashwe,life,random_unrelated,,0.367216,0.302051,Both
uvula,ungasetshenziswa,morphological,class11,0.483103,0.533172,Both
ngomakhalekhukhwini.,"yayijabule,",random_unrelated,,0.339227,0.282459,Both
organic,sisazoke,random_unrelated,,0.324414,0.27209,Both
edolobheni,"ibalulekile,",cooccurrence,freq=4,0.09376,0.230632,Both
uhlangothi,ayaqapha,random_unrelated,,0.125688,0.132981,Both
ubukhosi,"zezikhali,",cooccurrence,freq=8,0.267251,0.352076,Both
uchonco,sezindleko,random_unrelated,,0.18244,0.172708,Both
igama,lwamaphoyisa,cooccurrence,freq=2,0.382351,0.432646,Both
ukubekezela,ukuziqeqesha,morphological,class15_infinitive,0.280663,0.391464,Both
bathenga,othandwa,cooccurrence,freq=244,0.556812,0.554768,Both
irugged,"harvest,",random_unrelated,,0.635905,0.490133,Both
uyambonga.,uvusumuzi,morphological,class11,0.147334,0.298134,Both
limakwe,uramaphosa,random_unrelated,,0.472901,0.37603,Both
inyoni,iqhude,semantic_within,animals,0.39963,0.504741,Both
ingakapheli,okungaphuthumi.,random_unrelated,,0.448156,0.358709,Both
emsebenzini,kuyinhlanhla,cooccurrence,freq=56,0.096672,0.23267,Both
"kwehlobo,",891),random_unrelated,,0.339506,0.282654,Both
ezinomoya,mathonsi,random_unrelated,,0.252641,0.221849,Both
"ubumningi,",unina.,morphological,class11,0.271774,0.385241,Both
ngokungahambi,ukusetshenzisa,cooccurrence,freq=2,0.237929,0.33155,Both
inyuvesi,umtapo,semantic_within,education,0.246765,0.397735,Both
ubumbano,unike,morphological,class11,0.065795,0.241057,Both
lendawo,namanje,cooccurrence,freq=2,0.199623,0.304736,Both
"ongenakulinganiswa,",wagijima,cooccurrence,freq=48,0.368927,0.423249,Both
ngake,ngawufeyila.,cooccurrence,freq=4,0.802894,0.727026,Both
okwenzekayo.,ngesikathi,random_unrelated,,0.233444,0.208411,Both
nabangangaphezu,kanjani.,random_unrelated,,0.265436,0.230805,Both
ebusuku,uyalanda,cooccurrence,freq=2,0.15634,0.274438,Both
uyafunda,uyahleka,morphological,class11,0.90017,0.825119,Both
"mhlungu,",ukuthi,cooccurrence,freq=4,0.086332,0.225432,Both
ihanjwe,ngo-2020,random_unrelated,,0.430677,0.346474,Both
uthi,abahlakaniphile,random_unrelated,,-0.038158,0.01829,Both
isikole,inyuvesi,semantic_within,education,0.36726,0.482082,Both
asanda,kwayoutube,cooccurrence,freq=2,0.658618,0.626033,Both
yizwe,bakhulela,random_unrelated,,0.080522,0.101365,Both
u-2019.,u-r1,morphological,class11,0.624832,0.632383,Both
incwadi,ukufunda,semantic_within,education,0.288337,0.426836,Both
usho,ungalihloniphi,morphological,class11,0.1071,0.26997,Both
futhi,silinde,cooccurrence,freq=2,0.042354,0.194647,Both
bayabekezela,sokwenza,cooccurrence,freq=16,0.221741,0.320218,Both
indoda,umndeni,semantic_within,family,0.235331,0.389731,Both
isikhathi,umndenni,cooccurrence,freq=6,0.256256,0.344379,Both
uminnie,"umncintiswano.""",morphological,class1_singular,0.491118,0.538783,Both
emalokishini,kuzosiza,cooccurrence,freq=2,0.199331,0.304532,Both
"okunamafutha,",kwenyusa,random_unrelated,,0.401776,0.326243,Both
umthokozisi,uthemba,cooccurrence,freq=8,0.60603,0.589221,Both
uqhubeke,uthengele,morphological,class11,0.254468,0.373128,Both
indlela,inezibani,morphological,class9_singular,0.202477,0.336734,Both
ingane,mfowethu,semantic_within,family,0.192593,0.359815,Both
umbongiseni,uyacabanga,cooccurrence,freq=32,0.462925,0.489048,Both
sebungenile,abasuke,random_unrelated,,0.299831,0.254882,Both
ukhala,wabambezela,random_unrelated,,0.128479,0.134935,Both
ntambama,uyageza,cooccurrence,freq=32,0.209696,0.311787,Both
nomnikazi,zigijima,cooccurrence,freq=2,0.541105,0.543774,Both
emlanjeni.,yemithi,random_unrelated,,0.313451,0.264416,Both
uweisy,ubusika,morphological,class11,0.295418,0.401793,Both
uzihlalele,"ubufakazi,",morphological,class11,0.277738,0.389417,Both
wabambezela,uqhakambise,random_unrelated,,0.41854,0.337978,Both
"ngesonto,",ohle,cooccurrence,freq=14,0.198857,0.3042,Both
ungakuthola,u-r230.,morphological,class11,0.400224,0.475157,Both
ezahlukene.,kwamasonto,random_unrelated,,0.194055,0.180839,Both
ukufika.,ukushesha,morphological,class15_infinitive,0.523232,0.561263,Both
eziphezulu,"i-internet,",random_unrelated,,0.419556,0.338689,Both
ikhukhamba,udokotela,semantic_across,food_vs_health,0.064446,0.135112,Both
ubebekwe,uzandile.,morphological,class11,0.352891,0.442023,Both
171),bhala,random_unrelated,,0.179498,0.170648,Both
uyasebenza,ububone,morphological,class11,0.12806,0.284642,Both
ingoma,umrepha,semantic_within,music,0.341135,0.463795,Both
"umandla,",umoremi,morphological,class1_singular,0.306309,0.409416,Both
ukuzethemba,ukudweba,morphological,class15_infinitive,0.246807,0.367765,Both
flavour,neziseningizimu,random_unrelated,,0.321954,0.270368,Both
"enkundleni,",ompofu,cooccurrence,freq=14,0.31524,0.385668,Both
ngojulayi.,okungenye,random_unrelated,,0.135199,0.139639,Both
free,baba,random_unrelated,,0.134807,0.139365,Both
uphethiloli,u-ouaddou.,morphological,class11,0.440465,0.503326,Both
abadala,abangazi,morphological,class2_plural,0.381657,0.46216,Both
inkosi,umasipala,semantic_within,government,0.199194,0.364436,Both
ucansi,esebenzisa,random_unrelated,,0.326138,0.273297,Both
kule,"mboni,”",cooccurrence,freq=4,0.460666,0.487466,Both
"sakuseni,",umemezele,random_unrelated,,0.027464,0.064225,Both
wakhuluma,ababengobhongoza,random_unrelated,,0.139686,0.14278,Both
uzame,uzosebenzisana,morphological,class11,0.303615,0.40753,Both
ukufinyelela,ukuza,morphological,class15_infinitive,0.419276,0.488493,Both
kwemibhikisho,yimarch,cooccurrence,freq=2,0.619796,0.598857,Both
egauteng,ntambama,cooccurrence,freq=20,0.098512,0.233958,Both
emphakathini.,wulimit.,random_unrelated,,0.212302,0.193611,Both
omkhulu,uthisha,cooccurrence,freq=20,0.274314,0.35702,Both
"ridge,",uma,cooccurrence,freq=4,0.144739,0.266317,Both
izivivinyo,izithandazo,morphological,class8_plural,0.277936,0.389555,Both
bexabana,ohloniphekile.,random_unrelated,,0.317808,0.267466,Both
uzokhomba,ungenza,morphological,class11,0.268711,0.383098,Both
umtapo,impumelelo,semantic_within,education,0.063125,0.269188,Both
ikhanyisa,ilungiswe.,morphological,class5_singular,0.05479,0.233353,Both
avulwa,ekuphileni,cooccurrence,freq=8,0.243067,0.335147,Both
ohlakaniphile,uphiwayinkosi,cooccurrence,freq=16,0.210907,0.312635,Both
bathi,nobubhoklolo,cooccurrence,freq=2,0.418603,0.458022,Both
ephumelelayo.,"ukuxhumana,",cooccurrence,freq=2,0.490589,0.508412,Both
amathayi,elokhu,random_unrelated,,0.298128,0.25369,Both
"kokulimala,",okwenza,cooccurrence,freq=198,0.529252,0.535476,Both
unomcebo,"usuxoshiwe,""",morphological,class11,-0.00524,0.191332,Both
abafundisi,abahlose,morphological,class2_plural,0.277178,0.389025,Both
ebeba,unomphela,cooccurrence,freq=2,0.486762,0.505733,Both
"uyamhlonipha,",uyathengisa,morphological,class11,0.165763,0.311034,Both
ovelele,wonyaka,cooccurrence,freq=2,0.401665,0.446166,Both
"uyambonga,",ungathini,morphological,class11,0.272849,0.385995,Both
ilokhu,iqale,morphological,class5_singular,0.290509,0.398356,Both
eqhubeka,(23),random_unrelated,,0.386385,0.315469,Both
usithole.,uwuvumele,morphological,class11,0.419014,0.48831,Both
"ka-matric,",nokwazisa,random_unrelated,,0.188681,0.177077,Both
abantu,kukagesi,cooccurrence,freq=2,0.066759,0.211731,Both
esihle,sokuqala,cooccurrence,freq=2,0.386934,0.435854,Both
ulungelo,uyahlanza,cooccurrence,freq=56,0.508162,0.520713,Both
wayeyiphoyisa,elithile,random_unrelated,,0.357374,0.295162,Both
kokulala.,izinkukhu,random_unrelated,,0.104407,0.118085,Both
avikele,ukuphikelela,random_unrelated,,0.328808,0.275165,Both
amakhasimende,yithi,random_unrelated,,0.244944,0.216461,Both
"ngo-1997,",uzofundelani.,cooccurrence,freq=2,0.558263,0.555784,Both
wokuvalelisa,njengesiteshi,random_unrelated,,0.391655,0.319159,Both
"kuyona,",iyashesha,random_unrelated,,0.16588,0.161116,Both
msebenzi,namaphoyisa,random_unrelated,,0.085404,0.104783,Both
iboshwe,zifunde,random_unrelated,,0.050432,0.080302,Both
nasenhlekeleleni.,lokugaya,random_unrelated,,0.309257,0.26148,Both
udlubu,u-100%.,morphological,class11,0.557791,0.585454,Both
eqokwa,kwitshatha,cooccurrence,freq=2,0.614137,0.594896,Both
"ukushayela,",ukuwela,morphological,class15_infinitive,0.429766,0.495836,Both
iyakhula.,ibinesifiso,morphological,class5_singular,0.228287,0.354801,Both
uyilondoloza,uzibona,morphological,class11,0.259723,0.376806,Both
engingakwenza,engithemba,cooccurrence,freq=4,0.783373,0.713361,Both
usedubule,u-r10,morphological,class11,0.568982,0.593287,Both
amaningi,"ngokulingana,",cooccurrence,freq=4,0.202865,0.307005,Both
nokudlondlobala,339),random_unrelated,,0.210244,0.192171,Both
izokwazi,nokuqasha,cooccurrence,freq=2,0.475332,0.497733,Both
udalule,"uramaphosa,",morphological,class11,0.382665,0.462866,Both
"kwesitolo,",abaphumelelayo,random_unrelated,,0.238788,0.212152,Both
unomfundo,"uphelile,",morphological,class11,0.104893,0.268425,Both
umuntu,wethu,cooccurrence,freq=116,0.179819,0.290873,Both
nowethu.,uyasebenza,random_unrelated,,0.05509,0.083563,Both
entsheni,esemakhaya,cooccurrence,freq=2,0.35092,0.410644,Both
ngokusho,namanzi,random_unrelated,,0.233718,0.208602,Both
elakhiwe,xulu.,random_unrelated,,0.183032,0.173122,Both
esikhathini.,"ehlanzekile,",random_unrelated,,0.109681,0.121777,Both
nokuthumba.,akazinikele,random_unrelated,,0.166764,0.161735,Both
oluqinile,oluvikela,cooccurrence,freq=2,0.50565,0.518955,Both
uwuqholo,uthebe.,morphological,class11,0.241122,0.363785,Both
kwezindawo,zizosebenza,random_unrelated,,0.32088,0.269616,Both
isinkwa,amazambane,semantic_within,food,0.376344,0.488441,Both
766),wakwagumede,random_unrelated,,0.150397,0.150278,Both
igxile,i-aphoyintimenti,morphological,class5_singular,0.447589,0.508313,Both
liphuma,nalapho,cooccurrence,freq=36,0.200039,0.305027,Both
"uvalo,",ugqama,morphological,class11,0.341021,0.433715,Both
ingoma,umbhalo,semantic_within,music,0.340569,0.463398,Both
"emgababa,",ulethokuhle,cooccurrence,freq=2,0.419791,0.458854,Both
asebenza,"emphakathini,",cooccurrence,freq=2,0.266246,0.351372,Both
uhlale,usiphokuhle,morphological,class11,0.315601,0.415921,Both
idlula,i-corolla,morphological,class5_singular,0.338788,0.432152,Both
ulele.,u-100%.,morphological,class11,0.188901,0.32723,Both
isikweletu,inkampani,semantic_within,money,0.113105,0.304174,Both
"emakethe,",namhlanje,cooccurrence,freq=32,0.461792,0.488255,Both
ekhombiswa,emndenini,cooccurrence,freq=112,0.172827,0.285979,Both
"starr,",baxhasa,random_unrelated,,0.463982,0.369788,Both
yisolezwe,engakabi,random_unrelated,,0.368265,0.302785,Both
ibhola.,igundane,morphological,class5_singular,0.464303,0.520012,Both
okunezakhamzimba,wabonga,random_unrelated,,0.10402,0.117814,Both
kushube,izindlu,random_unrelated,,0.156615,0.154631,Both
ukonga,ingcebo,semantic_within,money,0.395349,0.501744,Both
inyuvesi,impumelelo,semantic_within,education,0.113122,0.304185,Both
ikhofi,igcina,morphological,class5_singular,0.320111,0.419078,Both
neizingubo,ulwazi,cooccurrence,freq=16,0.169697,0.283788,Both
indlela,yokukhulekela,cooccurrence,freq=2,0.307657,0.38036,Both
yadidiyelwa,ekhenana,random_unrelated,,0.374118,0.306883,Both
ukukhulisa,ukukhokha,morphological,class15_infinitive,0.493742,0.540619,Both
abafundi,ulwazi,cooccurrence,freq=74,0.169568,0.283698,Both
kwibay,alungile,random_unrelated,,0.376356,0.308449,Both
ubunzima,uhalalisele,morphological,class11,0.200934,0.335653,Both
basathukile,omzimba,random_unrelated,,0.294032,0.250822,Both
esidlule,izolo,cooccurrence,freq=20,0.222691,0.320884,Both
imishado,imind,morphological,class3_plural,0.405133,0.478593,Both
anciphise,senkantolo.,random_unrelated,,0.372206,0.305544,Both
"11),",ngesithumba,random_unrelated,,0.335098,0.279569,Both
umfana,abantu,semantic_within,family,0.220203,0.379142,Both
abeyiphila,dut.,random_unrelated,,0.430815,0.34657,Both
lwezinsuku,u-n3,random_unrelated,,0.359518,0.296663,Both
lapho,ukukhanya,cooccurrence,freq=2,0.083534,0.223474,Both
ulimit,ubuwenziwe,morphological,class11,0.305234,0.408664,Both
behlangene,umthokozisi,cooccurrence,freq=12,0.149239,0.269468,Both
uphahla.,ubalekela,morphological,class11,0.364714,0.4503,Both
uyambonga,wavela,random_unrelated,,0.139756,0.142829,Both
"enkonzweni,",inkosi,cooccurrence,freq=12,0.293481,0.370437,Both
wethink,yesonto,random_unrelated,,0.105915,0.11914,Both
iphepha,isivivinyo,semantic_within,education,0.367414,0.48219,Both
babo,uwubudlelwane,random_unrelated,,0.422556,0.340789,Both
akayeki,ilanga,cooccurrence,freq=80,0.312361,0.383653,Both
“kuqala,"zomlando,",random_unrelated,,0.2549,0.22343,Both
yawo.,"okunempiilo,",random_unrelated,,0.234642,0.209249,Both
ingoma,icwecwe,semantic_within,music,0.545568,0.606897,Both
ukunisela,ukunqoba,morphological,class15_infinitive,0.469243,0.52347,Both
umgwaqo,ovela,random_unrelated,,0.253927,0.222749,Both
"enkulu,","izinto,",cooccurrence,freq=16,0.197096,0.302967,Both
amathe,"omkhulu,",cooccurrence,freq=26,0.1792,0.29044,Both
ingqondo,intaba,morphological,class9_singular,0.170978,0.314685,Both
ukuphakamisa,67),random_unrelated,,0.249154,0.219408,Both
ababaningi,abancane.,morphological,class2_plural,0.193871,0.33071,Both
ozayo,uthabo,cooccurrence,freq=4,0.233411,0.328387,Both
bayahleka,idinga,cooccurrence,freq=2,0.191919,0.299343,Both
bomvu,obuqotho,random_unrelated,,0.139086,0.14236,Both
574),basekwazulu-natal,random_unrelated,,0.145154,0.146608,Both
"ubudokotela,",uyaqhubeka,morphological,class11,0.233685,0.358579,Both
wenjini,umgwaqo,random_unrelated,,0.358518,0.295963,Both
itheku,isiteshi,semantic_within,places,0.27614,0.418298,Both
emthonjeni,uzinhle,cooccurrence,freq=20,0.223711,0.321597,Both
ulwazi,ubuntu,semantic_across,education_vs_culture,0.161305,0.202913,Both
abasolwa,inkantolo,semantic_within,police_law,0.285306,0.424714,Both
ukudla,isitsha,semantic_within,food,0.290506,0.428354,Both
elinganiselwa,nasekuqiniseni,random_unrelated,,0.328737,0.275116,Both
ulwazi,u-r32,morphological,class11,0.197862,0.333504,Both
387),ekhululekile.,random_unrelated,,0.203436,0.187405,Both
ihhashi,iyobe,morphological,class5_singular,0.564658,0.590261,Both
ukade,ukuyozijabulisa,morphological,class15_infinitive,0.349066,0.439346,Both
zabo,zokuphatha,random_unrelated,,0.337492,0.281244,Both
ukuxhumana,umsakazo,semantic_within,technology,0.173303,0.346312,Both
uhlanganisa,uzobhekana,morphological,class11,0.052097,0.231468,Both
abantwana,ogelezayo,cooccurrence,freq=4,0.112833,0.243983,Both
usale,ulala,morphological,class11,0.399722,0.474805,Both
isitsha,indishi,semantic_within,food,0.467112,0.551979,Both
indishi,ingoma,semantic_across,food_vs_music,0.247015,0.262911,Both
uzizwa,unodaka.,morphological,class11,0.330217,0.426152,Both
"olutheni,",izojika.,random_unrelated,,0.283465,0.243425,Both
noinjabulo,unomsa,cooccurrence,freq=4,0.356463,0.414524,Both
(amawundlu),ukuchuma,random_unrelated,,0.291646,0.249152,Both
uwumcimbi,usenona.,morphological,class11,0.362702,0.448891,Both
"abantu,",uyahamba,cooccurrence,freq=26,0.140647,0.263453,Both
uyapheka,ulieutenant,morphological,class11,0.067225,0.242057,Both
"ukuthobeka,",aqhubeka,random_unrelated,,0.378132,0.309692,Both
nokufuna,ogwadule,random_unrelated,,0.258578,0.226005,Both
nezafukula,ukufunda,cooccurrence,freq=2,0.342919,0.405043,Both
ukuphela,"ukusekelana,",morphological,class15_infinitive,0.27991,0.390937,Both
ububele.,okubalwa,random_unrelated,,0.193437,0.180406,Both
kwadingeka,olwalugxile,cooccurrence,freq=2,0.41831,0.457817,Both
ukusetshenziswa,468),random_unrelated,,0.186016,0.175211,Both
kahle,uyathengisa,cooccurrence,freq=44,0.229106,0.325374,Both
umkhiqizo,umkhandi,morphological,class1_singular,0.279685,0.390779,Both
ingcindezi,ngokuthi,cooccurrence,freq=2,0.278431,0.359902,Both
luhlose,yethu.,cooccurrence,freq=2,0.414403,0.455082,Both
izulu,ukulimala.,random_unrelated,,0.227986,0.204591,Both
usebenzela,uwe,morphological,class11,0.205598,0.338919,Both
zomuthi,"izimoto,",random_unrelated,,0.232013,0.207409,Both
uzoqasha,unodaka.,morphological,class11,0.379778,0.460844,Both
ubumnandi,umzali,cooccurrence,freq=12,0.254953,0.343467,Both
zokuhlinzeka,wayesaphefumula.,random_unrelated,,0.22333,0.201331,Both
wombuso.,ukungadli,random_unrelated,,0.369692,0.303784,Both
kumele,unomzwelo,cooccurrence,freq=2,0.307973,0.380581,Both
ongenamicilikisho,kumfundi,random_unrelated,,0.023002,0.061102,Both
uthisha,ungezwa,morphological,class11,0.17104,0.314728,Both
stadium,nasezimakethe,random_unrelated,,0.146667,0.147667,Both
842),zonke,cooccurrence,freq=2,0.370018,0.424013,Both
uyolinda,"eziyisiko,",random_unrelated,,0.274618,0.237232,Both
abebekhuluma,obekumethusa,random_unrelated,,0.502056,0.396439,Both
elayisha,"hlabisa,",random_unrelated,,0.404944,0.328461,Both
eminingi,kakhulu,cooccurrence,freq=574,0.184322,0.294025,Both
izibuko,kokushintsha,cooccurrence,freq=2,0.393597,0.440518,Both
ezinganeni.,kuma-idols,random_unrelated,,0.363175,0.299223,Both
assitant,kwe-video,cooccurrence,freq=2,0.760072,0.69705,Both
amncele,wokukhula,random_unrelated,,0.245625,0.216938,Both
noimisebenzi,206),random_unrelated,,0.152587,0.151811,Both
"nangesiqu,",ukwenza,cooccurrence,freq=48,0.082832,0.222982,Both
imoto,uhambo,semantic_within,transport,0.152141,0.331499,Both
ihlosi,izimvu,semantic_within,animals,0.355767,0.474037,Both
299),ngicabanga,random_unrelated,,0.218211,0.197748,Both
unomvula,uyabonga,cooccurrence,freq=70,0.345166,0.406616,Both
umndeni,abantu,semantic_within,family,0.376221,0.488355,Both
nasezimotweni,okusha,random_unrelated,,0.31653,0.266571,Both
"abanye,",abantwana,morphological,class2_plural,0.016684,0.206679,Both
zamakhono,ababukeli,random_unrelated,,0.275709,0.237996,Both
kumele,okuwakhokha,cooccurrence,freq=2,0.411777,0.453244,Both
umculo,icwecwe,semantic_within,music,0.159856,0.336899,Both
ophuphuma,ukuphila,cooccurrence,freq=24,0.121865,0.250305,Both
uzithola,uyimvelaphi,morphological,class11,0.137999,0.291599,Both
njengeligi,luthuli,random_unrelated,,0.21213,0.193491,Both
amanzi,imvelo,semantic_within,nature,0.094518,0.291163,Both
kubikwa,"behlangene,",random_unrelated,,0.093358,0.11035,Both
usithole,uphoqeleke,morphological,class11,0.377998,0.459598,Both
uqikelela,kuka-770,random_unrelated,,0.337884,0.281519,Both
"ukwethembana,",ukuqopha,morphological,class15_infinitive,0.20921,0.341447,Both
nonogada.,waziqhatha,cooccurrence,freq=2,0.542266,0.544586,Both
efuna,kweminyaka,cooccurrence,freq=102,0.046042,0.19723,Both
lweningizimu,umndeni,cooccurrence,freq=176,0.080773,0.221541,Both
ur10,ubukhazikhazi,morphological,class11,0.439293,0.502505,Both
ndawonye,yonyaka,cooccurrence,freq=16,0.160113,0.277079,Both
umfazi,umndeni,semantic_within,family,0.280798,0.421559,Both
uhalalisele,ungahlonipha,morphological,class11,0.241203,0.363842,Both
eqhumisa,zifihle,random_unrelated,,0.285754,0.245028,Both
le-cube,nokuthwasa,random_unrelated,,0.374786,0.30735,Both
ukukhokha,ukuzivumelanisa,morphological,class15_infinitive,0.485497,0.534848,Both
nowecarling,azisakwazi,random_unrelated,,0.370791,0.304553,Both
hlophe.,nangesineke,random_unrelated,,0.351947,0.291363,Both
amazambane,ikhukhamba,semantic_within,food,0.600611,0.645428,Both
ukuthokozisa,ukungenelela,morphological,class15_infinitive,0.027746,0.214422,Both
umbhense.,"umgwaqo,",morphological,class1_singular,0.383811,0.463667,Both
kutshalwa,kwakholelwa,cooccurrence,freq=2,0.427051,0.463935,Both
umhlaba,sesichaza,random_unrelated,,0.215031,0.195522,Both
imoto,itekisi,semantic_within,transport,0.14504,0.326528,Both
ungqongqoshe,"uchama,",morphological,class11,0.519057,0.55834,Both
unomsa,uyasiza,cooccurrence,freq=54,0.426333,0.463433,Both
ubudala.,ubungayi,morphological,class11,0.568143,0.5927,Both
soccer,"abs,",random_unrelated,,0.606114,0.46928,Both
ulinda,zokufukula,random_unrelated,,0.288057,0.24664,Both
olukhulu,uphelile,cooccurrence,freq=40,0.195549,0.301884,Both
uhoxisa,uqinisa,morphological,class11,0.390341,0.468238,Both
ihlathi,izintaba,semantic_within,nature,0.44891,0.539237,Both
deep,574),random_unrelated,,0.393831,0.320682,Both
izidingo,izifundela,morphological,class8_plural,0.125985,0.283189,Both
wumuntu,noizimali,random_unrelated,,0.130626,0.136439,Both
eqinisekisa,"zonke,",cooccurrence,freq=2,0.292838,0.369987,Both
isebenza,ishicilelwe,morphological,class7_singular,0.340625,0.433437,Both
ungayithola,ungqondongqondo,morphological,class11,0.345039,0.436527,Both
"uphelile,",omubi,random_unrelated,,0.110492,0.122345,Both
isitimela,itekisi,semantic_within,transport,0.351834,0.471284,Both
lwesibili.,ezingeni,random_unrelated,,0.332982,0.278088,Both
"iphesheya,",ithenga,morphological,class5_singular,0.198147,0.333703,Both
incokola,eziqinisa,random_unrelated,,0.320282,0.269197,Both
idola,ingcebo,semantic_within,money,0.221368,0.379957,Both
izikhala,izobe,morphological,class8_plural,0.221445,0.350012,Both
livikela,zisebenza,cooccurrence,freq=2,0.275162,0.357613,Both
"uuzovakasha,",ngalokhu,random_unrelated,,0.321633,0.270143,Both
igweme,yase-england,random_unrelated,,0.32895,0.275265,Both
288),kwezinsuku,cooccurrence,freq=2,0.580932,0.571652,Both
okufakazelwa,wukuthi,cooccurrence,freq=2,0.338013,0.401609,Both
nezibonakalayo,sendaweni,random_unrelated,,0.287224,0.246057,Both
ukuzolawula,"oluningi,",random_unrelated,,0.069564,0.093695,Both
elijulile.,esesabekayo,cooccurrence,freq=2,0.518488,0.527942,Both
ulethela,uyenze,morphological,class11,0.261541,0.378078,Both
umfundi,impilo,semantic_across,education_vs_health,0.189262,0.222484,Both
unomcebo,uthenge,morphological,class11,0.179416,0.320591,Both
abakuleli,abazizwa,morphological,class2_plural,0.33159,0.427113,Both
ifundwa,iphukile,morphological,class5_singular,0.323769,0.421638,Both
nohambo,"okukhulu,",random_unrelated,,-0.017398,0.032822,Both
ukusebenza,ukunipha,morphological,class15_infinitive,0.267582,0.382307,Both
ihlosi,izilwane,semantic_within,animals,0.260123,0.407086,Both
ucabanga,uukuthi,morphological,class11,0.299336,0.404535,Both
international,incindezi,morphological,class9_singular,0.415847,0.486093,Both
ulungelo,uhlelo,morphological,class11,0.13641,0.290487,Both
479),ihlanganisa,random_unrelated,,0.179276,0.170493,Both
isimilo,isiqale,morphological,class7_singular,0.363687,0.449581,Both
amaphoyisa,icala,semantic_within,police_law,0.21201,0.373407,Both
zobumnandi.,nomthunzi,random_unrelated,,0.352047,0.291433,Both
"nakwiyoutube.""",ekhona.,random_unrelated,,0.289381,0.247567,Both
ukonga,inkampani,semantic_within,money,0.185855,0.355098,Both
"osekhaya,",kakwesta,random_unrelated,,0.323983,0.271788,Both
olusiza,uyakwazi,cooccurrence,freq=24,0.150814,0.27057,Both
258),emshadweni.,cooccurrence,freq=2,0.588817,0.577172,Both
yicebo,"ngabasolwa,",random_unrelated,,0.493291,0.390304,Both
enkandla.,852),random_unrelated,,0.219221,0.198455,Both
inyama,ngemfundo,cooccurrence,freq=90,0.331991,0.397394,Both
uthola,ujose,morphological,class11,0.238983,0.362288,Both
unomfundo,uwela,morphological,class11,0.096417,0.262492,Both
njengomlingisi,516),random_unrelated,,0.221777,0.200244,Both
ntambama,zihambisane,cooccurrence,freq=36,0.156372,0.274461,Both
ebalulekile.,ugcwele,cooccurrence,freq=2,0.236601,0.330621,Both
ekugcineni,esibhedlela,cooccurrence,freq=54,0.234013,0.328809,Both
eyingozi,kanti,cooccurrence,freq=2,0.199498,0.304649,Both
abathe,bekucaca,random_unrelated,,0.356556,0.294589,Both
unyazilwezulu,wezemfundo,random_unrelated,,0.336919,0.280843,Both
kuzobe,umanqoba,cooccurrence,freq=2,0.502701,0.51689,Both
empilweni,ofuna,cooccurrence,freq=4,0.236746,0.330722,Both
kuqinisekiswe,177),random_unrelated,,0.286858,0.245801,Both
ixoxa,ikhombisa,morphological,class5_singular,0.205361,0.338752,Both
ukusebenzisana,inkinga,random_unrelated,,0.142406,0.144685,Both
bomdlalo,bayazihlolela,random_unrelated,,0.248308,0.218815,Both
ujacob,ubulele,morphological,class11,0.426609,0.493626,Both
aba,wokuqala,random_unrelated,,0.07519,0.097633,Both
kusemqoka,abavela,random_unrelated,,0.328193,0.274735,Both
esemakhaya,abamanje,random_unrelated,,0.204286,0.188,Both
ehhotela,eliseduze,cooccurrence,freq=2,0.518875,0.528212,Both
ubuthongo.,ngokusigxeka,random_unrelated,,0.435769,0.350039,Both
umhlengikazi,isifo,semantic_within,health,0.033224,0.248257,Both
yomsebenzi,ibhekane,random_unrelated,,0.148948,0.149264,Both
bamatekisi,lutho,cooccurrence,freq=2,0.423551,0.461485,Both
kunini.,ngokufela,random_unrelated,,0.350232,0.290163,Both
unaledi,ulibofuzo,morphological,class11,0.442738,0.504916,Both
etholakala,ezinhle,cooccurrence,freq=32,0.294964,0.371475,Both
indlovukazi,ibhola,semantic_across,government_vs_sport,0.261218,0.272853,Both
nokushesha.,lwezenhlalo,random_unrelated,,0.274211,0.236948,Both
ophrojusa.,"kuwo,",random_unrelated,,0.539611,0.422728,Both
ugijima,unciphisa,morphological,class11,0.27024,0.384168,Both
kwisafa,ukukhombisa,random_unrelated,,0.249903,0.219932,Both
"lokufundela,",ezidlula,random_unrelated,,0.220452,0.199316,Both
noma,onezingane,cooccurrence,freq=2,0.154288,0.273001,Both
abanye.,abafunda,morphological,class2_plural,0.147926,0.298548,Both
isitimela,ukuhamba,semantic_within,transport,0.325717,0.453002,Both
usipho,uphonsa,morphological,class11,0.084257,0.25398,Both
ngamagagasi,evume,random_unrelated,,0.417625,0.337338,Both
mathematics),sirino,random_unrelated,,0.491411,0.388988,Both
olwalungawo,badinga,random_unrelated,,0.416602,0.336621,Both
okwakwenziwa,nempaka,random_unrelated,,0.22168,0.200176,Both
kufanele,ngenxa,cooccurrence,freq=2,0.047323,0.198126,Both
noisikhathi,ewububanzi,random_unrelated,,0.128493,0.134945,Both
ubuntu,ubukhosi,semantic_within,culture,0.283616,0.423531,Both
zokufunda.,"ephakeme,",random_unrelated,,0.346624,0.287637,Both
bavakasha,abazibonela,random_unrelated,,0.201752,0.186226,Both
izinto.,izindondo,morphological,class8_plural,0.197375,0.333163,Both
olwalungawo,akhe.,random_unrelated,,0.268047,0.232633,Both
umndeni,umbuso,semantic_across,family_vs_government,0.126269,0.178388,Both
iqinise,waleli,random_unrelated,,0.143051,0.145136,Both
amkhiphele,701),random_unrelated,,0.226297,0.203408,Both
izwe,uthando,cooccurrence,freq=436,0.196888,0.302822,Both
iyashabalala,enenjini,random_unrelated,,0.389568,0.317698,Both
ethempelini,"ngenyanga,",cooccurrence,freq=16,0.183722,0.293606,Both
uthambisa,ungawa,morphological,class11,0.301712,0.406199,Both
umsindo,umhlalaphansi).,morphological,class1_singular,0.434639,0.499247,Both
incwadi,impumelelo,semantic_within,education,0.049461,0.259623,Both
uweisy,"uhambo,",morphological,class11,0.347951,0.438566,Both
(isisho,498),cooccurrence,freq=2,0.659414,0.62659,Both
sigxile,efundisa,random_unrelated,,0.196539,0.182578,Both
"kakhulu,",ocebile,cooccurrence,freq=76,0.24776,0.338432,Both
ngabe,siyashintshwa,cooccurrence,freq=2,0.474445,0.497112,Both
591),88),random_unrelated,,0.995478,0.741835,Both
basebenzise,seven-speed,random_unrelated,,0.120589,0.129413,Both
"ogelezayo,",ukwakha,cooccurrence,freq=8,0.127192,0.254035,Both
villa,(24),random_unrelated,,0.532268,0.417588,Both
esikhishwe,ezidayisela,random_unrelated,,0.362069,0.298449,Both
ikhaya,indlu,semantic_within,places,0.452072,0.541451,Both
usasebenza.,okuningi,random_unrelated,,0.207148,0.190003,Both
uthi,ungakhathazekile,morphological,class11,0.254164,0.372915,Both
isekelwa,emfundweni,random_unrelated,,0.297963,0.253574,Both
emishadweni,owayengekho,random_unrelated,,0.081192,0.101834,Both
"high,",wawushiya,cooccurrence,freq=4,0.625797,0.603058,Both
ukuqinisekisa,siphilile,random_unrelated,,0.359397,0.296578,Both
itheku,ikhaya,semantic_within,places,0.010295,0.232206,Both
isikhala,isishayelwa,morphological,class7_singular,0.231601,0.35712,Both
futhi,"legoli,",cooccurrence,freq=24,0.094934,0.231454,Both
usbusiso,uqikelela,morphological,class11,0.080521,0.251365,Both
uxoshwa,u-r230,morphological,class11,0.485913,0.535139,Both
uqhubeka,ulalelwa,morphological,class11,0.269282,0.383497,Both
"amasha,",iphunga,cooccurrence,freq=2,0.349098,0.409368,Both
usenona,ungahamba,morphological,class11,0.377763,0.459434,Both
ukubonakala,ukuwa,morphological,class15_infinitive,0.492325,0.539627,Both
kusho,zenza,cooccurrence,freq=2,0.238121,0.331684,Both
ukuzivocavoca,ukhulumisana,morphological,class15_infinitive,0.264132,0.379893,Both
"ukuzindla,",ukuminza,morphological,class15_infinitive,0.412083,0.483458,Both
bathuthukise,zokubhala,cooccurrence,freq=2,0.432735,0.467915,Both
izilwane,sezinhlupho,cooccurrence,freq=6,0.169273,0.283491,Both
umsunguli,kunabafundi,random_unrelated,,0.298908,0.254236,Both
besanda,besekhempini,cooccurrence,freq=2,0.714489,0.665142,Both
clay,"ilanga,",random_unrelated,,0.293811,0.250668,Both
uyagijima,ucansi,morphological,class11,-0.047608,0.161674,Both
isinkwa,ubisi,semantic_within,food,0.492569,0.569798,Both
film,ngezandla,random_unrelated,,0.312808,0.263966,Both
uhlangothi,uhambisa,morphological,class11,0.327791,0.424453,Both
usungene,"ubulungiswa,",morphological,class11,0.249745,0.369821,Both
"uyamhlonipha,",unike,morphological,class11,0.214778,0.345345,Both
ikhukhamba,ukuphuza,semantic_within,food,0.447165,0.538016,Both
usebheke,uphahla.,morphological,class11,0.397136,0.472995,Both
539),usabalale,random_unrelated,,0.178738,0.170117,Both
kokuziphatha,akunazo,random_unrelated,,0.129166,0.135416,Both
kubangani,"umakhalekhukhwini,",cooccurrence,freq=2,0.316661,0.386663,Both
ezifundiswe,yesibonelelo,random_unrelated,,0.314129,0.26489,Both
nabezindaba.,ngokugqama,random_unrelated,,0.227288,0.204102,Both
bayabika,izimpesheni,cooccurrence,freq=44,0.527476,0.534233,Both
endala,womndeni.,cooccurrence,freq=2,0.314241,0.384968,Both
notamatisi,ne-mu-x,random_unrelated,,0.666403,0.511482,Both
umfundi,iphepha,semantic_within,education,0.246291,0.397404,Both
emuva,ngama-pedal,cooccurrence,freq=2,0.415089,0.455562,Both
uphethwe,ucic,morphological,class11,0.425636,0.492945,Both
ibhotela,imifino,semantic_within,food,0.371749,0.485224,Both
ehhovisi,uyambonga.,cooccurrence,freq=12,0.184151,0.293906,Both
ikhombisile,itshe,morphological,class5_singular,0.405883,0.479118,Both
"mbilo,",town.,random_unrelated,,0.532235,0.417564,Both
nemikhuba,usuvuleke,cooccurrence,freq=2,0.413564,0.454495,Both
ulethokuhle,"wawo,",cooccurrence,freq=2,0.469609,0.493727,Both
imali,isikweletu,semantic_within,money,0.275796,0.418057,Both
"izithombe,","yabo,",cooccurrence,freq=2,0.310123,0.382086,Both
izilimi,izulu,morphological,class8_plural,0.444895,0.506427,Both
onenhliziyo,wasiza,cooccurrence,freq=14,0.381168,0.431817,Both
uyaphila,utransnet,morphological,class11,-0.06562,0.149066,Both
indishi,amaphoyisa,semantic_across,food_vs_police_law,0.293357,0.29535,Both
impumelelo,ukonga,semantic_across,education_vs_money,0.298012,0.298609,Both
emiqhudelwaneni.,"mabizela,",cooccurrence,freq=2,0.377379,0.429165,Both
selidluliselwe,emidlalweni,random_unrelated,,0.293434,0.250404,Both
ukuphoxeka,ubelimele,random_unrelated,,0.389387,0.317571,Both
ukudla,amazambane,semantic_within,food,0.063675,0.269572,Both
mqeqeshi.,zikamama,random_unrelated,,0.316411,0.266487,Both
bayabona,esigodini,cooccurrence,freq=12,0.20544,0.308808,Both
ingane,umndeni,semantic_within,family,0.112631,0.303842,Both
umholi,umnuz,cooccurrence,freq=6,0.304723,0.378306,Both
ufundisa,u-100,morphological,class11,0.177578,0.319305,Both
bahlanganyela,"yasemakhaya,",cooccurrence,freq=2,0.38329,0.433303,Both
ulwandle,imithi,semantic_within,nature,0.303067,0.437147,Both
wukusinda,uyabiza,random_unrelated,,0.092347,0.109643,Both
hlakaniphile,zakamuva.,random_unrelated,,0.143113,0.145179,Both
esasiphethwe,543),random_unrelated,,0.238178,0.211725,Both
engikhuthaza,yingoma,cooccurrence,freq=2,0.349657,0.40976,Both
engakwazi,kunemiqulu,random_unrelated,,0.412387,0.333671,Both
emihlanu,olunezinyanga,cooccurrence,freq=2,0.322833,0.390983,Both
abadala,ebholeni,cooccurrence,freq=4,0.320037,0.389026,Both
bayaqaphela.,680),random_unrelated,,0.228366,0.204856,Both
ugazi,uphatheke,morphological,class11,0.409587,0.481711,Both
"kancane,",wedut,random_unrelated,,0.339906,0.282935,Both
usezimele,ubiza,morphological,class11,0.51785,0.557495,Both
uyacabanga,ubunhloli,morphological,class11,0.332091,0.427464,Both
89),nabodadewethu,random_unrelated,,0.282265,0.242586,Both
uwumcimbi,useshonile.,morphological,class11,0.384369,0.464058,Both
ukuzicabela,uzelule,random_unrelated,,0.305274,0.258692,Both
isitsha,ukuphuza,semantic_within,food,0.258751,0.406126,Both
ukonga,idola,semantic_within,money,0.272003,0.415402,Both
ephumelelayo.,"yasenanda,",random_unrelated,,0.217797,0.197458,Both
umsebenzi,"zikhona,",cooccurrence,freq=22,0.159146,0.276402,Both
ilokishi,indlu,semantic_within,places,0.100752,0.295526,Both
usizo.,uhlolwe,morphological,class11,0.392331,0.469631,Both
wabhala,nowecarling,random_unrelated,,-0.020815,0.03043,Both
imeya,indlovukazi,semantic_within,government,0.409675,0.511773,Both
ethempelini,uyavuka,cooccurrence,freq=2,0.2252,0.32264,Both
bagcine,benenkinga,cooccurrence,freq=2,0.394709,0.441296,Both
ngaphambi,uhambo,cooccurrence,freq=2,0.162018,0.278413,Both
uyabuya,usucabanga,morphological,class11,0.21398,0.344786,Both
luzosiza,ephephile.,random_unrelated,,0.298956,0.254269,Both
ubisi,inyama,semantic_within,food,0.234931,0.389452,Both
inyoni,izimvu,semantic_within,animals,0.424766,0.522336,Both
u-hewlett,"ubudokotela,",morphological,class11,0.413291,0.484304,Both
enjalo,del,random_unrelated,,0.389414,0.31759,Both
izingane,wagijima,cooccurrence,freq=42,0.294399,0.37108,Both
uthandeka,usephonsele,morphological,class11,0.110488,0.272342,Both
ujabula,uphatheke,morphological,class11,0.16206,0.308442,Both
naye,yena,cooccurrence,freq=2,0.440185,0.473129,Both
-,elibandakanya,cooccurrence,freq=2,0.320314,0.389219,Both
eduze,ozayo,cooccurrence,freq=122,0.131921,0.257345,Both
ulwandle,amanzi,semantic_within,nature,0.283995,0.423797,Both
imifino,amasiko,semantic_across,food_vs_culture,0.249366,0.264556,Both
41),zonke,cooccurrence,freq=2,0.378666,0.430066,Both
unksz,"usizo,",morphological,class11,0.273915,0.386741,Both
uyazibuza,wansuku,cooccurrence,freq=20,0.16052,0.277364,Both
abaqondayo,abahlaselwa,morphological,class2_plural,0.360401,0.44728,Both
eyingozi,kwaziswa,random_unrelated,,0.223451,0.201416,Both
81),"mhlungu,",random_unrelated,,0.277147,0.239003,Both
"kwamanzi,",ziphilile.,random_unrelated,,0.245342,0.216739,Both
bethokozisa,ukujabulela,cooccurrence,freq=2,0.504695,0.518286,Both
isahlulwe,yaminyaka,random_unrelated,,0.341472,0.284031,Both
emini,imali,cooccurrence,freq=34,0.223103,0.321172,Both
"kohambo,",lapho,cooccurrence,freq=2,0.084401,0.224081,Both
"emhlabeni,",kunyukele.,random_unrelated,,0.262801,0.228961,Both
imifino,indishi,semantic_within,food,0.37763,0.489341,Both
seziqhubeka,“abanye,random_unrelated,,0.206046,0.189232,Both
ngendlela,uyahamba,cooccurrence,freq=332,0.234486,0.32914,Both
izinkolo,izivakashi.,morphological,class8_plural,0.42724,0.494068,Both
"ezilingene,",uyabuya,cooccurrence,freq=2,0.461006,0.487704,Both
isikweletu,amasheya,semantic_within,money,0.358635,0.476045,Both
880),rally,random_unrelated,,0.268126,0.232688,Both
abahlakaniphile,zifuna,cooccurrence,freq=2,0.276827,0.358779,Both
igciwane,ese-marketing,random_unrelated,,0.413397,0.334378,Both
nasemvuleni.,kwenza,random_unrelated,,0.341791,0.284254,Both
uzixine,"lomndeni,",random_unrelated,,0.177323,0.169126,Both
likhuthaza,zakhona.,random_unrelated,,0.323738,0.271617,Both
maduze,uzinhle,cooccurrence,freq=16,0.290957,0.36867,Both
ibalula,ikhwehlela,morphological,class5_singular,0.350564,0.440395,Both
ikhompiyutha,theknoloji,semantic_within,technology,0.505496,0.578847,Both
"kokulala,",kuyinhlanhla,cooccurrence,freq=36,0.164281,0.279997,Both
nawukuzihlupha,ngokukhuthaza,random_unrelated,,0.24073,0.213511,Both
"ngothando,",unomsa,cooccurrence,freq=4,0.224083,0.321858,Both
abashayeli,abalisa,morphological,class2_plural,0.40715,0.480005,Both
kumaphutha,aphuzwa,random_unrelated,,0.286534,0.245574,Both
noizincwadi,esikhona,random_unrelated,,0.100366,0.115256,Both
kunganconywa,"ewuthisha,",random_unrelated,,0.362337,0.298636,Both
udlondlobale,ubryan,morphological,class11,0.259952,0.376966,Both
949),umrepha,random_unrelated,,0.236989,0.210892,Both
lapho,wathanda,cooccurrence,freq=8,0.132629,0.25784,Both
abasebenzisa,abahlengikazi,morphological,class2_plural,0.453715,0.5126,Both
kwesaziso,ngamarekhodi,cooccurrence,freq=2,0.625315,0.602721,Both
ziqeqesha,"sesihambile,",random_unrelated,,0.26277,0.228939,Both
ukuzala,ukulivuma,morphological,class15_infinitive,0.439289,0.502502,Both
futhi,ngenyanga,cooccurrence,freq=302,0.111448,0.243013,Both
uthisha,ukufunda,semantic_within,education,0.276396,0.418477,Both
liphilile,ukufudumala,cooccurrence,freq=2,0.399398,0.444578,Both
yezokuvakasha,"mngqithi,",random_unrelated,,0.251425,0.220997,Both
"ekhishwa,",uzame,cooccurrence,freq=2,0.33036,0.396252,Both
ikhiqiza,iveza,morphological,class5_singular,0.398866,0.474206,Both
kwezinye,labafundi,random_unrelated,,0.137668,0.141368,Both
ikakhulu,ibeaver,morphological,class5_singular,0.402029,0.47642,Both
intombazane,unomsa,cooccurrence,freq=2,0.81402,0.734814,Both
ekuncintisaneni,asikhipha,random_unrelated,,0.374407,0.307085,Both
firoz,ithimba,cooccurrence,freq=2,0.596468,0.582527,Both
umnikazi,uyahlela,cooccurrence,freq=16,0.311016,0.382711,Both
wakhulisa,ngomuntu,random_unrelated,,0.235327,0.209729,Both
unakekela,ungahlonipha,morphological,class11,0.312597,0.413818,Both
okwamanje,nasekuvimbeleni,random_unrelated,,0.135557,0.13989,Both
yahlasela,nemaster's,random_unrelated,,0.389674,0.317772,Both
ukudluliselwa,ukuleyo,morphological,class15_infinitive,0.30176,0.406232,Both
egeleza,"""yilapho",random_unrelated,,0.195671,0.18197,Both
icorolla,lapha,cooccurrence,freq=2,0.484583,0.504208,Both
"bachume,",esebenzisana,cooccurrence,freq=2,0.362655,0.418859,Both
ezinzima,umfundisi,cooccurrence,freq=2,0.188733,0.297113,Both
ufuna,usetshenziswa,morphological,class11,0.121533,0.280073,Both
"ijabule,",iyisendlalelo,morphological,class5_singular,0.420617,0.489432,Both
"bomqondo,",izingubo,cooccurrence,freq=58,0.202925,0.307047,Both
uhambo,ucingo,semantic_across,transport_vs_technology,0.344943,0.33146,Both
uhambo,uyisebenzisa,morphological,class11,0.166019,0.311213,Both
bakhe,wumoya,random_unrelated,,0.131503,0.137052,Both
kunemiqulu,nobunyoninco,random_unrelated,,0.244711,0.216297,Both
amaningi.”,"amaloli,",morphological,class6_plural,0.345993,0.437195,Both
ezingakhokhi,"okunosawoti,",random_unrelated,,0.46992,0.373944,Both
"ongenakulinganiswa,",owesifazane,cooccurrence,freq=18,0.263777,0.349644,Both
isikole,umtapo,semantic_within,education,0.148641,0.329049,Both
ekuphileni,ngamatshe,cooccurrence,freq=168,0.14104,0.263728,Both
kwakusafunda,u-100%.,cooccurrence,freq=2,0.631998,0.607398,Both
e-university,ne-master,cooccurrence,freq=2,0.70867,0.661069,Both
ukubuka,ukuphumula,morphological,class15_infinitive,0.323512,0.421459,Both
"000,",imali,cooccurrence,freq=4,0.201418,0.305993,Both
imishanguzo,yabanye.,random_unrelated,,0.221596,0.200117,Both
abezimo,lokuqala,cooccurrence,freq=4,0.365219,0.420653,Both
ungaya,ufune,morphological,class11,0.200645,0.335452,Both
izinkomo,nemikhiqizo,random_unrelated,,0.296749,0.252724,Both
ubaluleke,uzixine,morphological,class11,0.075056,0.247539,Both
uyinhloko,udlalwa,morphological,class11,0.022504,0.210753,Both
ekhanyayo,unandi,cooccurrence,freq=28,0.28437,0.364059,Both
"ubungane,",uhlangothi,morphological,class11,0.127951,0.284565,Both
uyalele,uvusa,morphological,class11,0.312033,0.413423,Both
uneziqu,uyasaba,morphological,class11,0.190326,0.328228,Both
amane,engu-17,cooccurrence,freq=2,0.382425,0.432698,Both
unomusa,ubekakwe,morphological,class11,0.076209,0.248347,Both
396),umdabu,random_unrelated,,0.330972,0.27668,Both
ufisa,ucansi,morphological,class11,0.348604,0.439023,Both
odilikajele,"mahaye,",random_unrelated,,0.487716,0.386401,Both
"ibhakede,",ibhotela,morphological,class5_singular,0.439547,0.502683,Both
kokuphothula,“ngemva,cooccurrence,freq=4,0.365218,0.420653,Both
izolo,sifanele,cooccurrence,freq=28,0.104766,0.238336,Both
"ngomusa,",369),random_unrelated,,0.315642,0.265949,Both
"yakho,”","limdinga,",random_unrelated,,0.194292,0.181004,Both
ezibhedlela,ukwenza,cooccurrence,freq=2,0.073906,0.216734,Both
umphenyi,umthetho.,morphological,class1_singular,0.338616,0.432031,Both
ofanayo,"elishisayo,",random_unrelated,,0.312427,0.263699,Both
"ngenyanga,",ubuhlebezwe,cooccurrence,freq=30,0.289721,0.367805,Both
uqale,uju,morphological,class11,0.144368,0.296058,Both
umfazi,indoda,semantic_within,family,0.765993,0.761195,Both
ebunjwe,udj,cooccurrence,freq=2,0.715831,0.666082,Both
“ngiqale,nezamalek,random_unrelated,,0.417396,0.337177,Both
usehoxa,ugabe,morphological,class11,0.513795,0.554657,Both
103),isisizile,random_unrelated,,0.228036,0.204625,Both
19),ubekhuluma,random_unrelated,,0.344415,0.28609,Both
ngojanuwari,yawo,cooccurrence,freq=2,0.253402,0.342381,Both
usheleni,uzibusisa,morphological,class11,0.272932,0.386052,Both
usihle,ungitshele,morphological,class11,0.166529,0.31157,Both
aqonde,lokulawula,random_unrelated,,0.297593,0.253315,Both
nokuthi,ubumqoka,cooccurrence,freq=2,0.377959,0.429571,Both
abazali,futhi,cooccurrence,freq=58,0.103893,0.237725,Both
ngesonto,umgqugquzeli,cooccurrence,freq=14,0.159767,0.276837,Both
yeningi.,ngamanzi,random_unrelated,,0.242503,0.214752,Both
ukuzibalekela,ukujwayela,morphological,class15_infinitive,0.565259,0.590682,Both
amasiko,ubukhosi,semantic_within,culture,0.188419,0.356894,Both
ugcina,siqhubeke,random_unrelated,,0.24747,0.218229,Both
uheha,united,morphological,class11,0.303494,0.407446,Both
"esikhulu,",obuhle,cooccurrence,freq=18,0.165371,0.28076,Both
neinjabulo,okumnandi,cooccurrence,freq=4,0.306325,0.379428,Both
ibhola,kokunqena,cooccurrence,freq=8,0.277408,0.359186,Both
sezulu,umsebenzi,cooccurrence,freq=30,0.055135,0.203594,Both
ubalulekile,wansuku,cooccurrence,freq=52,0.079552,0.220687,Both
uhlelo,usihle,cooccurrence,freq=22,0.165394,0.280775,Both
"ezinothando,",sesidlulile,random_unrelated,,0.26417,0.229919,Both
ithemba,ukubuyisana,cooccurrence,freq=2,0.412259,0.453582,Both
“kuzoba,59),random_unrelated,,0.290932,0.248652,Both
impela,isikhathi,cooccurrence,freq=26,0.159103,0.276372,Both
ungasetshenziswa,uvuke,morphological,class11,0.289297,0.397508,Both
uphatheke,ubobby,morphological,class11,0.351404,0.440983,Both
icala,isibhamu,semantic_within,police_law,0.350331,0.470232,Both
uthanda,uthebe.,morphological,class11,0.146204,0.297343,Both
uphakamise,usanethuba,morphological,class11,0.38448,0.464136,Both
ball,"shooting,",cooccurrence,freq=4,0.635856,0.610099,Both
kanti,ukuthi,cooccurrence,freq=22,-0.013928,0.15525,Both
nomzobe,neyama-,random_unrelated,,0.504125,0.397888,Both
704),zikhanga,random_unrelated,,0.218124,0.197687,Both
noimisebenzi,olwandle,cooccurrence,freq=2,0.208621,0.311035,Both
umfula,izintaba,semantic_within,nature,0.44654,0.537578,Both
ukubhalwa,ukuwudlulisela,morphological,class15_infinitive,0.392836,0.469986,Both
nathi.,nenenjongo.,random_unrelated,,0.312122,0.263485,Both
futhi,konke,random_unrelated,,0.077335,0.099134,Both
ikhula,iyazi,morphological,class5_singular,0.26813,0.382691,Both
umfana,umndeni,semantic_within,family,0.143549,0.325484,Both
"we-anc,",bakukhuthalele,random_unrelated,,0.358161,0.295713,Both
icala,isiteshi,semantic_within,police_law,0.205917,0.369142,Both
qala,ngokuvela,random_unrelated,,0.341152,0.283806,Both
sokudubulana.,ngojanuwari,random_unrelated,,0.415203,0.335642,Both
ugrade,uhloniphe,morphological,class11,0.178299,0.319809,Both
ayengangenalo,izindondo,random_unrelated,,0.327352,0.274146,Both
uyagijima,usjava.,morphological,class11,0.088447,0.256913,Both
ungaphazamiseki,unesi,morphological,class11,0.504593,0.548215,Both
611),758),random_unrelated,,0.995985,0.74219,Both
ibeaver,ixhuma,morphological,class5_singular,0.358423,0.445896,Both
uyazimisela,ucwaningo,morphological,class11,0.041516,0.224061,Both
abasebenzi,abafike,morphological,class2_plural,0.435855,0.500099,Both
tshope,womuntu,random_unrelated,,0.439695,0.352786,Both
nsuku,uyabika,cooccurrence,freq=12,0.193565,0.300495,Both
imali,ukonga,semantic_within,money,0.220976,0.379683,Both
-,lami,cooccurrence,freq=2,0.304992,0.378495,Both
imingenelo,ezine-caffeine,random_unrelated,,0.428644,0.345051,Both
988),kwezinsuku,cooccurrence,freq=2,0.56748,0.562236,Both
inezithombe,ziyamthanda,random_unrelated,,0.263587,0.229511,Both
umculo,ikhaya,semantic_across,music_vs_places,0.242684,0.259879,Both
"amahle,",amahora,morphological,class6_plural,0.419154,0.488408,Both
ukuthatha,"ukuhlale,",morphological,class15_infinitive,0.253284,0.372299,Both
kwamanzi,247),random_unrelated,,0.061611,0.088128,Both
enkulu,kufakwe,cooccurrence,freq=2,-0.005318,0.161277,Both
uyambonga,uyahleka,morphological,class11,0.286102,0.395271,Both
uhewlett.,ubalekela,morphological,class11,0.354274,0.442992,Both
azame,kwathi,cooccurrence,freq=2,0.174489,0.287142,Both
ubusuku,"uybee,",morphological,class11,0.022918,0.211043,Both
yomshado,ephunyukile,random_unrelated,,0.271673,0.235171,Both
ukuzigqaja,"opholile,",random_unrelated,,0.249599,0.21972,Both
ongangabaza,wapheka,cooccurrence,freq=6,0.302289,0.376602,Both
ukuhlonipha,zakhe,cooccurrence,freq=8,0.216387,0.316471,Both
izikhiye,"izibhedlela,",morphological,class8_plural,0.370148,0.454104,Both
indoda,icala,semantic_across,family_vs_police_law,0.206087,0.234261,Both
isouth,"isizini,",morphological,class7_singular,0.370211,0.454148,Both
ngezingxoxo,zezingxabano,cooccurrence,freq=2,0.690054,0.648038,Both
imeya,umasipala,semantic_within,government,0.49077,0.568539,Both
ngemva,uyabiza,cooccurrence,freq=66,0.221963,0.320374,Both
ubunjalo,"uliqede,",morphological,class11,0.417636,0.487345,Both
isikole,ulwazi,semantic_within,education,0.242501,0.39475,Both
unomthandazo,usedalule,morphological,class11,0.090767,0.258537,Both
yemigomo,“ngaphambi,cooccurrence,freq=2,0.40498,0.448486,Both
5),nescience.,random_unrelated,,0.436361,0.350453,Both
"mkhakha,","kosomatekisi,",random_unrelated,,0.485992,0.385194,Both
787),kushayisana,random_unrelated,,0.051056,0.080739,Both
ukukulungisa,ukudela,morphological,class15_infinitive,0.342761,0.434933,Both
abanye,abamnyama,morphological,class2_plural,0.197657,0.33336,Both
imincintiswano,imibuzo,morphological,class3_plural,0.485092,0.534564,Both
uthemba,ulozolo,morphological,class11,0.183958,0.323771,Both
ukuhamba,ihhotela,semantic_across,transport_vs_places,0.252765,0.266936,Both
kanjani,kusho,cooccurrence,freq=2,0.205287,0.308701,Both
abantu,ohle,cooccurrence,freq=42,0.206601,0.309621,Both
ezithile,uyageza,cooccurrence,freq=38,0.268802,0.353162,Both
abaningi,izinto,cooccurrence,freq=228,0.124919,0.252443,Both
amaphupho,umholi,cooccurrence,freq=44,0.270063,0.354044,Both
ngizizwa,ngoba,cooccurrence,freq=2,0.052556,0.201789,Both
324),ngokunganaki,random_unrelated,,0.19015,0.178105,Both
ezikanjini,kulethe,random_unrelated,,0.300605,0.255424,Both
eselathatha,qwabe,random_unrelated,,0.526147,0.413303,Both
umlungisi,umsindo,morphological,class1_singular,0.081534,0.252074,Both
umabonakude,umsakazo,semantic_within,technology,0.441551,0.534085,Both
amathiphu,751),random_unrelated,,0.23303,0.208121,Both
aphuma,elikhanyayo,cooccurrence,freq=116,0.218165,0.317716,Both
nelokishi,amaphupho,random_unrelated,,0.139254,0.142478,Both
ubudala.,useshayele,morphological,class11,0.460735,0.517515,Both
ibalula,izinga,cooccurrence,freq=2,0.197649,0.303354,Both
imali,ibhange,semantic_within,money,0.110776,0.302543,Both
uvezele,"ungowakho,",morphological,class11,0.326301,0.423411,Both
ehlangabezana,kodwa,cooccurrence,freq=76,0.09151,0.229057,Both
"ukuphumula,",ukuqopha,morphological,class15_infinitive,0.286873,0.395811,Both
nenkani,ayisashisi,random_unrelated,,0.455153,0.363607,Both
umthelela,umdlandla,morphological,class1_singular,0.258884,0.376219,Both
"u-2023,",unciphisa,morphological,class11,0.342459,0.434721,Both
ze-aucturial,"itheku,",random_unrelated,,0.362443,0.29871,Both
amakati,amazolo,morphological,class6_plural,0.588165,0.606715,Both
734),zonke,cooccurrence,freq=2,0.37875,0.430125,Both
esanele,uyajabula,cooccurrence,freq=42,0.312972,0.38408,Both
imibiko,imilayezo,morphological,class3_plural,0.638278,0.641794,Both
"nazo,",uwela,random_unrelated,,0.161648,0.158153,Both
bahamba,womphakathi.,cooccurrence,freq=2,0.354376,0.413063,Both
uyicaza,uhluleke,morphological,class11,0.369548,0.453683,Both
ikhompiyutha,ukuxhumana,semantic_within,technology,0.397892,0.503524,Both
ihlathi,idili,morphological,class5_singular,0.297543,0.40328,Both
uqala,ubalekela,morphological,class11,0.336779,0.430745,Both
272),zokuphila.,random_unrelated,,0.278463,0.239924,Both
uzophokophelela,u-11,morphological,class11,0.220417,0.349292,Both
kunanxuswa,nemibuzo,random_unrelated,,0.350896,0.290627,Both
emnika,ukudla,cooccurrence,freq=2,0.145975,0.267183,Both
elikhulukazi,legoli,cooccurrence,freq=3154,0.707901,0.660531,Both
umrepha,ukudlala,semantic_across,music_vs_sport,0.081033,0.146723,Both
noscotts,cross,random_unrelated,,0.483105,0.383174,Both
siphathwe,"okunosawoti,",random_unrelated,,0.426574,0.343602,Both
izintaba,ikhaya,semantic_across,nature_vs_places,0.143351,0.190346,Both
umtapo,imfundo,semantic_within,education,0.165367,0.340757,Both
imibala,ukhwele,random_unrelated,,0.25661,0.224627,Both
ezingibuyisela,ne-grille,random_unrelated,,0.367523,0.302266,Both
lokukhombisa,eziseduze.,random_unrelated,,0.226905,0.203834,Both
uyathola,usolwa,morphological,class11,0.178417,0.319892,Both
"zekhofi,",izokwazi,random_unrelated,,0.29251,0.249757,Both
omkhulu,"ukuphumelela,",cooccurrence,freq=4,0.097519,0.233263,Both
leli,"komphakathi,",random_unrelated,,0.151182,0.150828,Both
ubisi,ubonge,morphological,class11,0.296917,0.402842,Both
ziletha,abagulayo,random_unrelated,,0.322332,0.270633,Both
lizwe.,seyithola,random_unrelated,,0.48218,0.382526,Both
egumbini,kuyacaca,cooccurrence,freq=12,0.267431,0.352202,Both
ukuthwebula,wemikhakha,random_unrelated,,0.319632,0.268742,Both
uyageza,uyazwa,morphological,class11,0.891741,0.819218,Both
ukhuni,amanzi,semantic_within,nature,0.141755,0.324228,Both
ukuhambisa,national,random_unrelated,,0.184096,0.173867,Both
ugrade,ungaphumuli.,morphological,class11,0.400331,0.475232,Both
ngaleso,wafike,cooccurrence,freq=2,0.381967,0.432377,Both
"paki,",idayiseke,random_unrelated,,0.449422,0.359596,Both
ezibalulekile.,izivivinyo,cooccurrence,freq=6,0.395468,0.441828,Both
ngolwesithathu,bakulesi,random_unrelated,,0.285975,0.245182,Both
"wasemzimkhulu,",nalelo,random_unrelated,,0.169547,0.163683,Both
lilepo,boyz,random_unrelated,,0.611995,0.473397,Both
inewini,inethi,morphological,class9_singular,0.645187,0.646631,Both
kwethulwa,olubhekiswe,random_unrelated,,0.394921,0.321445,Both
batholane,sizongisiza,random_unrelated,,0.29645,0.252515,Both
nokumungabaza,utshele,random_unrelated,,0.12013,0.129091,Both
eseduze,ku-400,random_unrelated,,0.417984,0.337589,Both
71),ukuphinde,random_unrelated,,0.217164,0.197014,Both
indlu,ukuthola,cooccurrence,freq=164,0.129358,0.25555,Both
farm,"bathandaze,",random_unrelated,,0.257213,0.225049,Both
uqonde,unomlando,morphological,class11,0.37998,0.460986,Both
kolwabanye,umlando,random_unrelated,,0.407222,0.330055,Both
"ezinjani,",sebeqala,random_unrelated,,0.164807,0.160365,Both
i-arrows,i-anc.,morphological,class5_singular,0.682267,0.672587,Both
"fm,",ikhiqiza,random_unrelated,,0.235386,0.20977,Both
abadala,736),random_unrelated,,0.161098,0.157768,Both
bakhe,sezulu,cooccurrence,freq=130,0.249016,0.339311,Both
"ukubonga,",ukuzibonakalisa,morphological,class15_infinitive,0.325188,0.422631,Both
ibhayisikili.,bebenza,random_unrelated,,0.367645,0.302351,Both
ukhala,ukuyithi.,morphological,class15_infinitive,0.159341,0.306539,Both
eqinile.,watshela,random_unrelated,,0.026908,0.063835,Both
“lokho,"ufunde,",random_unrelated,,0.154494,0.153146,Both
"abadala,",noscotts,random_unrelated,,0.215973,0.196181,Both
ikusasa,umthanda,cooccurrence,freq=74,0.363522,0.419466,Both
abasebenzisa,sizwe,random_unrelated,,0.131687,0.137181,Both
"eminingi,",wesaba,cooccurrence,freq=34,0.180904,0.291633,Both
baqonde,ecacile,cooccurrence,freq=4,0.570654,0.564458,Both
i-var,nayo,cooccurrence,freq=2,0.510028,0.52202,Both
abantu,theknoloji,semantic_across,family_vs_technology,-0.099564,0.020305,Both
okuwumsebenzi,zifunda,random_unrelated,,0.24869,0.219083,Both
uyakholelwa,"yomdabu,",cooccurrence,freq=200,0.17256,0.285792,Both
ugcizelele,uhluleke,morphological,class11,0.3077,0.41039,Both
ngemva,waphuza,cooccurrence,freq=28,0.217545,0.317281,Both
ngesonto,unomthandazo,cooccurrence,freq=16,0.200637,0.305446,Both
ulalelwa,uselangeni.,random_unrelated,,0.38386,0.313702,Both
ukunakekelwa,ukuzovakasha,morphological,class15_infinitive,0.287074,0.395952,Both
lusebenzile,uyazithoba,cooccurrence,freq=28,0.308287,0.380801,Both
izikhalo,izinsuku.,morphological,class8_plural,0.28024,0.391168,Both
izinso,"izimpiko,",morphological,class8_plural,0.321447,0.420013,Both
uqhakambise,usasebenza.,morphological,class11,0.258838,0.376186,Both
"ezilingene,",omkhulu,cooccurrence,freq=4,0.311331,0.382932,Both
zibekele,'njengoba,random_unrelated,,0.070846,0.094592,Both
"ekuseni,",enkundleni,cooccurrence,freq=48,0.177956,0.289569,Both
ethempelini,imisebenzi,cooccurrence,freq=98,0.201015,0.305711,Both
abashayeli,bayafunda,cooccurrence,freq=16,0.393042,0.440129,Both
izitshudeni,zikulolu,cooccurrence,freq=2,0.593686,0.58058,Both
117),nesifo,random_unrelated,,0.180741,0.171518,Both
366),ka-april.,random_unrelated,,0.416653,0.336657,Both
"kubona,”",abahlakazwa,random_unrelated,,0.276278,0.238395,Both
764),kwaba,random_unrelated,,0.033392,0.068374,Both
unomvelo,uyokwenza,morphological,class11,0.164563,0.310194,Both
uyazi,uhlala,morphological,class11,0.036043,0.22023,Both
usihlongonyane,"u-amandlenkosi,",morphological,class11,0.329581,0.425707,Both
usuke,ufundela,morphological,class11,0.217828,0.347479,Both
enkulu.,isikhumba,cooccurrence,freq=30,0.182657,0.29286,Both
umoremi.,umgcinimafa,morphological,class1_singular,0.670448,0.664314,Both
"ukubekezelelana,","yokuzindla,",cooccurrence,freq=2,0.512574,0.523802,Both
weligi,amalungu,random_unrelated,,0.335595,0.279917,Both
igijima,ibaxwayisa,morphological,class5_singular,0.330596,0.426417,Both
ungakuthola,ko-apple,random_unrelated,,0.504607,0.398225,Both
impilo,ukugula,semantic_within,health,0.09119,0.288833,Both
inatal,inch,morphological,class9_singular,0.562902,0.589032,Both
"izolo,",ubuhlebezwe,cooccurrence,freq=34,0.372745,0.425922,Both
incwadi,ulwazi,semantic_within,education,0.33736,0.461152,Both
isiteshi,isikhungo,semantic_within,places,0.258473,0.405931,Both
ibhotela,ikhukhamba,semantic_within,food,0.305193,0.438635,Both
uthe,uthebe,morphological,class11,0.736169,0.710318,Both
kwesihlahla,indlovukazi,random_unrelated,,0.17356,0.166492,Both
ibhizinisi,kuzosiza,cooccurrence,freq=2,0.380721,0.431505,Both
i-innobiz,i-economic,morphological,class5_singular,0.726854,0.703798,Both
iyakhula.,ipirates,morphological,class5_singular,0.198172,0.333721,Both
ezidlula,oyilungu,random_unrelated,,0.126958,0.133871,Both
imeya,theknoloji,semantic_across,government_vs_technology,0.653904,0.547733,Both
aye,ukuba,cooccurrence,freq=2,0.151732,0.271213,Both
umfundi,incwadi,semantic_within,education,0.339594,0.462716,Both
sedatha,yakhiwa,random_unrelated,,0.211474,0.193032,Both
uhulumeni,umasipala,semantic_within,government,0.26897,0.413279,Both
bezepolitiki,yomphakathi,cooccurrence,freq=2,0.484637,0.504246,Both
ubudlelwano,ugazi,morphological,class11,0.335794,0.430056,Both
aphansi.,isidingo,random_unrelated,,0.394492,0.321144,Both
wonke,"zonke,",cooccurrence,freq=664,0.091868,0.229308,Both
ngeproject,"indlela,",random_unrelated,,0.131693,0.137185,Both
amanzi,yezilwane,cooccurrence,freq=4,0.365557,0.42089,Both
"esikhethekile,",uthanda,cooccurrence,freq=10,0.19043,0.298301,Both
kahle,uyaphumelela,cooccurrence,freq=148,0.09516,0.231612,Both
iqhubekisele,ivulekile,morphological,class5_singular,0.41606,0.486242,Both
uyakhuthaza,uzokwazi,morphological,class11,0.108513,0.270959,Both
icwecwe,ikhwaya,semantic_within,music,0.324021,0.451814,Both
"namhlanje,",owesifazane,cooccurrence,freq=22,0.318974,0.388282,Both
okufanayo,ayaqhubezela,random_unrelated,,0.387361,0.316153,Both
udokotela,izintaba,semantic_across,health_vs_nature,0.10206,0.161442,Both
"entabeni,",esidlule,cooccurrence,freq=6,0.187487,0.296241,Both
"ingqalasizinda,",izindawo,cooccurrence,freq=4,0.601319,0.585923,Both
"njalo,",onesibindi,cooccurrence,freq=24,0.129704,0.255793,Both
nomnyango,zilahlekelwe,random_unrelated,,0.349023,0.289316,Both
amasheya,ingcebo,semantic_within,money,0.430309,0.526217,Both
"asebashiya,",bemlandela.,random_unrelated,,0.418707,0.338095,Both
uletha,ugcina,morphological,class11,0.272499,0.385749,Both
"konyaka,",samaholidi,cooccurrence,freq=2,0.441026,0.473718,Both
ibalulekile,iyayedlula.,morphological,class5_singular,0.187846,0.326492,Both
imigwaqo,engena,random_unrelated,,0.033823,0.068676,Both
ubuka,usuvuleke,morphological,class11,0.351594,0.441116,Both
amazambane,ukuphuza,semantic_within,food,0.369715,0.4838,Both
ibhekene,iqoshwe,morphological,class5_singular,0.482746,0.532922,Both
olukhomba,ifundise,random_unrelated,,0.237475,0.211232,Both
isithelo,uyazi,cooccurrence,freq=60,0.277055,0.358939,Both
the,ukukhulisa,random_unrelated,,0.13326,0.138282,Both
ezinjalo,wakhulisa,random_unrelated,,0.080298,0.101209,Both
nginokubona,labazali,random_unrelated,,0.106379,0.119465,Both
uyadla,uwoyela,morphological,class11,0.187537,0.326276,Both
ingane,umuntu,semantic_within,family,0.13552,0.319864,Both
ngokuphelele.,ukuthi,cooccurrence,freq=2,0.003606,0.167524,Both
ukuhlasela,ukujwayela,morphological,class15_infinitive,0.476668,0.528668,Both
inkosi,inyama,morphological,class9_singular,0.256046,0.374232,Both
udale,usbahle.,morphological,class11,0.417852,0.487497,Both
mathupha,incwadi.,random_unrelated,,0.353493,0.292445,Both
ibalula,i-african,morphological,class5_singular,0.261236,0.377865,Both
imfundo,ukudlala,semantic_across,education_vs_sport,0.234526,0.254168,Both
omusha,wakhumbula,cooccurrence,freq=30,0.37122,0.424854,Both
bagweme,esiqinile,random_unrelated,,0.327828,0.274479,Both
abahlali,ngendlela,cooccurrence,freq=12,0.131571,0.257099,Both
"isixuku,",isekhona,morphological,class7_singular,0.256284,0.374399,Both
uyahlanza,uyahlela,cooccurrence,freq=16,0.779755,0.710828,Both
"i-bcuc,",ibonakale,morphological,class5_singular,0.380616,0.461431,Both
ligibela,emvula,random_unrelated,,0.319219,0.268453,Both
"uyambonga,",ubuthongo.,morphological,class11,0.128899,0.285229,Both
uvivinyo,uhluleke,morphological,class11,0.217616,0.347331,Both
izibani,"izitshalo,",morphological,class8_plural,0.304417,0.408092,Both
ababili,224),random_unrelated,,0.228792,0.205155,Both
babhekelelwe,ukuze,cooccurrence,freq=2,0.115556,0.245889,Both
umasipala,icala,semantic_within,government,0.412254,0.513578,Both
ukusiza,ukudela,morphological,class15_infinitive,0.197409,0.333186,Both
bakuqaphele,okweyamene,cooccurrence,freq=2,0.465499,0.490849,Both
nokuhlela,yenkampani,cooccurrence,freq=2,0.156073,0.274251,Both
isimo,ukusebenzela,cooccurrence,freq=120,0.227679,0.324375,Both
"usithole,",udonsa,morphological,class11,0.304273,0.407991,Both
"nobukhazikhazi,",iveni.,random_unrelated,,0.303617,0.257532,Both
bayacabanga,isikhathi,cooccurrence,freq=24,0.112027,0.243419,Both
emanzini,ushelele,cooccurrence,freq=2,0.345654,0.406958,Both
587),"imali,”",random_unrelated,,0.151508,0.151055,Both
ukutholwa,ukuziphatha,morphological,class15_infinitive,0.136071,0.29025,Both
ingozi.,ezitshalweni,random_unrelated,,0.295694,0.251986,Both
ulieutenant,ulahlwe,morphological,class11,0.633737,0.638616,Both
esidingeka,idolobha,cooccurrence,freq=108,0.160453,0.277317,Both
"kokuxhumana,",umuzwa,random_unrelated,,0.083538,0.103476,Both
amakhulu,amathuba,cooccurrence,freq=10,0.430276,0.466193,Both
oluhle,unomsa,cooccurrence,freq=22,0.258303,0.345812,Both
usho,uyena,morphological,class11,0.290915,0.39864,Both
isiveze,ngokufinyelela,random_unrelated,,0.302038,0.256427,Both
"izivivinyo,",njengokuthi,random_unrelated,,0.158536,0.155975,Both
umnyango,umshanelo,morphological,class1_singular,0.228212,0.354748,Both
isitimela,ubukhosi,semantic_across,transport_vs_culture,0.137493,0.186245,Both
ulwazi,imfundo,semantic_within,education,0.310969,0.442678,Both
ufune,"uliqede,",morphological,class11,0.356405,0.444483,Both
enkundleni,izincwadi,cooccurrence,freq=180,0.235191,0.329633,Both
"into,""",obe,random_unrelated,,0.328348,0.274844,Both
iphesheya.”,i-21st,morphological,class5_singular,0.301864,0.406305,Both
"ongenakulinganiswa,",liyabazisa,random_unrelated,,0.095797,0.112058,Both
khumalo.,nohlobo,random_unrelated,,0.406725,0.329708,Both
ipirates,i-spoiler,morphological,class5_singular,0.387024,0.465917,Both
"esikoleni,",ziye,cooccurrence,freq=6,0.214403,0.315082,Both
abantu,abanesibindi,morphological,class2_plural,0.216589,0.346612,Both
development,weconfed,random_unrelated,,0.612433,0.473703,Both
ixhuma,"kuqala,",random_unrelated,,0.199916,0.184942,Both
behleka,"esikwangono,",random_unrelated,,0.291464,0.249025,Both
"uthebe,",uyaludinga,morphological,class11,0.304141,0.407899,Both
556),96),random_unrelated,,0.992441,0.739708,Both
"lokuqala,",uma,cooccurrence,freq=2,0.075452,0.217816,Both
ekuphekeni,ngeqhaza,random_unrelated,,0.291745,0.249222,Both
kuqhubekele,ukubona,cooccurrence,freq=2,0.25064,0.340448,Both
umculo,umbhalo,semantic_within,music,0.069271,0.273489,Both
impumelelo,lizoqhubeka,random_unrelated,,0.119095,0.128366,Both
wukuqinisekisa,isifuba,random_unrelated,,0.359842,0.29689,Both
mndeni,aselahlekile.,random_unrelated,,0.224083,0.201858,Both
izingane,oluthathwa,cooccurrence,freq=80,0.118097,0.247668,Both
ilokishi,isikhungo,semantic_within,places,0.201753,0.366227,Both
ezincwadini,ngokubekezela,cooccurrence,freq=40,0.358322,0.415825,Both
yesonto,wulimit.,random_unrelated,,0.340199,0.283139,Both
isikhathi,"likhanya,",cooccurrence,freq=16,0.107855,0.240499,Both
idurban,ithi,morphological,class5_singular,0.309015,0.41131,Both
inhloso,behleka,random_unrelated,,0.015039,0.055527,Both
"beach,",amathathu,random_unrelated,,0.306024,0.259217,Both
zokunakekela,"ukuzithoba,",random_unrelated,,0.297515,0.253261,Both
induna,umuntu,cooccurrence,freq=102,0.26198,0.348386,Both
eduze,"manager,",random_unrelated,,0.137627,0.141339,Both
bayahlela,ezinhle,cooccurrence,freq=28,0.138904,0.262233,Both
ezehlukene,lokho,cooccurrence,freq=2,0.171405,0.284984,Both
uyimvelaphi,ujabule,morphological,class11,0.329049,0.425334,Both
ngemva,omkhulu,cooccurrence,freq=236,0.287343,0.36614,Both
ubunhloli,ukunakekelwa,random_unrelated,,0.299165,0.254416,Both
uhlala,ulalele,morphological,class11,0.150381,0.300267,Both
ukhuni,ulwandle,semantic_within,nature,0.295621,0.431935,Both
amavithamini,amabhodlela,morphological,class6_plural,0.619801,0.62886,Both
indlu,isikhungo,semantic_within,places,0.053507,0.262455,Both
iligi.,iphethe,morphological,class5_singular,0.296047,0.402233,Both
ukuhlanganisa,ukuzilungiselela,morphological,class15_infinitive,0.222002,0.350401,Both
kuningi,nje,cooccurrence,freq=2,0.29113,0.368791,Both
iwuphethe,ibheyili,morphological,class5_singular,0.266746,0.381722,Both
inselelo,yokuthi,cooccurrence,freq=2,0.290373,0.368261,Both
zekhaya,kumatasa,random_unrelated,,0.237948,0.211563,Both
ngondlovu,okuthiwa,cooccurrence,freq=2,0.381193,0.431835,Both
"enanda,","noncibijane,",cooccurrence,freq=6,0.510559,0.522391,Both
omdala,ukudla,cooccurrence,freq=38,0.237606,0.331324,Both
iqhude,indlovukazi,semantic_across,animals_vs_government,0.129527,0.180669,Both
abahlanu.,ababanawo,morphological,class2_plural,0.371516,0.455062,Both
"ibalulekile,",ukuphila,cooccurrence,freq=12,0.277844,0.359491,Both
izindawo,izimpendulo,morphological,class8_plural,0.273414,0.386389,Both
izilwane,umsakazo,semantic_across,animals_vs_technology,0.111189,0.167833,Both
indlela,"kusasa,",cooccurrence,freq=36,0.271591,0.355114,Both
izintambo,izinuke,morphological,class8_plural,0.536538,0.570577,Both
ulindiwe,uqobo,morphological,class11,0.189968,0.327978,Both
"abamthandayo,",kahle,cooccurrence,freq=120,0.052056,0.201439,Both
ukumakelwa,ukuzivumelanisa,morphological,class15_infinitive,0.440602,0.503421,Both
maduze,wesilisa,cooccurrence,freq=12,0.298785,0.37415,Both
umklomelo,umane,morphological,class1_singular,0.321387,0.419971,Both
kusho,nje,cooccurrence,freq=4,0.227406,0.324184,Both
unomusa,ususegunjini,morphological,class11,0.16921,0.313447,Both
itoyota,i-internet.,morphological,class5_singular,0.642107,0.644475,Both
ekuphileni,"kanzima,",cooccurrence,freq=128,0.181603,0.292122,Both
emva,ezilingene,cooccurrence,freq=50,0.10334,0.237338,Both
ur10,uyaxolisa,morphological,class11,0.452029,0.511421,Both
okubaphuca,"yango-2023,",random_unrelated,,0.248656,0.219059,Both
"izisulu,",izinhlobo.,morphological,class8_plural,0.361447,0.448013,Both
"limited,",yezindaba,random_unrelated,,0.37609,0.308263,Both
wakhuthalela,emphakathini.,random_unrelated,,0.297704,0.253393,Both
abafundi,nomnyango,cooccurrence,freq=2,0.108542,0.240979,Both
ukudla,inyama,semantic_within,food,0.5333,0.59831,Both
isibhamu,inkantolo,semantic_within,police_law,0.302786,0.43695,Both
"makhathini,",usipho,cooccurrence,freq=2,0.013513,0.174459,Both
bahamba,"zemvelo,",cooccurrence,freq=2,0.336964,0.400875,Both
ivele,ibhethri,morphological,class5_singular,0.338031,0.431621,Both
ubufakazi,"uyalova,",morphological,class11,0.380691,0.461484,Both
ibhotela,indishi,semantic_within,food,0.435366,0.529756,Both
625),zonke,cooccurrence,freq=2,0.373269,0.426288,Both
ukudla,ukuphuza,semantic_within,food,0.247634,0.398344,Both
694),sehlo,random_unrelated,,0.269771,0.23384,Both
ongenakulinganiswa,uzinhle,cooccurrence,freq=2,0.199057,0.30434,Both
ukufunda,impumelelo,semantic_within,education,0.113709,0.304596,Both
"2024,","31,",cooccurrence,freq=2,0.88399,0.783793,Both
ukumsiza,lwemithi,random_unrelated,,0.276437,0.238506,Both
unaledi,uzofundelani.,morphological,class11,0.428532,0.494972,Both
ukuzimela.,ukuza,morphological,class15_infinitive,0.588349,0.606844,Both
uyacabanga,zisesikole,cooccurrence,freq=12,0.252274,0.341592,Both
amaningi,umlimi,cooccurrence,freq=44,0.356567,0.414597,Both
agcinwa,kwemvula,random_unrelated,,0.299136,0.254396,Both
kukantombela/ndlovu.,nonogada.,random_unrelated,,0.526777,0.413744,Both
esigodini,ulungelo,cooccurrence,freq=16,0.272231,0.355562,Both
webetway,basuke,random_unrelated,,0.221361,0.199953,Both
lwesteam,u-matric.,cooccurrence,freq=4,0.561092,0.557764,Both
nesolezwe,"zokuphila,",random_unrelated,,0.128161,0.134713,Both
izimvu,umhlengikazi,semantic_across,animals_vs_health,0.11133,0.167931,Both
izisebenzi,izibani,morphological,class8_plural,0.157232,0.305062,Both
ikati,izinkomo,semantic_within,animals,0.262487,0.408741,Both
bekumqoka,ithatha,random_unrelated,,0.343463,0.285424,Both
amadolobha,amatekisi,morphological,class6_plural,0.267914,0.38254,Both
qikelela,ukubanika,cooccurrence,freq=2,0.375499,0.427849,Both
iyanda,ime,morphological,class5_singular,0.049462,0.229623,Both
bakhetha,camino,random_unrelated,,0.312508,0.263755,Both
8),kumnikeza,random_unrelated,,0.256117,0.224282,Both
amakhulu,bayaphila,cooccurrence,freq=42,0.23819,0.331733,Both
ilandelana,ibheyili,morphological,class5_singular,0.36942,0.453594,Both
abandayo,abakwazuma,morphological,class2_plural,0.294929,0.40145,Both
"ugesi,",wehlise,random_unrelated,,0.233616,0.208531,Both
uphumlani,u-90,morphological,class11,0.636832,0.640782,Both
umngqithi,umbatha.,morphological,class1_singular,0.178367,0.319857,Both
uthisha,umtapo,semantic_within,education,0.437224,0.531057,Both
"mboni,”",qikelela,random_unrelated,,0.337239,0.281067,Both
ekuseni,"enkundleni,",cooccurrence,freq=48,0.177987,0.289591,Both
ukulinda,ukubandlulula,morphological,class15_infinitive,0.260126,0.377088,Both
umzali,uphiwayinkosi,cooccurrence,freq=12,0.517462,0.527224,Both
esidingeka,uyakwazi,cooccurrence,freq=24,0.154949,0.273464,Both
izintaba,imifula,semantic_within,nature,0.491187,0.568831,Both
uphunyuke.,usayine,morphological,class11,0.500648,0.545453,Both
umntwana,ngqa,random_unrelated,,0.034117,0.068882,Both
nenkinga,wena,cooccurrence,freq=2,0.424589,0.462212,Both
"kwesikole,",ubesemhlabeni,random_unrelated,,0.098211,0.113747,Both
bangene,izihlalo,cooccurrence,freq=2,0.266689,0.351683,Both
umndeni,amasheya,semantic_across,family_vs_money,-0.036354,0.064552,Both
bafanelwe,"amatekisi,",random_unrelated,,0.211211,0.192848,Both
bahlala,unandi,cooccurrence,freq=4,0.1249,0.25243,Both
bekucaca,70),random_unrelated,,0.294095,0.250867,Both
iyaqhubeka,nokuqinisa,cooccurrence,freq=2,0.561647,0.558153,Both
empilweni.,"ezinhle,",cooccurrence,freq=76,0.248424,0.338897,Both
ihlathi,ulwandle,semantic_within,nature,0.293225,0.430257,Both
"akwadukuza,",wokuzikhandla,random_unrelated,,0.244453,0.216117,Both
ukusebenza,ukuphinda,morphological,class15_infinitive,0.269753,0.383827,Both
kunciphisa,ngenze,random_unrelated,,0.165695,0.160986,Both
"ukudansa,",kubalandeli,random_unrelated,,0.238638,0.212047,Both
lapho,luhlala,cooccurrence,freq=2,0.130955,0.256668,Both
"ibalulekile,",ngamandla.,cooccurrence,freq=14,0.340899,0.403629,Both
kokuphela,igciwane,random_unrelated,,0.299517,0.254662,Both
uyahlanza,uyavuka,morphological,class11,0.884149,0.813904,Both
"unakekeleke,",uzibekele,morphological,class11,0.669732,0.663813,Both
inyama,isitsha,semantic_within,food,0.484777,0.564344,Both
umhlengikazi,indlu,semantic_across,health_vs_places,0.318344,0.312841,Both
ebavumela,philosophy,random_unrelated,,0.398053,0.323637,Both
"ekwakheni,”","sivalekile,",random_unrelated,,0.368155,0.302708,Both
zabantu.,(29),random_unrelated,,0.040379,0.073265,Both
uzizwe,ubusika,morphological,class11,0.307258,0.410081,Both
"nelobolo,",nalezi,random_unrelated,,0.406908,0.329836,Both
umlungisi,yezemidlalo,cooccurrence,freq=8,0.199191,0.304434,Both
ehlakaza,ukumosha,random_unrelated,,0.425113,0.342579,Both
"bonke,",yomdabu,cooccurrence,freq=4,0.179355,0.290548,Both
usushaya,uhlabisa.,morphological,class11,0.312188,0.413532,Both
uhlele,usuvuleke,morphological,class11,0.198783,0.334148,Both
imeya,umbuso,semantic_within,government,0.174737,0.347316,Both
usebenzise,uyenze,morphological,class11,0.331275,0.426892,Both
isisezingeni,ngokulingana,random_unrelated,,0.366484,0.301539,Both
3-0.,"zezemfundo,",random_unrelated,,0.317377,0.267164,Both
ilokishi,ikhaya,semantic_within,places,0.117104,0.306973,Both
azofakwa,wrap,random_unrelated,,0.418798,0.338158,Both
uthisha,ulwazi,semantic_within,education,0.312409,0.443687,Both
ubudokotela.”,enendawo,random_unrelated,,0.23976,0.212832,Both
ethole,impilo,cooccurrence,freq=4,0.121563,0.250094,Both
mfowethu,umuntu,semantic_within,family,0.250246,0.400172,Both
abangasenayo,abaseduze,random_unrelated,,0.469727,0.373809,Both
amanzi,uthemba,cooccurrence,freq=72,0.173623,0.286536,Both
egauteng,kakhulu,cooccurrence,freq=30,0.224594,0.322216,Both
ikhwalithi,ikhomishini,morphological,class5_singular,0.376696,0.458687,Both
oqhubekayo,yasezululand,random_unrelated,,0.260435,0.227304,Both
195),yensizwa,random_unrelated,,0.156602,0.154621,Both
umkhandi,umnyango,morphological,class1_singular,0.232634,0.357844,Both
ulwandle,zigcina,random_unrelated,,0.16582,0.161074,Both
abanikwe,abalokhu,morphological,class2_plural,0.405011,0.478507,Both
okumqoka.,imishini,random_unrelated,,0.325218,0.272653,Both
ibhange,amasheya,semantic_within,money,0.332947,0.458063,Both
kubo.,ngingayikhiphi.,random_unrelated,,0.273677,0.236574,Both
ulungiselela,"u-2023,",morphological,class11,0.281543,0.39208,Both
basebenza,akazi.,random_unrelated,,0.201192,0.185834,Both
ukuzimela,se-afro,random_unrelated,,0.199334,0.184534,Both
izindawo,zokuthuthukisa,cooccurrence,freq=2,0.414203,0.454942,Both
ilele,ize,morphological,class5_singular,0.197624,0.333337,Both
ngiyakholwa,wageza,cooccurrence,freq=12,0.378799,0.430159,Both
u-aden,uflavio,morphological,class11,0.738989,0.712292,Both
uyakhumbula,"usithole,",morphological,class11,0.152435,0.301704,Both
zembethe,umengameli,random_unrelated,,0.344415,0.28609,Both
uminnie,umthombo.,morphological,class1_singular,0.534213,0.568949,Both
edolobheni,ubuhlakani,cooccurrence,freq=96,0.229345,0.325542,Both
uyacabanga,udlondlobale,morphological,class11,0.152117,0.301482,Both
udalule,ufika,morphological,class11,0.283612,0.393528,Both
ulungise,unzama,morphological,class11,0.35824,0.445768,Both
kakhulu,ongenakulinganiswa.,cooccurrence,freq=26,0.174476,0.287133,Both
kwesifo,yizinhliziyo,random_unrelated,,0.358368,0.295857,Both
"yomhlaba,","23,",random_unrelated,,0.130789,0.136552,Both
ukuphuza,ibhola,semantic_across,food_vs_sport,0.190952,0.223667,Both
sengcupheni,"zempilo,",random_unrelated,,0.203494,0.187445,Both
idolobha,ilokishi,semantic_within,places,0.304824,0.438377,Both
nonhloso,abantu.,random_unrelated,,0.068327,0.092829,Both
ukwelapha,ibhola,semantic_across,health_vs_sport,0.133509,0.183457,Both
uyabekezela,uxhaxha,morphological,class11,0.000514,0.19536,Both
akwenze,e-university,cooccurrence,freq=2,0.421998,0.460399,Both
isikhathi,nani,cooccurrence,freq=2,0.113878,0.244715,Both
ukuthi,uyakabisa,cooccurrence,freq=132,0.300706,0.375494,Both
uhlakaze,unikwa,morphological,class11,0.298146,0.403702,Both
"starr,",835),random_unrelated,,0.545666,0.426966,Both
kungakusiza,"lwase-afrika,",random_unrelated,,0.369408,0.303585,Both
"ubumningi,",uhlezi,morphological,class11,0.251545,0.371082,Both
obubandayo,namakhompyutha.,random_unrelated,,0.268551,0.232986,Both
ukuqala,ukudweba,morphological,class15_infinitive,0.352018,0.441413,Both
uwubudlelwane,"usbahle,",morphological,class11,0.144771,0.296339,Both
"esibhedlela,",unomfundo,cooccurrence,freq=14,0.372532,0.425772,Both
ithole,iqondane,morphological,class5_singular,0.275745,0.388021,Both
ukuphuma.,ukuzihlanza,morphological,class15_infinitive,0.146183,0.297328,Both
zokuhlala,okubi.,random_unrelated,,0.305577,0.258904,Both
ize,ikhulise,morphological,class5_singular,0.113067,0.274147,Both
ngamazwi,unokukhanya,cooccurrence,freq=22,0.267577,0.352304,Both
kubalaleli,lisuke,random_unrelated,,0.272587,0.235811,Both
"ukuzithenga,",buqinile.,random_unrelated,,0.269659,0.233761,Both
limhlophe,ngifika,random_unrelated,,0.122107,0.130475,Both
iyaqhubeka,iqhawe,morphological,class5_singular,0.423744,0.491621,Both
uvele,uphethiloli,morphological,class11,0.284726,0.394308,Both
kubuthene,azobhekana,random_unrelated,,0.437547,0.351283,Both
ngabaqeqeshi,uhlelo,random_unrelated,,0.138412,0.141888,Both
ucedric,uzwakale,morphological,class11,0.412964,0.484075,Both
oluthathwa,zemicimbi,cooccurrence,freq=8,0.530199,0.536139,Both
isitatimende,isiphelile,morphological,class7_singular,0.39235,0.469645,Both
unthabiseng,ushayela,morphological,class11,0.162335,0.308634,Both
inja,izinkomo,semantic_within,animals,0.316892,0.446824,Both
futhi,kagrade,cooccurrence,freq=4,0.061973,0.208381,Both
amaphutha,amasu,morphological,class6_plural,0.396488,0.472542,Both
nongeke,zokufunda,cooccurrence,freq=2,0.201051,0.305735,Both
"enkulu,",unkosi,cooccurrence,freq=26,0.262999,0.349099,Both
ulwazi,impumelelo,semantic_within,education,0.156607,0.334625,Both
ugubha,ungadlali,morphological,class11,0.327943,0.42456,Both
ulindiwe,usawoti,morphological,class11,0.176526,0.318568,Both
nangendlela,ubalulekile,cooccurrence,freq=32,0.051651,0.201155,Both
akulula,ezincane,cooccurrence,freq=2,0.351905,0.411334,Both
542),akazange,random_unrelated,,0.347322,0.288125,Both
ezifundiswa,ezinhle,cooccurrence,freq=12,0.252605,0.341824,Both
ungadlula,"omhlaba,”",random_unrelated,,0.253749,0.222624,Both
ejele,kubalulekile,cooccurrence,freq=88,0.223157,0.32121,Both
inja,ihlosi,semantic_within,animals,0.506869,0.579808,Both
amagquma,ama-akhawunti,morphological,class6_plural,0.476343,0.52844,Both
wunksz,sciences,random_unrelated,,0.481634,0.382144,Both
ekudleni,ayicaphune,random_unrelated,,0.273817,0.236672,Both
uxoxa,"u-amandlenkosi,",morphological,class11,0.278012,0.389609,Both
ulibofuzo,usma.,morphological,class11,0.407799,0.480459,Both
okukhulu,sakuseni,cooccurrence,freq=12,0.145113,0.266579,Both
ukukhakhayi,ukuhweba,morphological,class15_infinitive,0.475814,0.52807,Both
ikhaya,ihhotela,semantic_within,places,0.068837,0.273186,Both
uyena,uqondisa,morphological,class11,0.212027,0.343419,Both
"esibhedlela,",kokunqena.,cooccurrence,freq=20,0.328002,0.394601,Both
"usizo,",586),random_unrelated,,0.271638,0.235147,Both
ivikeleke,ezinganakekile.,random_unrelated,,0.410527,0.332369,Both
abancane,abawu-16,morphological,class2_plural,0.340452,0.433317,Both
ukukhipha,"ukuwunyakazisa,",morphological,class15_infinitive,0.49099,0.538693,Both
usiyanda,uvuleke,morphological,class11,0.020205,0.209143,Both
nokuzizwa,sikugade,random_unrelated,,0.262382,0.228667,Both
aguquka,ingasetshenziswa,random_unrelated,,0.207239,0.190067,Both
umfana,isifo,semantic_across,family_vs_health,0.079292,0.145504,Both
u-r120.,ubuza,morphological,class11,0.425945,0.493162,Both
umfana,unhlanhla,cooccurrence,freq=14,0.795026,0.721518,Both
lesandulela,675),random_unrelated,,0.329388,0.275571,Both
ngokuba,umfana,cooccurrence,freq=4,0.159051,0.276336,Both
mkhakha.,980),random_unrelated,,0.265264,0.230685,Both
iqhude,izinkomo,semantic_within,animals,0.308488,0.440942,Both
umhlengikazi,ukugula,semantic_within,health,0.043857,0.2557,Both
ubhoboke,uhambisa,morphological,class11,0.245829,0.36708,Both
elilodwa,nasezimotweni,cooccurrence,freq=2,0.533996,0.538797,Both
"ekuphileni,",ibalulekile.,random_unrelated,,0.136201,0.140341,Both
"uthando,",ulele.,morphological,class11,0.012574,0.203802,Both
isikole,iphepha,semantic_within,education,0.14921,0.329447,Both
emoyeni,ukuphumula,cooccurrence,freq=2,0.382382,0.432667,Both
amazambane,isizwe,semantic_across,food_vs_government,0.115638,0.170946,Both
abadingayo,esikoleni,cooccurrence,freq=144,0.18868,0.297076,Both
ngibonile,ukubaleka,random_unrelated,,0.326855,0.273799,Both
ikati,izimvu,semantic_within,animals,0.317594,0.447316,Both
ulimi,uxhumano,morphological,class11,0.391745,0.469221,Both
imfundo,umkhulu,cooccurrence,freq=8,0.185136,0.294595,Both
"lomqondo,",ayihola,random_unrelated,,0.441656,0.354159,Both
abahlali,iqhaza,cooccurrence,freq=12,0.292758,0.369931,Both
ifunde,i-zoo,morphological,class5_singular,0.255884,0.374119,Both
uphumule,egeleza,random_unrelated,,0.26925,0.233475,Both
uthuli,usiba,morphological,class11,0.392728,0.46991,Both
enhle.,ukuphumelela,cooccurrence,freq=784,0.295234,0.371664,Both
usinokholo.,uxhaso.,morphological,class11,0.558118,0.585683,Both
ocebile,umuntu,cooccurrence,freq=158,0.28314,0.363198,Both
okukhulu.,usiyanda,cooccurrence,freq=6,0.284786,0.36435,Both
nangemfundo.,okushaye,random_unrelated,,0.188262,0.176783,Both
umuntu,abantu,semantic_within,family,0.288606,0.427024,Both
abambe,abaqaphe,morphological,class2_plural,0.55745,0.585215,Both
sisodwa,obukhethekile,random_unrelated,,0.020764,0.059535,Both
amaphoyisa,isibhamu,semantic_within,police_law,0.299447,0.434613,Both
ubuholi,uzame,morphological,class11,0.203033,0.337123,Both
ubukhosi,uzithola,cooccurrence,freq=62,0.23119,0.326833,Both
aqapha,ebeziphethe,cooccurrence,freq=2,0.553927,0.552749,Both
emfuleni,kokucabanga,cooccurrence,freq=54,0.183151,0.293206,Both
"ngokuzimisela,",sokuthi,random_unrelated,,0.113227,0.124259,Both
uyabuya,uqonde,morphological,class11,0.140067,0.293047,Both
uthisha,isivivinyo,semantic_within,education,0.228338,0.384837,Both
amakhosi,ukudla,cooccurrence,freq=12,0.048923,0.199246,Both
ezivakashela,ngokuziphatha,cooccurrence,freq=2,0.270971,0.35468,Both
usephonsele,"uphethiloli,",morphological,class11,0.437204,0.501043,Both
esizweni,jikelele,cooccurrence,freq=2,0.389287,0.437501,Both
bank,of,random_unrelated,,0.313934,0.264754,Both
umrepha,ikhwaya,semantic_within,music,0.480092,0.561065,Both
umthanda,umothoalo.,morphological,class1_singular,0.278801,0.39016,Both
eminingi,emthonjeni,cooccurrence,freq=12,0.117658,0.247361,Both
kusho,sebexolisa,cooccurrence,freq=2,0.373427,0.426399,Both
ngokuphepha,yenkonzo,random_unrelated,,0.324318,0.272022,Both
"uyalova,",u-r10,morphological,class11,0.30139,0.405973,Both
ukuqulwa,"ukugeza,",morphological,class15_infinitive,0.374505,0.457153,Both
ukuthumela,ukuphinda,morphological,class15_infinitive,0.119714,0.2788,Both
ithathe,ibheyili,morphological,class5_singular,0.363073,0.449151,Both
"zasendle,",obaba,random_unrelated,,0.169316,0.163521,Both
esinezinhlelo,wami,cooccurrence,freq=4,0.191968,0.299378,Both
ubunhloli,ubudokotela.”,morphological,class11,0.39878,0.474146,Both
126),kwezinsuku,cooccurrence,freq=2,0.587387,0.576171,Both
"kunjalo,",achaze,random_unrelated,,0.103231,0.117262,Both
isenzo,isicele,morphological,class7_singular,0.396679,0.472675,Both
umasipala,indlovukazi,semantic_within,government,0.278347,0.419843,Both
esibhedlela.,lezipho,random_unrelated,,0.11518,0.125626,Both
isikhathi,ngizikhipha,cooccurrence,freq=2,0.162418,0.278693,Both
bahlala,besiza,cooccurrence,freq=4,0.344381,0.406067,Both
uphile,usemusha,morphological,class11,0.366811,0.451768,Both
inhlamvu,inkantolo,semantic_within,police_law,0.23286,0.388002,Both
zibi.,lizongcebeleka,random_unrelated,,0.49617,0.392319,Both
iqhude,isiko,semantic_across,animals_vs_culture,-0.013272,0.08071,Both
ubani,ungomunye,morphological,class11,0.103628,0.267539,Both
isibhamu,inhlamvu,semantic_within,police_law,0.691474,0.709032,Both
ivele,iqoqe,morphological,class5_singular,0.339945,0.432962,Both
"u-amandlenkosi,","usebenzile,""",morphological,class11,0.377864,0.459505,Both
u-100%.,ugqwaba,morphological,class11,0.672047,0.665433,Both
abavakashi,abayishumi,morphological,class2_plural,0.281489,0.392042,Both
25),kwezinsuku,cooccurrence,freq=2,0.597587,0.583311,Both
okunguyena,u-r230.,random_unrelated,,0.361601,0.298121,Both
"""sizokwazi",nokubona,cooccurrence,freq=2,0.310717,0.382502,Both
iba,idlalela,morphological,class5_singular,0.444298,0.506009,Both
063,nombolo:,cooccurrence,freq=2,0.746865,0.687806,Both
ukubhala,umtapo,semantic_within,education,0.275207,0.417645,Both
uzofihla,ithanda,random_unrelated,,0.336559,0.280591,Both
(mba),in,cooccurrence,freq=2,0.706231,0.659362,Both
"ngokugcwele,",kulo,random_unrelated,,0.346373,0.287461,Both
nokudla,nokukhanya,cooccurrence,freq=2,0.691488,0.649041,Both
simazi,waqhubeka,random_unrelated,,0.264383,0.230068,Both
unkosi,"ufuna,",morphological,class11,0.102012,0.266408,Both
nodokotela,uhlale,cooccurrence,freq=2,0.306347,0.379443,Both
528),lithole,random_unrelated,,0.135258,0.139681,Both
uye,unciphisa,morphological,class11,0.235089,0.359562,Both
"sokwesaba,",emgwaqweni,random_unrelated,,0.206649,0.189654,Both
ikhompiyutha,ucingo,semantic_within,technology,0.514505,0.585154,Both
999),ngaphansi.,random_unrelated,,0.239423,0.212596,Both
nabafundi,ubekhuluma,cooccurrence,freq=4,0.254802,0.343362,Both
amafasitela,yizifo.,random_unrelated,,0.292331,0.249632,Both
uletha,udumi,morphological,class11,0.235886,0.36012,Both
"wasethekwini,",kwezilwandle.,random_unrelated,,0.225068,0.202548,Both
uphiwayinkosi,isicoco,random_unrelated,,-0.043042,0.014871,Both
zingekho,uqinisekise,random_unrelated,,0.412997,0.334098,Both
ojwayelekile,owedlule,cooccurrence,freq=24,0.292694,0.369886,Both
"nomdlandla,",uwafake,cooccurrence,freq=2,0.387116,0.435981,Both
unota,ungakhohlwa,morphological,class11,0.426106,0.493274,Both
ingasishiyi,indwangu,morphological,class9_singular,0.292444,0.399711,Both
kuhle,kwazo,cooccurrence,freq=284,0.513409,0.524386,Both
inyoni,ihlosi,semantic_within,animals,0.373838,0.486687,Both
ina,umphikeleli,cooccurrence,freq=26,0.220081,0.319056,Both
utshele,ungaphumuli.,morphological,class11,0.293307,0.400315,Both
mumbhathise,kokusebenza,random_unrelated,,0.162509,0.158756,Both
ukhuni,imifula,semantic_within,nature,0.276573,0.418601,Both
yokushoda,kukaminnie,random_unrelated,,0.377503,0.309252,Both
usanda,uhlolele,morphological,class11,0.293199,0.400239,Both
enkundleni,wonke,cooccurrence,freq=172,0.135897,0.260128,Both
ucindezelekile.,"uybee,",morphological,class11,0.225536,0.352875,Both
kaningi,nabanye,cooccurrence,freq=46,0.206912,0.309838,Both
yesimo,useshaye,random_unrelated,,0.38816,0.316712,Both
243),yinkulisa,random_unrelated,,0.245478,0.216834,Both
783),bakwazi,random_unrelated,,0.154386,0.15307,Both
asuka,uyahamba,cooccurrence,freq=40,0.25373,0.342611,Both
wembathwe,170),random_unrelated,,0.321196,0.269837,Both
emini.,480),random_unrelated,,0.099817,0.114872,Both
ukhuthaze,ukulimazana,morphological,class15_infinitive,0.236224,0.360357,Both
unezinombolo,uzofihla,morphological,class11,0.434497,0.499148,Both
ubalekela,usabalale,morphological,class11,0.46845,0.522915,Both
ephunyukile,wesunflower,random_unrelated,,0.596823,0.462776,Both
ezindaweni,ezitolo,cooccurrence,freq=2,0.372376,0.425663,Both
mdlali,ungene,cooccurrence,freq=2,0.274983,0.357488,Both
ukukhanya,ukudlulela,morphological,class15_infinitive,0.310734,0.412514,Both
"million,",zika-r200,cooccurrence,freq=2,0.780792,0.711554,Both
kakhulu,ku-icwecwe,cooccurrence,freq=2,0.097778,0.233445,Both
iqonde,i-garden,morphological,class5_singular,0.201325,0.335927,Both
ukuhlala,ukuhlanganyela,morphological,class15_infinitive,0.630336,0.636235,Both
elandisa,urichard,random_unrelated,,0.31492,0.265444,Both
umndeni,umuntu,semantic_within,family,0.312417,0.443692,Both
babona,bethule,random_unrelated,,0.400162,0.325114,Both
isikweletu,ingcebo,semantic_within,money,0.379916,0.490941,Both
abuye,nengilima.,random_unrelated,,0.330189,0.276132,Both
ubudoda,ukuthi,cooccurrence,freq=2,0.007471,0.17023,Both
cup,933),random_unrelated,,0.484579,0.384205,Both
okwakha,uyajabula,cooccurrence,freq=40,0.263519,0.349463,Both
ubisi,ugcine,morphological,class11,0.220757,0.34953,Both
african,rights,cooccurrence,freq=2,0.803196,0.727237,Both
emva,sakubo,cooccurrence,freq=164,0.115607,0.245925,Both
usbahle,uyaqhubeka.,morphological,class11,0.117006,0.276904,Both
kwamqinisa,sengisebenza,random_unrelated,,0.157141,0.154999,Both
amnandi,inkosi,cooccurrence,freq=50,0.274723,0.357306,Both
"libuhlungu,",zabantu,cooccurrence,freq=164,0.124252,0.251977,Both
uzobuya,ucebise,morphological,class11,0.323833,0.421683,Both
zihlinzeka,esanele,random_unrelated,,0.277969,0.239578,Both
base,768),random_unrelated,,0.090387,0.108271,Both
ukuqhamuka,ukubalawula.,morphological,class15_infinitive,0.366575,0.451603,Both
indoda,nabantwana.,cooccurrence,freq=2,0.331619,0.397133,Both
iqala,"wami,",random_unrelated,,0.263744,0.229621,Both
ukubonga,neukudla,random_unrelated,,0.139057,0.14234,Both
namacala,107),random_unrelated,,0.250505,0.220353,Both
lapho.,kufolda.,random_unrelated,,0.40216,0.326512,Both
ngiwumuntu,nesilungele,random_unrelated,,0.334395,0.279076,Both
"u-anthony,",osemusha.,random_unrelated,,0.246364,0.217455,Both
entabeni,yokusiza,cooccurrence,freq=52,0.161596,0.278117,Both
bakhiphe,sabo,cooccurrence,freq=2,0.410754,0.452528,Both
wapaka,"offside,",random_unrelated,,0.417349,0.337145,Both
iphepha,ukubhala,semantic_within,education,0.524104,0.591873,Both
uyahlela,uyikhiphe,morphological,class11,0.136168,0.290318,Both
ewaterfront,ekhasini,random_unrelated,,0.271162,0.234813,Both
"ekuphileni,",izwe,cooccurrence,freq=28,0.132545,0.257782,Both
ngingayikhiphi.,ngokuka-23,random_unrelated,,0.348239,0.288767,Both
esigodini,zemicimbi,cooccurrence,freq=100,0.27125,0.354875,Both
ngomashi,omzimba,random_unrelated,,0.106109,0.119277,Both
kufebhruwari,limi,random_unrelated,,0.240237,0.213166,Both
umr,usafuna,morphological,class11,0.467791,0.522454,Both
ushaya,uzofihlwa,morphological,class11,0.396061,0.472242,Both
ekhaya,uyahleka,cooccurrence,freq=34,0.2044,0.30808,Both
ubisi,imifino,semantic_within,food,0.341033,0.463723,Both
zidalwa,obukhulu,random_unrelated,,0.149715,0.149801,Both
ubuye,unomzwelo,morphological,class11,0.393888,0.470722,Both
ingwazi,lesishayamthetho,random_unrelated,,0.340819,0.283573,Both
ubingelelwa,aziphase,random_unrelated,,0.340678,0.283474,Both
okusebenza,zokunciphisa,cooccurrence,freq=2,0.137531,0.261272,Both
izinkinga,izinkinga.,morphological,class8_plural,0.824826,0.772378,Both
"injalo,""",ekuphekeni,random_unrelated,,0.18993,0.177951,Both
othi,"okungenzeka,",random_unrelated,,0.092869,0.110008,Both
ngendlela,unokukhanya,cooccurrence,freq=348,0.263039,0.349127,Both
isizwe,imoto,semantic_across,government_vs_transport,0.043978,0.120785,Both
ukuthwebula,enquthu,random_unrelated,,0.096887,0.112821,Both
uzofike,imiyalelo.,random_unrelated,,0.132013,0.137409,Both
behlangene,uyazimisela,cooccurrence,freq=20,0.244329,0.33603,Both
ukukhiphela,ukuvimbela,morphological,class15_infinitive,0.591279,0.608895,Both
"kahle,",unkosi,cooccurrence,freq=8,0.257954,0.345568,Both
abangane,"bomqondo,",cooccurrence,freq=76,0.295575,0.371903,Both
esimeni,ngasemkhambathini.,random_unrelated,,0.27226,0.235582,Both
ibe,ikhokhe,morphological,class5_singular,0.252214,0.37155,Both
ejezini.,wonke,cooccurrence,freq=2,0.13424,0.258968,Both
esikhathini,"zakho?""",random_unrelated,,0.210248,0.192174,Both
umgomo,umgodi,morphological,class1_singular,0.606183,0.619328,Both
engikhuthaza,endala,random_unrelated,,0.224394,0.202076,Both
ikhukhamba,umsakazo,semantic_across,food_vs_technology,0.363346,0.344342,Both
ukhulume,ukukhishwa,morphological,class15_infinitive,0.366208,0.451345,Both
emzansi,"womhlaba,",random_unrelated,,0.312802,0.263961,Both
uyazibuza,u-major,morphological,class11,0.221856,0.350299,Both
eqondile.,bayazijabulisa.,random_unrelated,,0.328088,0.274661,Both
usbahle,"uuzovakasha,",morphological,class11,0.275491,0.387844,Both
"ukukhuluma,",ukuzobungaza,morphological,class15_infinitive,0.3351,0.42957,Both
862),zonke,cooccurrence,freq=2,0.386161,0.435313,Both
indlovukazi,isiteshi,semantic_across,government_vs_places,0.290464,0.293325,Both
abasolwa,isiteshi,semantic_within,police_law,0.432257,0.52758,Both
eziminyene,lapho,cooccurrence,freq=4,0.14504,0.266528,Both
umsebenzi,umoya.,morphological,class1_singular,0.005305,0.198713,Both
samabanga,izosiza,random_unrelated,,0.236996,0.210897,Both
"usebenza,",usunamacebo,morphological,class11,0.39676,0.472732,Both
uzobuya,"u-2023,",morphological,class11,0.431441,0.497008,Both
kokubhekana,zicula,random_unrelated,,0.263795,0.229656,Both
kohlolwa,zika-r200,cooccurrence,freq=2,0.54799,0.548593,Both
ligcwele,emihlanganweni,random_unrelated,,0.131917,0.137342,Both
"hlabisa,",velenkosini,cooccurrence,freq=2,0.67317,0.636219,Both
ngezihlangothi,"yakwazulu-natal,",random_unrelated,,0.112655,0.123858,Both
ukwelapha,impilo,semantic_within,health,0.148158,0.328711,Both
732),weconfed,random_unrelated,,0.558682,0.436078,Both
izihlahla,yamanzi,cooccurrence,freq=2,0.329103,0.395372,Both
isinkwa,isitsha,semantic_within,food,0.528672,0.595071,Both
isifo,ukugula,semantic_within,health,0.338538,0.461976,Both
nanhlangano,ukuzilolonga,random_unrelated,,0.142542,0.144779,Both
ingoba,intokazi,morphological,class9_singular,0.333174,0.428222,Both
mancane,bavelise,random_unrelated,,0.22592,0.203144,Both
"ijabule,",ithatha,morphological,class5_singular,0.216578,0.346605,Both
omakhelwane,uyasebenza,cooccurrence,freq=32,0.331016,0.396711,Both
ngokubekezela,wakwazi,cooccurrence,freq=240,0.130953,0.256667,Both
ufakazi,uthenga,morphological,class11,0.260686,0.37748,Both
obhuqwini,kwakusafunda,random_unrelated,,0.40839,0.330873,Both
114),zonke,cooccurrence,freq=2,0.361909,0.418336,Both
ibhuleki,ihehe,morphological,class5_singular,0.49815,0.543705,Both
bazijabulise,sasigunyaza,random_unrelated,,0.370831,0.304581,Both
sifike,owayeyikhansela,random_unrelated,,0.472127,0.375489,Both
"avulekile,",izimbali,cooccurrence,freq=2,0.146165,0.267316,Both
inyama,ikhukhamba,semantic_within,food,0.19236,0.359652,Both
amandla,okukhulu,cooccurrence,freq=8,0.354372,0.413061,Both
itekisi,uhambo,semantic_within,transport,0.069354,0.273548,Both
ukuqala,ukugoduka,morphological,class15_infinitive,0.4967,0.54269,Both
unokwanda,ubesevele,morphological,class11,-0.009645,0.188249,Both
inhlabathi,indali,morphological,class9_singular,0.388563,0.466994,Both
izindaba,ukujabulela,cooccurrence,freq=2,0.28358,0.363506,Both
ezingaphansi,kwesteam.,cooccurrence,freq=4,0.492357,0.50965,Both
eyakhele,umndeni,cooccurrence,freq=144,0.105988,0.239192,Both
ukufunda,imfundo,semantic_within,education,0.146661,0.327663,Both
ilokhu,ibizwa,morphological,class5_singular,0.304709,0.408297,Both
ubisi,ukuphuza,semantic_within,food,0.365066,0.480546,Both
ifunde,ihloniphe.,morphological,class5_singular,0.246108,0.367275,Both
ulethe,ubudokotela.”,morphological,class11,0.144041,0.295829,Both
ubuhlebezwe,ubunzima,morphological,class11,0.102056,0.266439,Both
zazinqamula,zomdlalo,random_unrelated,,0.17602,0.168214,Both
"masinyane,",ayifiki,random_unrelated,,0.278618,0.240033,Both
ubuntu,ukudlala,semantic_across,culture_vs_sport,0.24527,0.261689,Both
nokuhlola,ukubambisana,cooccurrence,freq=6,0.402218,0.446553,Both
kokukhishwa,kufanele,random_unrelated,,0.200948,0.185663,Both
iphepha,842),random_unrelated,,0.115064,0.125545,Both
incwadi,iphepha,semantic_within,education,0.583949,0.633764,Both
yomculo,"ezululand,",random_unrelated,,0.183603,0.173522,Both
amabili,isikhathi,cooccurrence,freq=2,0.040383,0.193268,Both
nomnikazi,belouizdad,random_unrelated,,0.306802,0.259762,Both
ilamontville,iligi.,morphological,class5_singular,0.591747,0.609223,Both
"emasimini,",ulethela,cooccurrence,freq=4,0.253611,0.342528,Both
uchonco,uveze,morphological,class11,0.306103,0.409272,Both
kwimamelodi,"(18),",random_unrelated,,0.592234,0.459564,Both
onjani,u-major,random_unrelated,,0.204701,0.188291,Both
ngezinto,nezitshalo,random_unrelated,,0.259268,0.226488,Both
kodwa,kunzima,cooccurrence,freq=2,0.073593,0.216515,Both
emfuleni,"ogelezayo,",cooccurrence,freq=298,0.377638,0.429346,Both
beyishintshile,elincane,random_unrelated,,0.274053,0.236837,Both
nezakhiwo,"kamufi,",random_unrelated,,0.196214,0.18235,Both
okusiza,unamandla,cooccurrence,freq=2,0.301499,0.37605,Both
eminingi,kweminyaka,cooccurrence,freq=9650,0.661076,0.627753,Both
unomsa,usemusha,morphological,class11,0.198968,0.334277,Both
emhlophe,ubekakwe,random_unrelated,,0.305909,0.259136,Both
sohambo.,umfundi.,random_unrelated,,0.13302,0.138114,Both
abafundi,uyagijima,cooccurrence,freq=22,0.211096,0.312767,Both
emzini.,"omkhulu,",cooccurrence,freq=16,0.136695,0.260686,Both
50,esiqinisa,random_unrelated,,0.164834,0.160384,Both
isikhwama,588),random_unrelated,,0.33876,0.282132,Both
igagasi.,igundane,morphological,class5_singular,0.538174,0.571721,Both
eduzane,elihlasela,random_unrelated,,0.408871,0.331209,Both
ukudla,ubisi,semantic_within,food,0.197013,0.362909,Both
umasipala,inkohlakalo,semantic_within,government,0.330725,0.456507,Both
ababhalanga,"abameli,",morphological,class2_plural,0.419987,0.488991,Both
"odlule,""",zekhaya,random_unrelated,,0.182506,0.172755,Both
uthisha,ukubhala,semantic_within,education,0.271574,0.415102,Both
"esenguwena,”",ezine,random_unrelated,,0.403405,0.327383,Both
-,sehhovisi,cooccurrence,freq=2,0.288627,0.367039,Both
"manager,",yesifundazwe,random_unrelated,,0.472528,0.375769,Both
isithelo,wakhathazeka,cooccurrence,freq=12,0.442827,0.474979,Both
bank,istandard,cooccurrence,freq=2,0.572008,0.565406,Both
448),wangonyaka,random_unrelated,,0.231894,0.207326,Both
izinkomo,izinja,semantic_within,animals,0.490846,0.568592,Both
usondelani,ubuthongo.,morphological,class11,0.113099,0.27417,Both
ikhukhamba,isikweletu,semantic_across,food_vs_money,0.331362,0.321953,Both
sikwezihamba,izokwazi,random_unrelated,,0.303454,0.257418,Both
ukubhala,ukuyisa,morphological,class15_infinitive,0.316154,0.416308,Both
incindezi,kuzofaka,cooccurrence,freq=2,0.522603,0.530822,Both
abayishumi,abamnyama,random_unrelated,,0.466032,0.371223,Both
"edolobheni,",uyakhumbula,cooccurrence,freq=20,0.190427,0.298299,Both
onogada,ningaboni,random_unrelated,,0.33769,0.281383,Both
"lweqiniso,",onamandla,cooccurrence,freq=16,0.240654,0.333458,Both
umrepha,umbhalo,semantic_within,music,0.498169,0.573718,Both
"usuxoshiwe,""",ubudokotela.”,morphological,class11,0.476349,0.528444,Both
yale,536),random_unrelated,,0.175062,0.167544,Both
kanti,lihlanzekile,cooccurrence,freq=2,0.247303,0.338112,Both
"ezithile,",uyahleka,cooccurrence,freq=20,0.182149,0.292504,Both
"ingqalasizinda,”",inxeba,morphological,class9_singular,0.588614,0.60703,Both
abanesifo,abaqeqeshelwe,morphological,class2_plural,0.370005,0.454003,Both
ukunisela,ukukhiqiza,morphological,class15_infinitive,0.418024,0.487617,Both
itoyota,ihehe,morphological,class5_singular,0.661211,0.657847,Both
ayesezithendeni,okuhambisna,random_unrelated,,0.371084,0.304759,Both
ubhala,ubengalishiyile,morphological,class11,0.350321,0.440225,Both
ukufeza,ukulima,morphological,class15_infinitive,0.522532,0.560773,Both
ekhombiswa,bajabula,random_unrelated,,0.21021,0.192147,Both
uhlala,ubesebenza,morphological,class11,0.194816,0.331371,Both
uqikelele,unomphelo,morphological,class11,0.176377,0.318464,Both
aselihambile,"nonkulunkulu,",random_unrelated,,0.362547,0.298783,Both
imisebenzi,"nobuqotho,",cooccurrence,freq=120,0.09924,0.234468,Both
unobhala,uzofundelani.,morphological,class11,0.451006,0.510704,Both
lokhu,wacula,cooccurrence,freq=66,0.444883,0.476418,Both
usambane,uyamvumela,morphological,class11,0.265273,0.380691,Both
udaba,usuqede,morphological,class11,0.414895,0.485427,Both
igcwele,iyadlala,random_unrelated,,0.264767,0.230337,Both
and,okufakazelwa,random_unrelated,,0.212248,0.193574,Both
aqhubeke,isixazululo,cooccurrence,freq=2,0.457965,0.485576,Both
umuntu,yisiqalo,cooccurrence,freq=2,0.015283,0.175698,Both
ngenxa,yayesene-transmitter,cooccurrence,freq=2,0.222542,0.32078,Both
inamabala,506),random_unrelated,,0.202486,0.18674,Both
nesikhulu,"oluhlaza,",random_unrelated,,0.157032,0.154922,Both
ezosisiza,siqonde,cooccurrence,freq=2,0.238545,0.331982,Both
ubanda,abahlengikazi,random_unrelated,,0.115606,0.125924,Both
iciko,yobuhlungu.,random_unrelated,,0.445112,0.356579,Both
"organization,",ukuminza,cooccurrence,freq=2,0.535038,0.539527,Both
emgungundlovu,uyahamba,cooccurrence,freq=20,0.229755,0.325829,Both
noindlu,"omkhulu,",cooccurrence,freq=8,0.231854,0.327297,Both
daytime,(ceo),random_unrelated,,0.683064,0.523145,Both
"egcekeni,",izimbewu,cooccurrence,freq=6,0.582515,0.57276,Both
umyalezo,bayayihlanza,random_unrelated,,0.27299,0.236093,Both
nezihluba,udlubu,cooccurrence,freq=2,0.508655,0.521058,Both
imbewu,zithokozisa,cooccurrence,freq=4,0.602622,0.586835,Both
nsuku,sezikhathi,cooccurrence,freq=24,0.180171,0.29112,Both
ekuhambeni,bathola,random_unrelated,,0.10904,0.121328,Both
yesonto,phambili,random_unrelated,,0.101817,0.116272,Both
yoxhaso,isidumo,random_unrelated,,0.383574,0.313502,Both
nomphakathi,ukufundisa,cooccurrence,freq=2,0.337676,0.401373,Both
bekhumbula,bazisusa,random_unrelated,,0.39884,0.324188,Both
abawu-20,abalandeli.,morphological,class2_plural,0.382299,0.462609,Both
zikhuluma,kuzobathatha,random_unrelated,,0.14645,0.147515,Both
maduze,uyapheka,cooccurrence,freq=24,0.307109,0.379976,Both
emuva,"no""mfazi""",cooccurrence,freq=2,0.480803,0.501562,Both
zikhiqiza,kwezokugcina,random_unrelated,,0.356373,0.294461,Both
inja,izintaba,semantic_across,animals_vs_nature,0.192024,0.224417,Both
asikayitholi,ngokuqhuba,random_unrelated,,0.388029,0.31662,Both
kuleli,ligi,cooccurrence,freq=2,0.373266,0.426286,Both
nokubuyekeza,"zokugcina,",cooccurrence,freq=10,0.552588,0.551812,Both
luhlobene,"lwase-afrika,",cooccurrence,freq=6,0.728302,0.674812,Both
unosipho.,usecape,morphological,class11,0.360122,0.447085,Both
imifino,isitsha,semantic_within,food,0.259387,0.406571,Both
sibe,yingxenye,cooccurrence,freq=2,0.44785,0.478495,Both
ububele.,ungumuntu,morphological,class11,0.348197,0.438738,Both
zikhona,umbhalo,random_unrelated,,0.101235,0.115864,Both
uveze,udj,morphological,class11,0.275003,0.387502,Both
ebhusha,ezingafundile,random_unrelated,,0.289206,0.247444,Both
izinsuku,izakhi,morphological,class8_plural,0.121823,0.280276,Both
ababaningi,abasafunda,morphological,class2_plural,0.208773,0.341141,Both
"bay,",sezincwadi.,random_unrelated,,0.252398,0.221679,Both
abafisa,abamelana,morphological,class2_plural,0.428646,0.495052,Both
unika,ubryan,morphological,class11,0.30331,0.407317,Both
ungayi,ubudala.,morphological,class11,0.358958,0.446271,Both
lutho,ukade,cooccurrence,freq=2,0.356699,0.414689,Both
uphile,uukuthi,morphological,class11,0.30662,0.409634,Both
ngibuye,uyabhala,random_unrelated,,0.092644,0.109851,Both
umfazi,umuntu,semantic_within,family,0.092777,0.289944,Both
ngama-,kubasiza,random_unrelated,,0.225699,0.202989,Both
"solwandle,",wedolobha.,random_unrelated,,0.297263,0.253084,Both
u-r10,ungondleki,morphological,class11,0.455076,0.513553,Both
abamnyama,abalekelele,morphological,class2_plural,0.206854,0.339798,Both
akhe,ezinkundleni,cooccurrence,freq=2,0.209345,0.311541,Both
omkhulu,688),random_unrelated,,0.126984,0.133889,Both
kwegciwane,samehlo,random_unrelated,,0.515917,0.406142,Both
umbuso,uyacula,cooccurrence,freq=42,0.365025,0.420517,Both
sithatha,"wokukhuleka,",random_unrelated,,0.158469,0.155928,Both
ukubhala,imfundo,semantic_within,education,0.087544,0.286281,Both
ezandleni,kungaba,random_unrelated,,0.168924,0.163247,Both
izintokazi,afike,random_unrelated,,0.290654,0.248458,Both
efanele.,"ukubekezelelana,",cooccurrence,freq=4,0.395911,0.442138,Both
"ngobulungiswa,",abaqaphi,random_unrelated,,0.210301,0.192211,Both
adala,besegaraji,random_unrelated,,0.383158,0.31321,Both
amakati,"amathathu,",morphological,class6_plural,0.463272,0.51929,Both
kuka-37,"laphaya,",random_unrelated,,0.38493,0.314451,Both
ngokuphepha.,ayivimbi,random_unrelated,,0.419653,0.338757,Both
ukhala,uyazi,cooccurrence,freq=36,0.273469,0.356428,Both
endaweni,wamelwa,cooccurrence,freq=4,0.338573,0.402001,Both
bale,bebexhunyaniswe,random_unrelated,,0.419601,0.338721,Both
iqhubeka,ibinesifiso,morphological,class5_singular,0.401459,0.476021,Both
abazali,izingubo,cooccurrence,freq=98,0.213099,0.31417,Both
sebezwakalise,bejabule.,random_unrelated,,0.317321,0.267124,Both
ulele.,unogwaja,morphological,class11,0.264875,0.380412,Both
ngiyibona,nsuku,cooccurrence,freq=2,0.05833,0.205831,Both
zabo,imvelo.,random_unrelated,,0.251675,0.221172,Both
abasiza,abafunda,morphological,class2_plural,0.510292,0.552204,Both
amaphoyisa,abasolwa,semantic_within,police_law,0.617111,0.656977,Both
ulethe,ucwaningo.,morphological,class11,0.239323,0.362526,Both
"ubufakazi,",uxhumano,morphological,class11,0.384122,0.463886,Both
"wasemlaza,",olibhalile,random_unrelated,,0.307477,0.260234,Both
ukubhala,isivivinyo,semantic_within,education,0.499774,0.574842,Both
unomathemba,unalo,morphological,class11,0.182541,0.322779,Both
710),397),random_unrelated,,0.996105,0.742274,Both
luhlale,"""asigcini",random_unrelated,,0.2853,0.24471,Both
ucele,ugqwaba,morphological,class11,0.557833,0.585483,Both
"abo,",zesikole,random_unrelated,,0.203761,0.187633,Both
wokuphila.,alunasimilo,random_unrelated,,0.192936,0.180055,Both
nezikhuliswe,sihlale,cooccurrence,freq=2,0.446578,0.477604,Both
uyakhuluma,yokusiza,cooccurrence,freq=58,0.257497,0.345248,Both
880),usizakale,random_unrelated,,0.229993,0.205995,Both
ebusweni,uhloniphe,random_unrelated,,0.284694,0.244286,Both
isikole,ukufunda,semantic_within,education,0.204431,0.368102,Both
lizizwe,yabazali.,random_unrelated,,0.191047,0.178733,Both
ngendlela,ukwazi,cooccurrence,freq=2,0.082427,0.222699,Both
zemithi,eminyakeni,random_unrelated,,0.226512,0.203559,Both
uvala,unkulunkulu,morphological,class11,0.397073,0.472951,Both
"namhlanje,",ukuze,cooccurrence,freq=36,0.201877,0.306314,Both
umfazi,umfana,semantic_within,family,0.384022,0.493815,Both
kuyona,ukuze,cooccurrence,freq=2,0.072446,0.215712,Both
526),enkulu.,random_unrelated,,0.17181,0.165267,Both
nengozi,bahlinzeka,random_unrelated,,0.338183,0.281728,Both
zivulwe,sustainable,random_unrelated,,0.363187,0.299231,Both
usanele,ucotshelelwa,morphological,class11,0.463044,0.519131,Both
luhlose,ukwakha,cooccurrence,freq=4,0.237365,0.331155,Both
16),linyuka,random_unrelated,,0.235462,0.209823,Both
kunezinto,zabantu,cooccurrence,freq=2,0.224603,0.322222,Both
idolobha,ihhotela,semantic_within,places,0.194042,0.360829,Both
uyathenga,yize,cooccurrence,freq=56,0.149978,0.269985,Both
ukhuni,theknoloji,semantic_across,nature_vs_technology,0.431006,0.391704,Both
kuyena.,zokuphucula,random_unrelated,,0.241373,0.213961,Both
abalimi,ekugcineni,cooccurrence,freq=58,0.275885,0.35812,Both
ubonane,uwuvumele,morphological,class11,0.358406,0.445884,Both
ufakazi,351),random_unrelated,,0.264127,0.229889,Both
ingoma,umculi,semantic_within,music,0.38534,0.494738,Both
473),classes,random_unrelated,,0.41672,0.336704,Both
amabhantshi,amarobhothi,morphological,class6_plural,0.486015,0.53521,Both
izitsha,umpendulo,cooccurrence,freq=40,0.481753,0.502227,Both
kwezilwandle,lapho,cooccurrence,freq=2,0.116622,0.246635,Both
ivikelwe,"iqembu,",morphological,class5_singular,0.408037,0.480626,Both
ukukhokha,ngazwi,random_unrelated,,0.225801,0.203061,Both
kakhulu,nokwesta,cooccurrence,freq=2,0.049997,0.199998,Both
ukusheshisa,kwezingane,random_unrelated,,0.198213,0.183749,Both
uqhele,uyichaze,morphological,class11,0.487391,0.536174,Both
ukuphuma,nokwazi,random_unrelated,,0.035094,0.069566,Both
futhi,uhlinzeka,cooccurrence,freq=2,0.184786,0.29435,Both
ifunde,iphonsa,morphological,class5_singular,0.239833,0.362883,Both
intombazane,uyafunda,cooccurrence,freq=68,0.395109,0.441576,Both
udadewethu,uxhaso.,morphological,class11,0.138653,0.292057,Both
uyisiko,ulahlwe,morphological,class11,0.228139,0.354697,Both
ifuna,i-ai,morphological,class5_singular,0.200536,0.335375,Both
isizwe,ingoma,semantic_across,government_vs_music,0.122734,0.175914,Both
abafike,ababengobhongoza,morphological,class2_plural,0.4389,0.50223,Both
uyakhuthaza,usanethuba,morphological,class11,0.116587,0.276611,Both
azizigqaji,ngemixhaso,cooccurrence,freq=4,0.730833,0.676583,Both
ukufuya,ukulimazana.,morphological,class15_infinitive,0.379152,0.460407,Both
612),419),random_unrelated,,0.994262,0.740983,Both
okuyinto,owayeyi-group,random_unrelated,,0.221239,0.199868,Both
masishane,uyakhala,cooccurrence,freq=26,0.191657,0.29916,Both
"people,",zamabhasi,random_unrelated,,0.349723,0.289806,Both
ihlathi,imithi,semantic_within,nature,0.372382,0.485667,Both
"lezinyawo,","umndeni,",random_unrelated,,0.033542,0.068479,Both
ukungenelela,ukungawubukeli,morphological,class15_infinitive,0.692759,0.679931,Both
nangamaholidi.,nempilo.,random_unrelated,,0.358812,0.296168,Both
nalabo,84),random_unrelated,,0.328155,0.274709,Both
uvuleke,ungayi,morphological,class11,0.196444,0.33251,Both
eyokuhlakazwa.,womtshato,random_unrelated,,0.470866,0.374606,Both
elwandle,wezwa,cooccurrence,freq=18,0.425297,0.462708,Both
nansi,671),random_unrelated,,0.212921,0.194045,Both
ngokubona,udokotela,cooccurrence,freq=30,0.275244,0.357671,Both
uyazwa,ubarns,morphological,class11,0.0846,0.25422,Both
ntambama,wezwa,random_unrelated,,0.154655,0.153259,Both
ngezinhlelo,ukuqhubeka,cooccurrence,freq=2,0.259626,0.346738,Both
"enhlangothini,","esifanele,",cooccurrence,freq=14,0.227465,0.324225,Both
iziphakamiso,izinkuni,morphological,class8_plural,0.414868,0.485408,Both
omakhelwane,wacula,cooccurrence,freq=22,0.343051,0.405136,Both
icwecwe,umbhalo,semantic_within,music,0.340518,0.463363,Both
ibhange,isikweletu,semantic_within,money,0.381544,0.49208,Both
kuwumsebenzi,"lethu,",cooccurrence,freq=4,0.462311,0.488618,Both
ubekhuluma,ugubha,morphological,class11,0.357804,0.445463,Both
yesizwe,ziqonde,cooccurrence,freq=2,0.169671,0.283769,Both
"kuwona,""","ngokwethemba,",random_unrelated,,0.159794,0.156856,Both
yeqiniso.,ngo-2017,random_unrelated,,0.134482,0.139137,Both
umhlengikazi,impilo,semantic_within,health,0.201095,0.365767,Both
"abanye,",wakhathazeka,cooccurrence,freq=34,0.209111,0.311378,Both
"bekumnandi,",major,cooccurrence,freq=2,0.491869,0.509308,Both
ulinda,usinokholo,morphological,class11,0.32572,0.423004,Both
308),ukuwenza,random_unrelated,,0.254773,0.223341,Both
inkosi,inkohlakalo,semantic_within,government,0.194342,0.361039,Both
yokwamukela,ngakusasa,random_unrelated,,0.368132,0.302692,Both
259),zonke,cooccurrence,freq=2,0.376191,0.428334,Both
ezingakhokhi,ngokuqinisekile.,random_unrelated,,0.296793,0.252755,Both
isela,isibuko,morphological,class7_singular,0.36764,0.452348,Both
odumile.,nengenabo,random_unrelated,,0.248343,0.21884,Both
uyasiza,uzofike,morphological,class11,0.062627,0.238839,Both
iya,iyisihlangu,morphological,class5_singular,0.363937,0.449756,Both
nabangani,balandela,random_unrelated,,0.226022,0.203215,Both
yokuphatha,ne-archery,random_unrelated,,0.327896,0.274527,Both
mthembu.,nawo,cooccurrence,freq=2,0.476254,0.498378,Both
ulwimi,uyilingise,morphological,class11,0.49354,0.540478,Both
"ekuseni,",ngemva,cooccurrence,freq=28,0.073117,0.216182,Both
ithanda,ithathe,morphological,class5_singular,0.465943,0.52116,Both
abelandisa,ukwenza,cooccurrence,freq=2,0.168948,0.283263,Both
amabili,amanye,morphological,class6_plural,0.495572,0.5419,Both
esitolo,lilungele,cooccurrence,freq=2,0.395167,0.441617,Both
incwadi,isivivinyo,semantic_within,education,0.470352,0.554246,Both
bayagijima,ubumbano,cooccurrence,freq=32,0.227958,0.32457,Both
usumkhiphile,usewole,morphological,class11,0.669898,0.663929,Both
isikweletu,ukonga,semantic_within,money,0.370942,0.484659,Both
"ahlanzekile,",ulungelo,cooccurrence,freq=6,0.205467,0.308827,Both
imemezele,uziphatha,random_unrelated,,0.206794,0.189756,Both
ungadlula,ubiza,morphological,class11,0.507931,0.550552,Both
ngoba,sekumuka,random_unrelated,,9e-05,0.045063,Both
usbahle,u-eco,morphological,class11,0.421308,0.489916,Both
uyahlanza,uyazithoba,cooccurrence,freq=16,0.783316,0.713321,Both
marine,ukhezo,random_unrelated,,0.086732,0.105712,Both
isikole,umfundi,semantic_within,education,0.253065,0.402146,Both
kwe-video,esizweni,random_unrelated,,0.256809,0.224766,Both
womtshato,relations,random_unrelated,,0.336763,0.280734,Both
496),kulanda,random_unrelated,,0.141598,0.144118,Both
ababoshwe,umhlanganiso,random_unrelated,,0.223141,0.201198,Both
ukuncintisana,ukujwayela,morphological,class15_infinitive,0.310788,0.412551,Both
olungapheli.,zifunda,cooccurrence,freq=2,0.29585,0.372095,Both
99),liyindawo,random_unrelated,,0.165353,0.160747,Both
ufebhuwari,unitas,morphological,class11,0.457885,0.51552,Both
"ngayinye,",nokuthi,cooccurrence,freq=2,0.267322,0.352126,Both
ezinkundla,iphutha,random_unrelated,,0.21177,0.193239,Both
ucingo,theknoloji,semantic_within,technology,0.437249,0.531074,Both
iqanda,iyashabalala,morphological,class5_singular,0.428286,0.4948,Both
"omkhulu,",umthunzi,cooccurrence,freq=2,0.227792,0.324455,Both
esidingeka,futhi,cooccurrence,freq=480,0.150252,0.270176,Both
abangawuzwa,ngakho,cooccurrence,freq=2,0.430145,0.466102,Both
nokudliwa,ngokusho,random_unrelated,,0.368454,0.302918,Both
ubuholi,ugcina,morphological,class11,0.185812,0.325068,Both
ekhaya.,ezingeyona,random_unrelated,,0.10822,0.120754,Both
inkampani,ingcebo,semantic_within,money,0.359486,0.47664,Both
umfundi,impumelelo,semantic_within,education,0.186669,0.355669,Both
oyi-6,kudlalwe,random_unrelated,,0.379821,0.310875,Both
iyanda,iveze,morphological,class5_singular,0.074988,0.247492,Both
ngemuva,phakathi,cooccurrence,freq=2,0.132159,0.257511,Both
kudlalwa,zidlala,cooccurrence,freq=2,0.314431,0.385102,Both
isivivinyo,impumelelo,semantic_within,education,0.07213,0.275491,Both
unokukhanya,unyazilwezulu,morphological,class11,0.086297,0.255408,Both
ekukhuleni,yithwasa,random_unrelated,,0.225283,0.202698,Both
inkomishi,indikimba,morphological,class9_singular,0.19107,0.328749,Both
kulo,nazo,cooccurrence,freq=4,0.295518,0.371863,Both
nempaka,amakhompiyutha,random_unrelated,,0.218107,0.197675,Both
esibukweni,nakuba,random_unrelated,,0.191504,0.179053,Both
inyuvesi,iphepha,semantic_within,education,0.300323,0.435226,Both
ezincwadini,neinhlonipho,cooccurrence,freq=4,0.204723,0.308306,Both
somqhudelwano,luhlobene,random_unrelated,,0.315848,0.266094,Both
i-video,yengoma,cooccurrence,freq=4,0.51764,0.527348,Both
abaphumelele,abangasizakala,morphological,class2_plural,0.345685,0.436979,Both
(foreign,currency),cooccurrence,freq=2,0.977267,0.849087,Both
ibhange,ingcebo,semantic_within,money,0.256876,0.404813,Both
isiko,ubukhosi,semantic_within,culture,0.182744,0.352921,Both
sokusebenzisa,inkanyezi,random_unrelated,,0.245031,0.216522,Both
"kokuzimela,",nolwazi,random_unrelated,,0.168324,0.162827,Both
seligcwele,labantu,random_unrelated,,0.112929,0.12405,Both
ukuhamba.,ukuzibonakalisa,morphological,class15_infinitive,0.24552,0.366864,Both
unomphela,ujanuwari,morphological,class11,0.234811,0.359368,Both
ingoma,amanzi,semantic_across,music_vs_nature,-0.037945,0.063438,Both
nokufuya,kunokunqoba,random_unrelated,,0.257205,0.225044,Both
uthebe,usambane,morphological,class11,0.321011,0.419708,Both
"odlule,""",okungavotwa,random_unrelated,,0.363593,0.299515,Both
ukwehluleka,"ukunikela,",morphological,class15_infinitive,0.247568,0.368298,Both
izimbali,umfana,cooccurrence,freq=2,0.178826,0.290178,Both
umsakazo,ubukhosi,semantic_across,technology_vs_culture,0.182664,0.217865,Both
ukuqhuba,"ukumsiza.""",morphological,class15_infinitive,0.482266,0.532586,Both
eziyohlale,ukuze,cooccurrence,freq=2,0.137831,0.261482,Both
ukuzihlalela,ukushisela,morphological,class15_infinitive,0.458891,0.516223,Both
uyathengisa,unesi,morphological,class11,0.104441,0.268109,Both
bale,esicacile,cooccurrence,freq=2,0.384175,0.433922,Both
iyisendlalelo,usungaphakathi,random_unrelated,,0.358028,0.29562,Both
"emorocco,",u-r32,random_unrelated,,0.668899,0.513229,Both
ingane,imidlalo,semantic_across,family_vs_sport,0.246545,0.262582,Both
ukudla,isinkwa,semantic_within,food,0.182876,0.353013,Both
"ijabule,",kwamahora,random_unrelated,,0.19947,0.184629,Both
"wasethekwini,",9),random_unrelated,,0.136874,0.140812,Both
inyuvesi,isivivinyo,semantic_within,education,0.365731,0.481011,Both
461),inkosi,random_unrelated,,0.025197,0.062638,Both
ikhibhodi,theknoloji,semantic_within,technology,0.603778,0.647645,Both
"webb,",angalazi,random_unrelated,,0.250967,0.220677,Both
sekwenzeke,ejulile,random_unrelated,,0.202554,0.186788,Both
ethekwini,unomthandazo,cooccurrence,freq=36,0.235348,0.329744,Both
abalimi,laseningizimu,cooccurrence,freq=4,0.107927,0.240549,Both
azovimbela,kanti,cooccurrence,freq=2,0.298711,0.374098,Both
ubisi,isitsha,semantic_within,food,0.486403,0.565482,Both
kwatholwa,uvumele,random_unrelated,,0.231458,0.207021,Both
ikhulume,i-ultra,morphological,class5_singular,0.329965,0.425975,Both
semvula.,uzwa,random_unrelated,,0.214197,0.194938,Both
kokunqena,unomvula,cooccurrence,freq=10,0.207567,0.310297,Both
ahlale,ishisa,cooccurrence,freq=2,0.352748,0.411923,Both
"kuphela,",ulondie,random_unrelated,,0.346314,0.28742,Both
"abadingayo,",uyasebenza,cooccurrence,freq=4,0.189801,0.297861,Both
izwe,"umklonyelise,",cooccurrence,freq=368,0.20832,0.310824,Both
ulwazi,"uyivakashele,",morphological,class11,0.135902,0.290132,Both
ibig,iphonsele,morphological,class5_singular,0.460536,0.517375,Both
ikhwaya,umbhalo,semantic_within,music,0.360639,0.477447,Both
uyamhlonipha.,uhlakaze,morphological,class11,0.26986,0.383902,Both
abilayo,angadala,cooccurrence,freq=2,0.584196,0.573937,Both
ethokozisa,upheka,cooccurrence,freq=2,0.375511,0.427858,Both
uyahleka,"ufunde,",morphological,class11,0.122646,0.280853,Both
umculi,umbhalo,semantic_within,music,0.25441,0.403087,Both
eselathatha,yesikhathi,random_unrelated,,0.243319,0.215324,Both
usbahle,eziza,random_unrelated,,0.166003,0.161202,Both
iphepha,eprice,random_unrelated,,0.228824,0.205177,Both
imisebenzi,"konke,",cooccurrence,freq=108,0.084846,0.224392,Both
lapho,yomuntu,cooccurrence,freq=4,0.057097,0.204968,Both
ngokubekezela,udokotela,cooccurrence,freq=24,0.132838,0.257986,Both
uthole,uradebe,morphological,class11,0.287009,0.395906,Both
uhambe,"uchama,",morphological,class11,0.363046,0.449132,Both
abasolwa,isibhamu,semantic_within,police_law,0.340471,0.46333,Both
ibamba,nomcebo,cooccurrence,freq=2,0.372591,0.425814,Both
ngomsebenz,bayobhekana,random_unrelated,,0.125028,0.13252,Both
inkosi,umbuso,semantic_within,government,0.644895,0.676427,Both
bomdabu,kokulala,cooccurrence,freq=4,0.120987,0.249691,Both
uphoqeleke,ulungise,morphological,class11,0.279482,0.390637,Both
ukuphuza,ukukhulume,morphological,class15_infinitive,0.179169,0.320418,Both
mayelana,ayihola,random_unrelated,,0.338559,0.281991,Both
amkhumbuze,engakwenzi,cooccurrence,freq=2,0.465913,0.491139,Both
lwe-ushaka,ukunika,random_unrelated,,0.425341,0.342739,Both
obungenakulinganiswa,opholile.,random_unrelated,,0.104711,0.118298,Both
ngokuzinikela,omkhulu,cooccurrence,freq=160,0.256771,0.34474,Both
ezindaweni,nokuthuthukisa,cooccurrence,freq=2,0.395398,0.441779,Both
uyinhloko,unguye,morphological,class11,0.257645,0.375351,Both
zonke.,abanamava,random_unrelated,,0.345133,0.286593,Both
elikhulu,"ngo-2007,",random_unrelated,,0.24301,0.215107,Both
"entabeni,",zungu.,random_unrelated,,-0.02923,0.024539,Both
usumdala:,uvivinyo,random_unrelated,,0.378367,0.309857,Both
amajean,amasiko,cooccurrence,freq=14,0.542782,0.544947,Both
"ngobunyoninco,",ukwakha,cooccurrence,freq=20,0.152377,0.271664,Both
kokuba,ngengezelela,random_unrelated,,0.168627,0.163039,Both
iphepha,ukufunda,semantic_within,education,0.33187,0.457309,Both
kwezigidigidi,ziyiqonde.,random_unrelated,,0.374489,0.307142,Both
ukhiphe,ukuziphatha,morphological,class15_infinitive,0.235507,0.359855,Both
amaphepha,asenkantolo,cooccurrence,freq=2,0.47393,0.496751,Both
ugqama,uqondisa,morphological,class11,0.320969,0.419678,Both
ukhulumisana,ukugqama,morphological,class15_infinitive,0.282137,0.392496,Both
inkosi,imeya,semantic_within,government,0.033489,0.248442,Both
yilokhu,nescorpion,random_unrelated,,0.262897,0.229028,Both
ukuhamba,uhambo,semantic_within,transport,0.683544,0.703481,Both
abafundi,elikhethekile,cooccurrence,freq=4,0.078161,0.219713,Both
lokho,uthenga,cooccurrence,freq=2,0.286609,0.365626,Both
uthenge,uyayithanda,morphological,class11,0.257642,0.375349,Both
kanye,management.,cooccurrence,freq=2,0.204918,0.308443,Both
ifundisa,"iyaqhubeka.""",morphological,class5_singular,0.307304,0.410113,Both
iyona,ithanda,morphological,class5_singular,0.3379,0.43153,Both
iqhude,izimvu,semantic_within,animals,0.223455,0.381419,Both
ukufinyelela,ukuphrinta,morphological,class15_infinitive,0.262819,0.378973,Both
awunayo,abawu-20,random_unrelated,,0.453097,0.362168,Both
inkakha,uziphatha,random_unrelated,,0.174867,0.167407,Both
iveni.,ikwenza,morphological,class5_singular,0.320676,0.419473,Both
abadlali,ababuya,morphological,class2_plural,0.092897,0.260028,Both
ucingo,ujwayeze,morphological,class11,0.39517,0.471619,Both
inyama,indishi,semantic_within,food,0.318827,0.448179,Both
labo,nalapho,cooccurrence,freq=628,0.189928,0.29795,Both
756),okungenza,random_unrelated,,0.128332,0.134832,Both
igijime,igingqike,cooccurrence,freq=2,0.712965,0.664076,Both
namafasitela,wecreative,random_unrelated,,0.29802,0.253614,Both
umhlengikazi,inhlamvu,semantic_across,health_vs_police_law,0.053975,0.127782,Both
unomthandazo,wasebenza,cooccurrence,freq=26,0.517793,0.527455,Both
"asebashiya,",nabo.,random_unrelated,,0.365359,0.300752,Both
impilo,limdinga.,cooccurrence,freq=28,0.214094,0.314866,Both
ezengeziwe,lwemishini,random_unrelated,,0.302841,0.256989,Both
ukuthi,zithole,cooccurrence,freq=2,0.070832,0.214583,Both
ulwandle,imvelo,semantic_within,nature,0.136892,0.320824,Both
abafana,uma,cooccurrence,freq=2,0.176295,0.288406,Both
uvuyani,ulele.,morphological,class11,0.16444,0.310108,Both
bayakhuthazana,ogelezayo,cooccurrence,freq=6,0.212565,0.313796,Both
eziphakeme,yetop,random_unrelated,,0.287798,0.246458,Both
kwimamelodi,ngokuphanga,random_unrelated,,0.323962,0.271774,Both
imifino,ingane,semantic_across,food_vs_family,0.261076,0.272753,Both
abagibeli,futhi,cooccurrence,freq=2,0.035979,0.190185,Both
futhi,icorolla,cooccurrence,freq=2,0.09533,0.231731,Both
ongumqeqeshi,uthe,cooccurrence,freq=2,0.23941,0.332587,Both
ngokungakhathali,besengamabamba,random_unrelated,,0.466457,0.37152,Both
amandla,obaba,cooccurrence,freq=48,0.206129,0.30929,Both
"edolobheni,",unokwanda,cooccurrence,freq=14,0.153605,0.272524,Both
uqale,uqikelela,morphological,class11,0.195262,0.331684,Both
"yasekhaya,",yemihlomulo,random_unrelated,,0.374445,0.307111,Both
amakhadibhodi,amabheji,morphological,class6_plural,0.541182,0.573828,Both
isiteshi,inkantolo,semantic_within,police_law,0.265859,0.411101,Both
zilalele,phansi.,random_unrelated,,0.372613,0.305829,Both
uyedlulela,wezinhliziyo,random_unrelated,,0.289076,0.247353,Both
kuyenzeka,ukuthi,cooccurrence,freq=2,0.03812,0.191684,Both
imoto,ukuhamba,semantic_within,transport,0.162395,0.338677,Both
kugcine,"""okubalulekile",random_unrelated,,0.182969,0.173079,Both
ukhwehlela,ukhalo,morphological,class15_infinitive,0.307354,0.410148,Both
ukwesekana,yomthwalo,random_unrelated,,0.193767,0.180637,Both
69),ukungadli,random_unrelated,,0.226673,0.203671,Both
ngenhlanhla,umandla,cooccurrence,freq=38,0.257587,0.345311,Both
lwezemfundo,istellenbosch,random_unrelated,,0.28936,0.247552,Both
onyx,udweshu,random_unrelated,,0.399448,0.324613,Both
usenzo,kwiscience,random_unrelated,,0.443,0.3551,Both
kokusebenza,kwashintsha,random_unrelated,,0.150206,0.150144,Both
kumkhiqizo,othandwa,cooccurrence,freq=244,0.57965,0.570755,Both
ebuzwa,kwezinto,cooccurrence,freq=2,0.183011,0.293108,Both
ehlise,"simo,",cooccurrence,freq=2,0.460898,0.487629,Both
iqhude,izinja,semantic_within,animals,0.316546,0.446582,Both
ushaya,"uybee,",morphological,class11,0.355507,0.443855,Both
uthi,ububha,morphological,class11,0.132763,0.287934,Both
"ngokuzinikela,",unomsa,cooccurrence,freq=4,0.285887,0.365121,Both
uyakwazi,unodaka.,morphological,class11,0.17043,0.314301,Both
uzolimala,ushaywa,morphological,class11,0.327102,0.423972,Both
imali,umculo,semantic_across,money_vs_music,0.555129,0.47859,Both
iziguli,"izingane,",morphological,class8_plural,0.172051,0.315435,Both
umngane,izipho,random_unrelated,,0.24555,0.216885,Both
uhla,usafisa,morphological,class11,0.205747,0.339023,Both
isibuko,isistimu,morphological,class7_singular,0.537496,0.571247,Both
izinto.,izintaba,morphological,class8_plural,0.206329,0.339431,Both
nokukhombisa,eduze,random_unrelated,,0.029572,0.0657,Both
ne-financial,angizange,random_unrelated,,0.418137,0.337696,Both
idola,iqinise,morphological,class5_singular,0.290524,0.398367,Both
indoda,ingane,semantic_within,family,0.320989,0.449692,Both
bayapheka,omkhulu,cooccurrence,freq=44,0.240866,0.333606,Both
udokotela,theknoloji,semantic_across,health_vs_technology,0.011493,0.098045,Both
imfuyo,ukushaya,cooccurrence,freq=2,0.412548,0.453784,Both
ukuthi,zikwazi,cooccurrence,freq=2,0.187306,0.296114,Both
isipho,wapheka,cooccurrence,freq=30,0.346563,0.407594,Both
eshiya,ngesikhathi,cooccurrence,freq=2,0.142558,0.264791,Both
ukubhala,ukuhamba,semantic_across,education_vs_transport,0.241091,0.258764,Both
ezisemadolobheni,bayahlanza,random_unrelated,,0.270739,0.234517,Both
ezincane,zifunda,cooccurrence,freq=10,0.37677,0.428739,Both
evikela,umakhalekhukhwini,random_unrelated,,0.243795,0.215657,Both
nobulawula,aphuma,random_unrelated,,0.123799,0.131659,Both
esingaphuma,eziyimfihlakalo,random_unrelated,,0.401174,0.325822,Both
abaqaphi,abasha.',morphological,class2_plural,0.505021,0.548515,Both
uya,usiza,morphological,class11,0.111951,0.273366,Both
ucic,wesifunda,random_unrelated,,0.207745,0.190422,Both
idola,ukudlala,semantic_across,money_vs_sport,0.115808,0.171065,Both
ngemfundo,uyabonga,cooccurrence,freq=90,0.184211,0.293947,Both
ukulawula,ukuwela,morphological,class15_infinitive,0.448945,0.509261,Both
abantu,"yomdabu,",cooccurrence,freq=92,0.124901,0.252431,Both
obuhlaza,ngokubamba,random_unrelated,,0.147962,0.148574,Both
umuntu,wabonga,cooccurrence,freq=114,0.200955,0.305668,Both
inkosi,uhulumeni,semantic_within,government,0.013227,0.234259,Both
labafundi,"amabhuleki,",random_unrelated,,0.14587,0.147109,Both
unina,"uhlabisa,odabuka",morphological,class11,0.326546,0.423582,Both
esiholela,ult,random_unrelated,,0.308912,0.261239,Both
usebenzela,"unwabu,",morphological,class11,0.131428,0.286999,Both
ukuhlolwa,yenyongo,cooccurrence,freq=2,0.496391,0.512474,Both
"ziqinile,",ukhiphe,random_unrelated,,0.191506,0.179054,Both
"emaphandleni,",kwazulu-natal;,random_unrelated,,0.190079,0.178055,Both
lapho.,"ezobuciko,",random_unrelated,,0.193329,0.18033,Both
ilindwe,siyathemba,random_unrelated,,0.263759,0.229632,Both
abamgxekayo,akwenzayo,random_unrelated,,0.568765,0.443135,Both
isibhamu,isiteshi,semantic_within,police_law,0.418643,0.51805,Both
ubungazinakile,u-r230,morphological,class11,0.382245,0.462571,Both
inkampani,idola,semantic_within,money,0.159475,0.336633,Both
ngothando,okwakha,cooccurrence,freq=4,0.357872,0.41551,Both
"ukudlala,",zabo,cooccurrence,freq=4,0.338208,0.401746,Both
inyuvesi,ukufunda,semantic_within,education,0.332316,0.457622,Both
amakati,lapho,cooccurrence,freq=4,0.1551,0.27357,Both
kadisemba,344),random_unrelated,,0.334612,0.279229,Both
itekisi,abasolwa,semantic_across,transport_vs_police_law,0.375074,0.352552,Both
besibona,ziqapha,random_unrelated,,0.116924,0.126847,Both
imidlalo,ukudlala,semantic_within,sport,0.392869,0.500008,Both
isikole,uthisha,semantic_within,education,0.201444,0.366011,Both
808),boyz,random_unrelated,,0.351058,0.29074,Both
emzansi,ethekwini.,random_unrelated,,0.372608,0.305826,Both
inyuvesi,ulwazi,semantic_within,education,0.346499,0.467549,Both
abangafuni,abasakazi,morphological,class2_plural,0.439842,0.502889,Both
umsindo.,"umgwaqo,",morphological,class1_singular,0.431647,0.497153,Both
obubonakala,kuzoqhubeka,random_unrelated,,0.087872,0.106511,Both
ucedric,ungeniswe,morphological,class11,0.470176,0.524123,Both
kwibetway,igijime,random_unrelated,,0.543059,0.425141,Both
umfazi,ingane,semantic_within,family,0.279147,0.420403,Both
bokuthi,owexwayisa,random_unrelated,,0.486703,0.385692,Both
ebudlelwaneni.,uphahla.,random_unrelated,,0.347845,0.288492,Both
"yona.""",bavote,random_unrelated,,0.197513,0.183259,Both
lokuqothwa,yokukhanya,random_unrelated,,0.182795,0.172956,Both
"esifanele,",lakhe,cooccurrence,freq=56,0.134251,0.258976,Both
abadlali,sengibona,random_unrelated,,0.193559,0.180492,Both
nohlobo,kungcono,random_unrelated,,0.365746,0.301022,Both
unomvelo,u-gearbox,morphological,class11,0.005721,0.199005,Both
ucingo,ukuxhumana,semantic_within,technology,0.313029,0.44412,Both
ucula,ulungiselela,morphological,class11,0.222354,0.350648,Both
kabuhlungu,ubudokotela,random_unrelated,,0.308118,0.260683,Both
"ifinland,",ibhrike,morphological,class5_singular,0.350611,0.440428,Both
kahle,wathola,cooccurrence,freq=2,0.093375,0.230363,Both
undlovu,uvula,morphological,class11,0.23194,0.357358,Both
ngesivinini,ukuthi,cooccurrence,freq=4,0.064462,0.210124,Both
elwa,inhlangano,cooccurrence,freq=2,0.295268,0.371688,Both
ubuntu.,izingozi,random_unrelated,,0.165198,0.160639,Both
uyacabanga,ungakuthola,morphological,class11,0.140123,0.293086,Both
ukuwa,kusanelesi,random_unrelated,,0.537157,0.42101,Both
usiyanda,unota,morphological,class11,0.292274,0.399592,Both
ibibukeka,idream,morphological,class5_singular,0.471225,0.524858,Both
"sakwazulu-natal,",zikamama,random_unrelated,,0.269051,0.233336,Both
unokufa,uyabheka,cooccurrence,freq=44,0.309865,0.381905,Both
siqhubeka,nasobhuqwini,random_unrelated,,0.466284,0.371399,Both
abahlali,kulokhu.,random_unrelated,,0.130156,0.136109,Both
semvula.,ukuphatha,random_unrelated,,0.14338,0.145366,Both
ikhaya,isiteshi,semantic_within,places,0.117495,0.307247,Both
ngifuna,"maciko,",random_unrelated,,0.338907,0.282235,Both
usanele,ucassper,morphological,class11,0.511198,0.552839,Both
488),unkosi,random_unrelated,,0.153065,0.152146,Both
"ulwazi,",uthabisile,morphological,class11,0.204588,0.338212,Both
819),yezolimo,random_unrelated,,0.259994,0.226996,Both
ukuhlanganyela,ukungcola.,morphological,class15_infinitive,0.220329,0.34923,Both
uyabuya,ubelimele,morphological,class11,0.20711,0.339977,Both
"uuzovakasha,",sihlolisise,random_unrelated,,0.483801,0.383661,Both
isikweletu,idola,semantic_within,money,0.214619,0.375233,Both
ameme,izinkomo.,random_unrelated,,0.133525,0.138468,Both
ukwenza,ukugula.,morphological,class15_infinitive,0.143527,0.295469,Both
umfundi,isivivinyo,semantic_within,education,0.264403,0.410082,Both
ngokubukela,sezizathu,random_unrelated,,0.238524,0.211967,Both
uqikelele,"usebenzile,""",morphological,class11,0.35317,0.442219,Both
"sasedanganya,",ukucebisa,random_unrelated,,0.206328,0.18943,Both
emndenini,ngesikhathi,cooccurrence,freq=278,0.153232,0.272262,Both
nomarco,ye-jazz,cooccurrence,freq=2,0.79455,0.721185,Both
nezitshalo,uthebe.,random_unrelated,,0.153904,0.152733,Both
ukukhokhelwa.,ukuthuma,morphological,class15_infinitive,0.243324,0.365327,Both
okuzokwenzakwande,385),random_unrelated,,0.272405,0.235684,Both
itshe,iyazi,morphological,class5_singular,0.322142,0.420499,Both
135),zabaculi,random_unrelated,,0.191205,0.178844,Both
ejabulisayo.,embamba,random_unrelated,,0.223996,0.201797,Both
kanjani,ngomuntu,cooccurrence,freq=4,0.325544,0.392881,Both
uzobe,udoti,morphological,class11,0.360863,0.447604,Both
sezingeni,zingabonakala,random_unrelated,,0.344842,0.28639,Both
indlela,unomvula,cooccurrence,freq=36,0.198615,0.30403,Both
uhlolele,urefilwe,morphological,class11,0.405093,0.478565,Both
abafundi,ogelezayo,cooccurrence,freq=4,0.055346,0.203742,Both
uheha,usinde,morphological,class11,0.23236,0.357652,Both
abahlengikazi,abakholelwa,morphological,class2_plural,0.530289,0.566202,Both
intombazane,noubumnandi,cooccurrence,freq=2,0.297278,0.373095,Both
uyahlela,ubuka,morphological,class11,0.038675,0.222073,Both
nalelo,uqinisekise,cooccurrence,freq=2,0.34724,0.408068,Both
"emnandi,",siqhubeke,random_unrelated,,0.191322,0.178925,Both
"ezithile,",ngendlela,cooccurrence,freq=306,0.252148,0.341503,Both
478),kugcizelelwe,random_unrelated,,0.183332,0.173333,Both
lisuke,eyaveza,random_unrelated,,0.427991,0.344594,Both
ucingo,umabonakude,semantic_within,technology,0.275732,0.418012,Both
ikakhulu,igcine,morphological,class5_singular,0.400694,0.475486,Both
ukuhlaziya,ukwehluleka.,morphological,class15_infinitive,0.319997,0.418998,Both
ihehe,ibeverly,morphological,class5_singular,0.610482,0.622337,Both
asikayitholi,yabantu,random_unrelated,,0.151079,0.150755,Both
586),arts,random_unrelated,,0.522788,0.410952,Both
ukulawulwa,ukwanda,morphological,class15_infinitive,0.439602,0.502722,Both
abakhokhela,abamelana,random_unrelated,,0.50125,0.395875,Both
siyethemba,ungaqhubekela,random_unrelated,,0.348529,0.28897,Both
"uyamhlonipha,",uyageza,morphological,class11,0.108858,0.2712,Both
i-affinity,ilele,morphological,class5_singular,0.260932,0.377652,Both
isikole,isivivinyo,semantic_within,education,0.232856,0.387999,Both
"ukuthandaza,",ukujima,morphological,class15_infinitive,0.359656,0.446759,Both
ur20,ungqondongqondo,morphological,class11,0.388245,0.466771,Both
ubingelelwa,usungathi,morphological,class11,0.496339,0.542438,Both
ubudokotela.”,uthokozise,morphological,class11,0.317643,0.41735,Both
lumsebenzi,ezokhula,random_unrelated,,0.329286,0.2755,Both
isu,"itheku,",morphological,class5_singular,0.288652,0.397057,Both
abaningi.,ngacela,random_unrelated,,0.167477,0.162234,Both
yesimanjemanje.,nangamaholidi.,random_unrelated,,0.302341,0.256638,Both
ekhaya,lethu,cooccurrence,freq=18,0.124843,0.25239,Both
i-imicabango,igijime,morphological,class5_singular,0.456631,0.514642,Both
iso,aphakeme.,random_unrelated,,0.401603,0.326122,Both
ihlathi,amanzi,semantic_within,nature,0.179925,0.350947,Both
"u-2023,",uphendule,morphological,class11,0.574676,0.597273,Both
isibalo,"""yilapho",random_unrelated,,0.242067,0.214447,Both
kubhaliswe,ezoqala,random_unrelated,,0.37649,0.308543,Both
awusenzi,necala,random_unrelated,,0.255096,0.223567,Both
abaya,emkhombisa,random_unrelated,,0.195344,0.181741,Both
ugeza,zakho,cooccurrence,freq=2,0.468332,0.492833,Both
umfowethu,uyaphila,cooccurrence,freq=12,0.35206,0.411442,Both
ukubatholela,722),random_unrelated,,0.280753,0.241527,Both
ukudla,ikhukhamba,semantic_within,food,0.094081,0.290856,Both
esihle.,kusesimweni,cooccurrence,freq=2,0.471879,0.495315,Both
bazethembe,809),random_unrelated,,0.228032,0.204622,Both
uzothini,usufonela,morphological,class11,0.540897,0.573628,Both
"kokucindezeleka.""",ababathembisa,random_unrelated,,0.153161,0.152213,Both
mfowethu,iphepha,semantic_across,family_vs_education,0.060722,0.132505,Both
imifula,imithi,semantic_within,nature,0.415773,0.516041,Both
kuningi,kuthathelwe,random_unrelated,,0.287369,0.246158,Both
sindile,ulethokuhle,cooccurrence,freq=2,0.381566,0.432096,Both
nemvume,sithatha,random_unrelated,,0.323539,0.271477,Both
uyamhlonipha.,"u-matric,",morphological,class11,0.113145,0.274202,Both
izinhlamvu,"yekhofi,",cooccurrence,freq=2,0.492728,0.509909,Both
aqhubeke,belubhekana,random_unrelated,,0.397792,0.323455,Both
umfundi,imfundo,semantic_within,education,0.146893,0.327825,Both
abalibambayo,abangakwazi,morphological,class2_plural,0.41214,0.483498,Both
usungayisebenzisa,ushukela,morphological,class11,0.588471,0.60693,Both
umndeni,umengameli,morphological,class1_singular,-0.007877,0.189486,Both
amazambane,imifino,semantic_within,food,0.518828,0.58818,Both
ucansi,ungadlali,morphological,class11,0.356141,0.444299,Both
uhlele,usecape,morphological,class11,0.226873,0.353811,Both
abadingayo,imisebenzi,cooccurrence,freq=112,0.223228,0.321259,Both
kudingeka,njengoba,cooccurrence,freq=2,0.230817,0.326572,Both
bebanyana,njengomfwethu,random_unrelated,,0.446807,0.357765,Both
nemithi,(isisho,random_unrelated,,0.056755,0.084729,Both
kodwa,esivula,random_unrelated,,0.013907,0.054735,Both
abakhulu,"emithathu,”",random_unrelated,,0.025514,0.06286,Both
umfana,mfowethu,semantic_within,family,0.644446,0.676112,Both
inkohlakalo,isizwe,semantic_within,government,0.133341,0.318339,Both
"ibhakede,",ilalelwa,morphological,class5_singular,0.451132,0.510793,Both
"yebhola,",bekugxilwe,random_unrelated,,0.546463,0.427524,Both
ngibasabalalisele,"yabo,",cooccurrence,freq=2,0.391213,0.438849,Both
kahle.,umntwana,cooccurrence,freq=2,0.090985,0.22869,Both
bangafaka,simtshele,random_unrelated,,0.448715,0.3591,Both
umasipala,umbuso,semantic_within,government,0.224825,0.382377,Both
ukungazisoli,ukufuya,morphological,class15_infinitive,0.434378,0.499065,Both
wezinkunzi,kadizili,random_unrelated,,0.480568,0.381398,Both
860),uyalanda,random_unrelated,,0.280701,0.241491,Both
ihlanganisa,idayiseke,morphological,class5_singular,0.28005,0.391035,Both
imibiko,isetshenziswa,cooccurrence,freq=2,0.559954,0.556968,Both
mancane,uwucishe,random_unrelated,,0.351566,0.291096,Both
ikati,amaphoyisa,semantic_across,animals_vs_police_law,0.243374,0.260362,Both
afanele,ayidonse,random_unrelated,,0.322178,0.270525,Both
ulindiwe,u-r500,morphological,class11,0.136329,0.29043,Both
ukufinyelela,"ukuhloniphana,",morphological,class15_infinitive,0.232077,0.357454,Both
ababaningi,alungile,random_unrelated,,0.161844,0.158291,Both
izifundo,izinselelo,morphological,class8_plural,0.049381,0.229566,Both
ucingo,usushaya,morphological,class11,0.367132,0.451992,Both
inyama,imifino,semantic_within,food,0.067642,0.272349,Both
ukuze,ukubhebhetheka,morphological,class15_infinitive,0.119392,0.278575,Both
sifanele,uyambonga,cooccurrence,freq=40,0.253478,0.342434,Both
uhla,ngasizathusini.,random_unrelated,,0.267073,0.231951,Both
ubudlelwane,nezinsiza,random_unrelated,,0.431418,0.346993,Both
unozibusele,uphethwe,morphological,class11,0.191418,0.328993,Both
ngagxila,amakhambi,random_unrelated,,0.1232,0.13124,Both
okukhulu.,uyabiza,cooccurrence,freq=56,0.256236,0.344365,Both
lonke,ngokunyusa,random_unrelated,,0.205758,0.189031,Both
yazuza,officer.,random_unrelated,,0.382777,0.312944,Both
ingcindezi,nangemfundo.,random_unrelated,,0.27386,0.236702,Both
ulethokuhle,ugesi,morphological,class11,0.29921,0.404447,Both
sizijabulisa,"ngehhashi,",random_unrelated,,0.452201,0.361541,Both
izingoma,izimemezelo,morphological,class8_plural,0.294596,0.401217,Both
ubelimele,usinokholo.,morphological,class11,0.453028,0.51212,Both
"228,",ama-drive,random_unrelated,,0.676896,0.518827,Both
bagweme,yonke,random_unrelated,,0.23288,0.208016,Both
ina,uyahleka,cooccurrence,freq=22,0.267017,0.351912,Both
ehhovisi,ulwazi,cooccurrence,freq=114,0.233786,0.32865,Both
nangokuthi,osomabhizinisi,random_unrelated,,0.325593,0.272915,Both
empumelelo,yomuntu.,cooccurrence,freq=2,0.278295,0.359806,Both
ukuzokwenza,ukuphuma,morphological,class15_infinitive,0.243523,0.365466,Both
izimpilo,oluqinile.,cooccurrence,freq=8,0.419752,0.458827,Both
khuluma,ngakho-ke,cooccurrence,freq=2,0.04544,0.196808,Both
usmomoza,uthambisa,morphological,class11,0.303841,0.407688,Both
uhulumeni,indlovukazi,semantic_within,government,0.179625,0.350738,Both
ushintshe,u-anton,morphological,class11,0.278955,0.390268,Both
komhlaba,yezingane,cooccurrence,freq=2,0.341983,0.404388,Both
ishayisane,isinyathelo,morphological,class7_singular,0.107744,0.270421,Both
esikhathini,ukuthula,cooccurrence,freq=52,0.163203,0.279242,Both
dix,kwezidakamizwa,random_unrelated,,0.425747,0.343023,Both
izilwane,izimvu,semantic_within,animals,0.366667,0.481667,Both
isaziso,isenamandla,morphological,class7_singular,0.483439,0.533408,Both
"lishone,",ngemuva,cooccurrence,freq=2,0.271462,0.355024,Both
izwe,okungaguquki.,random_unrelated,,-0.015874,0.033888,Both
okuphubhuka,usetshenziswa,random_unrelated,,0.28487,0.244409,Both
ngayiphi,"biking,",random_unrelated,,0.431707,0.347195,Both
udaba,ubekakwe,morphological,class11,0.365128,0.450589,Both
inhloko,njalo,cooccurrence,freq=14,0.132873,0.258011,Both
ezingu-66,liphethwe,random_unrelated,,0.304892,0.258424,Both
isivivinyo,ulwazi,semantic_within,education,0.202443,0.36671,Both
zesizulu,azilungiselele,random_unrelated,,0.470261,0.374182,Both
adluliselwe,aphakamise,random_unrelated,,0.419728,0.33881,Both
izivakashi.,yizinsizwa,random_unrelated,,0.203238,0.187266,Both
ipakiwe,icertificate,morphological,class5_singular,0.472501,0.52575,Both
uhlela,uvuyani,morphological,class11,0.167761,0.312433,Both
icala,isizwe,semantic_within,government,0.163318,0.339323,Both
umkhandi,nezidingwa,random_unrelated,,0.274252,0.236976,Both
ebukeka,ngayo,cooccurrence,freq=2,0.373627,0.426539,Both
belwehluke,okwenze,cooccurrence,freq=2,0.375085,0.427559,Both
bayahleka,ezisiza,cooccurrence,freq=4,0.20107,0.305749,Both
itekisi,ukuhamba,semantic_within,transport,0.175659,0.347961,Both
ubuhlebuyeza,ugxile,morphological,class11,0.150176,0.300123,Both
kubeka,ziyaphaphazela,random_unrelated,,0.226404,0.203483,Both
ngokubambisana,omkhulu,cooccurrence,freq=44,0.204027,0.307819,Both
iyona,iye,morphological,class5_singular,0.395598,0.471918,Both
ukhuni,umfula,semantic_within,nature,0.23157,0.387099,Both
"iyakhula,",zulu,random_unrelated,,0.084558,0.104191,Both
ithi,ifundwa,morphological,class5_singular,0.345804,0.437063,Both
"izimali,",uvele,random_unrelated,,0.241945,0.214362,Both
ihlezi,ifinyelela,morphological,class5_singular,0.373314,0.45632,Both
kuyiqiniso,maduze,cooccurrence,freq=24,0.419339,0.458538,Both
engiqaphele,ngalo.,random_unrelated,,0.396993,0.322895,Both
kugxilwe,lakhishwa,random_unrelated,,0.430598,0.346418,Both
ngenxa,umhlabathi,cooccurrence,freq=2,0.040773,0.193541,Both
isitimela,ihlathi,semantic_across,transport_vs_nature,0.148856,0.194199,Both
abaphumelelayo,abakulungele,morphological,class2_plural,0.486615,0.53563,Both
ulimi,zethu,cooccurrence,freq=2,0.502282,0.516597,Both
bafunda,imidlalo,cooccurrence,freq=2,0.296321,0.372425,Both
notshatha,764),random_unrelated,,0.335646,0.279952,Both
nokuthuthukisa,yakhe,cooccurrence,freq=6,0.073373,0.216361,Both
umakhalekhukhwini,uphatheke,random_unrelated,,0.19166,0.179162,Both
emzini.,kokucabanga,cooccurrence,freq=4,0.178066,0.289646,Both
ihlosi,izinja,semantic_within,animals,0.483981,0.563787,Both
ivela,ibhalisele,morphological,class5_singular,0.261988,0.378391,Both
uphephula,uzobhekana,morphological,class11,0.254394,0.373076,Both
ukuziphilisa,ukudliwa,morphological,class15_infinitive,0.261627,0.378139,Both
unqambothi,zomshado,random_unrelated,,0.122063,0.130444,Both
ngisanda,"sifushane,",random_unrelated,,0.263696,0.229587,Both
zamakhosi.,yizinga,random_unrelated,,0.435033,0.349523,Both
amagoli.,okuwumsebenzi,random_unrelated,,0.385506,0.314854,Both
ime,ngubane.,cooccurrence,freq=2,0.456724,0.484707,Both
laseningizimu,uzinhle,cooccurrence,freq=12,0.199437,0.304606,Both
ibhotela,ubisi,semantic_within,food,0.487258,0.566081,Both
"isikhathi,",ukupheka,cooccurrence,freq=2,0.180349,0.291244,Both
yisamro.,kwegazi,random_unrelated,,0.478723,0.380106,Both
"ezilingene,",udokotela,cooccurrence,freq=2,0.298119,0.373683,Both
bahlala,"okukhulu,",cooccurrence,freq=80,0.065138,0.210597,Both
sizwe,enzani,random_unrelated,,0.156493,0.154545,Both
zakho,abunhloli,random_unrelated,,0.200336,0.185236,Both
ukudla,ibhotela,semantic_within,food,0.183335,0.353335,Both
incwadi,inkohlakalo,semantic_across,education_vs_government,0.207765,0.235435,Both
iqanda,ihudula,morphological,class5_singular,0.491783,0.539248,Both
ezidlula,ozifisela,random_unrelated,,0.223438,0.201407,Both
ungaphumuli.,"uprising,",morphological,class11,0.372569,0.455798,Both
walala,uyazibuza,random_unrelated,,0.153204,0.152242,Both
belt,elalelayo,random_unrelated,,0.388368,0.316857,Both
ukuvakasha,ukusetshenzisa,morphological,class15_infinitive,0.205863,0.339104,Both
uhoxisa,ebigijima,random_unrelated,,0.373415,0.30639,Both
"uybee,","uprising,",morphological,class11,0.676332,0.668432,Both
ukudla.,ukubuyela,morphological,class15_infinitive,0.316884,0.416819,Both
ngokubekezela,sokwenza,cooccurrence,freq=36,0.486826,0.505778,Both
"izinyoni,",izinkumbulo,morphological,class8_plural,0.516021,0.556215,Both
icountryman,i-bachelor's,morphological,class5_singular,0.713773,0.694641,Both
"ngihlale,",ephenya,random_unrelated,,0.295774,0.252042,Both
esikhulu,uyapheka,cooccurrence,freq=48,0.352819,0.411973,Both
ukukhathazeka,ukufika.,morphological,class15_infinitive,0.42827,0.494789,Both
uyazibuza,uhluleke,morphological,class11,0.015594,0.205916,Both
udonsa,usucabanga,morphological,class11,0.33813,0.431691,Both
okusona,ngokuhamba,random_unrelated,,0.187924,0.176547,Both
imoto,inkosi,cooccurrence,freq=112,0.251001,0.340701,Both
yizivakashi,ubeast,random_unrelated,,0.267684,0.232379,Both
eduze,kwayo,cooccurrence,freq=4,0.201855,0.306298,Both
kanzima,ocacile,cooccurrence,freq=2,0.17074,0.284518,Both
cooper,ngangihamba,random_unrelated,,0.410201,0.332141,Both
kubhekwe,yokulungiselela,cooccurrence,freq=2,0.33468,0.399276,Both
unokukhanya,kokubhekana,random_unrelated,,0.084342,0.10404,Both
ulwazi,ubuhlebuyeza,morphological,class11,0.292133,0.399493,Both
ukwehluleka,"ukuzithoba,",morphological,class15_infinitive,0.319416,0.418592,Both
emanzimtoti,uthemba,random_unrelated,,0.137689,0.141382,Both
umfundi,ulwazi,semantic_within,education,0.253344,0.40234,Both
kwashiywa,yabazali.,random_unrelated,,0.30468,0.258276,Both
ucotshelelwa,unomthelela,morphological,class11,0.38758,0.466306,Both
sofuba,uma,cooccurrence,freq=2,0.117724,0.247407,Both
"izolo,",izimvu,morphological,class8_plural,0.055158,0.23361,Both
"behlangene,",zakhe,cooccurrence,freq=22,0.273018,0.356113,Both
"esifanele,","wakhe,",cooccurrence,freq=34,0.324183,0.391928,Both
ucolonel,unalo,morphological,class11,0.460907,0.517635,Both
uyokwenza,uhlu,morphological,class11,0.228033,0.354623,Both
i-quad,ikhiqiza,morphological,class5_singular,0.439228,0.50246,Both
dili,394),random_unrelated,,0.264953,0.230467,Both
ebusuku,ngomhla,cooccurrence,freq=2,0.11385,0.244695,Both
ezindabeni,"enkulu,",random_unrelated,,0.155872,0.15411,Both
izindlela,kwibetway,random_unrelated,,0.100599,0.115419,Both
ze-bcom,endleleni,random_unrelated,,0.085547,0.104883,Both
lenkohlakalo,ukungenela,random_unrelated,,0.286354,0.245448,Both
inyuvesi,inophahla,morphological,class9_singular,0.280179,0.391125,Both
ukudla,imifino,semantic_within,food,0.176104,0.348273,Both
revelation.,abamthanda,random_unrelated,,0.066422,0.091495,Both
ukwelapha,isifo,semantic_within,health,0.544188,0.605931,Both
ezindlini,ezimnandi.,random_unrelated,,0.526739,0.413718,Both
noronny,yokuqala,cooccurrence,freq=2,0.328321,0.394825,Both
ukhezo,wakhathazeka,cooccurrence,freq=26,0.436975,0.470883,Both
iqoshwe,lomndeni,random_unrelated,,0.146166,0.147316,Both
umfundi,ukubhala,semantic_within,education,0.264142,0.4099,Both
umfazi,mfowethu,semantic_within,family,0.24937,0.399559,Both
inqamula,kucekela,random_unrelated,,0.305873,0.259111,Both
usbusiso,yokusiza,cooccurrence,freq=28,0.193208,0.300246,Both
iminyakazo.,yonke,cooccurrence,freq=2,0.357315,0.415121,Both
(isisho,448),cooccurrence,freq=2,0.653101,0.622171,Both
ukuthu,ukubukwa.,morphological,class15_infinitive,0.126659,0.283662,Both
545),uzibona,random_unrelated,,0.157413,0.155189,Both
umabonakude,umdlalo,semantic_across,technology_vs_sport,0.278063,0.284644,Both
umphakathi.,umsiza,morphological,class1_singular,0.205199,0.338639,Both
emapaki,kwazo,cooccurrence,freq=2,0.398604,0.444023,Both
inhlamvu,isiteshi,semantic_within,police_law,0.426146,0.523302,Both
elwandle,izingane,cooccurrence,freq=84,0.217147,0.317003,Both
icwecwe,amasiko,semantic_across,music_vs_culture,0.280412,0.286288,Both
amakhono,ezinzima.,cooccurrence,freq=10,0.444382,0.476068,Both
ushintshe,unezinombolo,morphological,class11,0.288786,0.39715,Both
uhulumeni,inkohlakalo,semantic_within,government,0.274759,0.417332,Both
iphepha,imfundo,semantic_within,education,0.129948,0.315963,Both
gr,toyota,cooccurrence,freq=2,0.732123,0.677486,Both
ukhiphe,ukuxinwa,morphological,class15_infinitive,0.447406,0.508184,Both
iphumule,abophe,random_unrelated,,0.324042,0.27183,Both
uthisha,impumelelo,semantic_within,education,0.215226,0.375658,Both
engwavuma,lwabavimbezela,random_unrelated,,0.390497,0.318348,Both
ihanjiswa,ihehe,morphological,class5_singular,0.436568,0.500597,Both
95),nokuhambisa,random_unrelated,,0.198928,0.18425,Both
"esikhulu,",ubumnandi,cooccurrence,freq=6,0.140145,0.263101,Both
ukuze,ukuzinza,morphological,class15_infinitive,0.093598,0.260518,Both
"aluhlaza,",esiphakathi,cooccurrence,freq=2,0.419528,0.45867,Both
ubongani,uyasebenza,cooccurrence,freq=112,0.572024,0.565417,Both
asolwandle,lwaleli,cooccurrence,freq=2,0.412479,0.453735,Both
muntu,komkhanyakude,random_unrelated,,0.221761,0.200232,Both
incwadi,idolobha,semantic_across,education_vs_places,0.048982,0.124288,Both
uzithola,wethu,cooccurrence,freq=84,0.263328,0.34933,Both
ngeqhaza,yemvelo,random_unrelated,,0.274471,0.237129,Both
zezingane,gumede.,random_unrelated,,0.243718,0.215603,Both
ubalulekile,uthisha,morphological,class11,0.122674,0.280872,Both
kokunye,kuye,cooccurrence,freq=2,0.344767,0.406337,Both
enhliziyweni,olukhulu,cooccurrence,freq=2916,0.543868,0.545708,Both
nodonga,isandla,random_unrelated,,0.374749,0.307325,Both
"ridge,",ejikeleza,random_unrelated,,0.43301,0.348107,Both
izinto,"kakhulu,",cooccurrence,freq=1306,0.221099,0.319769,Both
ukonga,ukwelapha,semantic_across,money_vs_health,0.38891,0.362237,Both
uphonsa,uhlolwe,morphological,class11,0.368084,0.452659,Both
ikhala,ababhalanga,random_unrelated,,0.218078,0.197655,Both
umotala,nangokuthi,random_unrelated,,0.232861,0.208003,Both
udokotela,"unalo,''",morphological,class11,0.185624,0.324937,Both
umhlengikazi,umoremi,morphological,class1_singular,0.140024,0.293017,Both
inja,iqhude,semantic_within,animals,0.336162,0.460314,Both
uyabonga,uyicaza,morphological,class11,0.094932,0.261452,Both
elingaphezulu,okukhulu,cooccurrence,freq=68,0.089946,0.227962,Both
uzobhekisa,ududuze,morphological,class11,0.265269,0.380688,Both
abadala.,abawu-20,morphological,class2_plural,0.390604,0.468423,Both
empumalanga,ngesonto,cooccurrence,freq=102,0.137472,0.261231,Both
uzothini,uyaqonda,morphological,class11,0.134249,0.288974,Both
ukuwa,uzixine,random_unrelated,,0.480228,0.381159,Both
enkulu,omuhle,cooccurrence,freq=28,0.155309,0.273716,Both
amathe,"amasondo,",morphological,class6_plural,0.123068,0.281147,Both
indumezulu,inamathayi,morphological,class9_singular,0.42009,0.489063,Both
ukuya,ukubaluleka,morphological,class15_infinitive,0.216816,0.346771,Both
ithawula.,iyama,morphological,class5_singular,0.45586,0.514102,Both
esikoleni,uyaphendula,cooccurrence,freq=20,0.273605,0.356523,Both
zezindiza,lesizwe,random_unrelated,,0.262459,0.228721,Both
marketing,of,cooccurrence,freq=2,0.633567,0.608497,Both
"izincwadi,",izambane,morphological,class8_plural,0.278011,0.389608,Both
usehoxa,uqhakambise,morphological,class11,0.305632,0.408943,Both
abantu,kusemqoka,cooccurrence,freq=4,-0.050407,0.129715,Both
usihlalo,urichard,morphological,class11,0.368669,0.453068,Both
ungakapheli.,unaledi.,morphological,class11,0.529337,0.565536,Both
lwe-e-filing,inkundla,random_unrelated,,0.353409,0.292386,Both
ulwandle,isiko,semantic_across,nature_vs_culture,0.111478,0.168035,Both
uyazwa,unaliphi,morphological,class11,0.248702,0.369091,Both
endlini,kuyo,cooccurrence,freq=4,0.199743,0.30482,Both
kokuvula,"ngaphandle,",random_unrelated,,0.152987,0.152091,Both
unomsa,ziqala,cooccurrence,freq=12,0.169593,0.283715,Both
inhloko,umuntu,cooccurrence,freq=156,0.276377,0.358464,Both
ikhibhodi,ucingo,semantic_within,technology,0.508754,0.581128,Both
emsebenzini,usipho,cooccurrence,freq=32,0.185725,0.295008,Both
umzila,"kokufunda,",random_unrelated,,0.193807,0.180665,Both
uyazithoba,unxuse,morphological,class11,0.100253,0.265177,Both
ukunikeza,amabhizinisi,random_unrelated,,0.315685,0.265979,Both
ukuqaphela,ukufuya,morphological,class15_infinitive,0.485186,0.534631,Both
uyaphendula,udj,morphological,class11,0.049943,0.22996,Both
bayabhala,"usengalungiseka,",random_unrelated,,0.250288,0.220201,Both
ngihlala,esibasiza,random_unrelated,,0.24925,0.219475,Both
usasebenza.,usungathi,morphological,class11,0.431882,0.497318,Both
uzosebenzisana,usizwe,morphological,class11,0.241446,0.364012,Both
creek,uma,cooccurrence,freq=2,0.045793,0.197055,Both
baba,wesaba,random_unrelated,,0.271465,0.235025,Both
inyuvesi,incwadi,semantic_within,education,0.281605,0.422124,Both
izilwane,izinja,semantic_within,animals,0.231876,0.387313,Both
izintaba,kude,cooccurrence,freq=2,0.337172,0.40102,Both
abantu,bayazinikela,cooccurrence,freq=48,0.170941,0.284659,Both
wafundisa,wesaba,cooccurrence,freq=6,0.781672,0.71217,Both
umenzi,"umkhondo,",morphological,class1_singular,0.316243,0.41637,Both
inyuvesi,umfundi,semantic_within,education,0.18535,0.354745,Both
imali,isetshenziswa,cooccurrence,freq=2,0.185418,0.294793,Both
akhuthazayo,emgwaqeni,cooccurrence,freq=124,0.242151,0.334505,Both
usihle,usebenzela,morphological,class11,0.113879,0.274716,Both
ubuthongo,ushandesh,morphological,class11,0.421486,0.490041,Both
ukhanyisile,"gcaba,",random_unrelated,,0.120252,0.129176,Both
umshayeli,ndaba,random_unrelated,,0.168838,0.163187,Both
ekwele-hip,kufanele,cooccurrence,freq=2,0.482642,0.502849,Both
789),zonke,cooccurrence,freq=2,0.375315,0.427721,Both
izitsha,usipho,cooccurrence,freq=50,0.242369,0.334658,Both
nabanye,othisha,cooccurrence,freq=40,0.180733,0.291513,Both
"amadala,",ubryan,random_unrelated,,0.349542,0.28968,Both
amahle,nsuku,cooccurrence,freq=28,0.132074,0.257452,Both
ukuyisa,ukuyenza,morphological,class15_infinitive,0.56916,0.593412,Both
abazali,abangu-10.,morphological,class2_plural,0.129603,0.285722,Both
kuyiwe,itshe,random_unrelated,,0.188163,0.176714,Both
ikhibhodi,umabonakude,semantic_within,technology,0.420431,0.519302,Both
uyalala,uwubudlelwane,morphological,class11,0.079647,0.250753,Both
ucolonel,unaledi.,morphological,class11,0.50029,0.545203,Both
ukukhetha,ukugxila,morphological,class15_infinitive,0.338683,0.432078,Both
ngenhloso,wafunda,cooccurrence,freq=24,0.08469,0.224283,Both
ikhompyutha,i-world,morphological,class5_singular,0.331348,0.426944,Both
udokotela,umhlengikazi,semantic_within,health,0.895621,0.851935,Both
okushisa,lesi,random_unrelated,,0.231322,0.206926,Both
"wothando,",kwezikhathi,random_unrelated,,0.133545,0.138482,Both
amalungelo,ukuthi,cooccurrence,freq=2,0.200037,0.305026,Both
baluhambe,healthier,random_unrelated,,0.357348,0.295143,Both
imiklomelo,sikhundla.,random_unrelated,,0.400651,0.325456,Both
ubrigadier,ubuza,morphological,class11,0.413327,0.484329,Both
onompempe,zabantwana.,random_unrelated,,0.116201,0.126341,Both
ukulawula,ukuhlolwa,morphological,class15_infinitive,0.375608,0.457925,Both
ibimayelana,ikhibhodi,morphological,class5_singular,0.390335,0.468235,Both
aphenywe.,namanje,random_unrelated,,0.252945,0.222061,Both
lizwa,lwebhizinisi,random_unrelated,,0.219321,0.198524,Both
uphakama,usafisa,morphological,class11,0.286012,0.395209,Both
isivivinyo,imfundo,semantic_within,education,0.0935,0.29045,Both
umpendulo,wagijima,cooccurrence,freq=24,0.509876,0.521913,Both
siqu.,"futhi,”",random_unrelated,,0.300645,0.255451,Both
ngezinselelo,ezikhiqiza,random_unrelated,,0.222944,0.201061,Both
ichiefs,ize,morphological,class5_singular,0.323405,0.421383,Both
iseluleko,isiqinise,morphological,class7_singular,0.457351,0.515146,Both
"avulekile,",ziqoqa,cooccurrence,freq=2,0.516965,0.526875,Both
erobhothini,izibani,cooccurrence,freq=2,0.37424,0.426968,Both
kanganani,"ngamaholidi,",random_unrelated,,0.329909,0.275936,Both
bayabonga,okukhulu,cooccurrence,freq=48,0.182292,0.292604,Both
ngo-a,engomeni,random_unrelated,,0.420485,0.33934,Both
ifuna,igwemeke,morphological,class5_singular,0.358546,0.445982,Both
ilele,itshe,morphological,class5_singular,0.42183,0.490281,Both
edolobheni.,ubumqoka,random_unrelated,,0.151187,0.150831,Both
unenkinga,ubukeleke,morphological,class11,0.367825,0.452478,Both
uflavio,"yawo-1970,",random_unrelated,,0.58064,0.451448,Both
imali,ingcebo,semantic_within,money,0.168133,0.342693,Both
izimpawu,izikhwama,morphological,class8_plural,0.450756,0.510529,Both
ngibe,mhango.,random_unrelated,,0.25114,0.220798,Both
amaphoyisa,inhlamvu,semantic_within,police_law,0.489349,0.567544,Both
ofunda,nosiyethemba,random_unrelated,,0.342119,0.284483,Both
kuka-matric,abaya,random_unrelated,,0.195512,0.181858,Both
uhlezi,ucace,morphological,class11,0.370058,0.45404,Both
368),yilutho,random_unrelated,,0.165895,0.161126,Both
"ngojulayi,",uhlelo,cooccurrence,freq=2,0.151334,0.270934,Both
umfula,imithi,semantic_within,nature,0.196598,0.362619,Both
amnandi,we-envision2030,random_unrelated,,0.150769,0.150538,Both
emini,indlu,cooccurrence,freq=28,0.176744,0.28872,Both
injabulo,inomsindo,morphological,class9_singular,0.156566,0.304596,Both
ukhale,bukachonco.,random_unrelated,,0.319325,0.268527,Both
enezigcawu,entabeni,cooccurrence,freq=260,0.161978,0.278385,Both
ngiqinisekisa,ngivule,cooccurrence,freq=2,0.63115,0.606805,Both
abantu,abakufisayo,morphological,class2_plural,0.129068,0.285347,Both
ulwandle,izintaba,semantic_within,nature,0.329051,0.455336,Both
elimnandi,umuntu,cooccurrence,freq=92,0.205454,0.308818,Both
uhla,u-anton,morphological,class11,0.315304,0.415712,Both
namhlanje,ukwenza,cooccurrence,freq=126,0.202108,0.306476,Both
isitsha,izinja,semantic_across,food_vs_animals,0.147422,0.193195,Both
idolobha,i-malnutrition.,morphological,class5_singular,0.091912,0.259339,Both
ngesikhathi,umlilo,cooccurrence,freq=296,0.30392,0.377744,Both
baya,emakhaya,cooccurrence,freq=6,0.394036,0.440825,Both
abaningi.,emfuleni,cooccurrence,freq=34,0.172728,0.28591,Both
uhulumeni,isizwe,semantic_within,government,0.069552,0.273686,Both
umfundi,uthisha,semantic_within,education,0.788129,0.77669,Both
"njengokufiswa,",nengihlale,random_unrelated,,0.243827,0.215679,Both
i-edendale,i-automobile,morphological,class5_singular,0.612268,0.623588,Both
uhlakaze,udadewabo,morphological,class11,0.353657,0.44256,Both
ohlangane,"yokudweba.""",random_unrelated,,0.15224,0.151568,Both
"ubuntu,",ujabule,morphological,class11,0.259649,0.376754,Both
izinto.,zikathwala,random_unrelated,,0.206064,0.189245,Both
"esifanele,",ocebile,cooccurrence,freq=44,0.277232,0.359063,Both
imfundo,icwecwe,semantic_across,education_vs_music,0.151903,0.196332,Both
indiza,uhambo,semantic_within,transport,0.25828,0.405796,Both
ubelimele,uwuvumele,morphological,class11,0.554437,0.583106,Both
ukuxoxa,"wendawo,",cooccurrence,freq=2,0.41325,0.454275,Both
phezu,uzofundelani.,random_unrelated,,0.249074,0.219352,Both
elungwini,ukubona,cooccurrence,freq=2,0.315554,0.385888,Both
siphilile,ukarabo,random_unrelated,,0.392767,0.319937,Both
uzitshele,useqashe,morphological,class11,0.434867,0.499407,Both
iyasukuma,"itholana,",morphological,class5_singular,0.368622,0.453035,Both
olibhalile,ubuholi,random_unrelated,,0.406405,0.329483,Both
ukubambisana,ukhwehlela,morphological,class15_infinitive,0.298064,0.403645,Both
ihhotela,isikhungo,semantic_within,places,0.328946,0.455263,Both
ukubonakala,ukuthutheleka,morphological,class15_infinitive,0.337378,0.431165,Both
isinkwa,indishi,semantic_within,food,0.36642,0.481494,Both
amagqabi,ezigcwele,cooccurrence,freq=2,0.602959,0.587071,Both
ekubambisaneni,esifanele,cooccurrence,freq=56,0.069319,0.213523,Both
isiteshi,isistimu,morphological,class7_singular,0.467401,0.522181,Both
ukhuni,imvelo,semantic_within,nature,0.154824,0.333377,Both
untuli,usabalale,morphological,class11,0.363349,0.449344,Both
isifo,impilo,semantic_within,health,0.013496,0.234447,Both
kubantu,okumele,cooccurrence,freq=2,0.178677,0.290074,Both
siyisizathu,"empangeni,",random_unrelated,,0.119289,0.128503,Both
insindiso,inkunzi.,random_unrelated,,0.342507,0.284755,Both
uthisha,imfundo,semantic_within,education,0.228647,0.385053,Both
hlabisa.,amasimu,random_unrelated,,0.422319,0.340623,Both
"uliqede,",ubuntwana,morphological,class11,0.309875,0.411913,Both
umandla,waphuza,cooccurrence,freq=22,0.381098,0.431768,Both
imeya,uhulumeni,semantic_within,government,0.302996,0.437097,Both
thimba,imizimba,random_unrelated,,0.510446,0.402312,Both
amanzi.,bahamba,cooccurrence,freq=2,0.345008,0.406505,Both
umsakazo,theknoloji,semantic_within,technology,0.42553,0.522871,Both
idolobha,itheku,semantic_within,places,0.296295,0.432407,Both
uzofihlwa,uphahla.,morphological,class11,0.389588,0.467712,Both
uyazimisela,ungakapheli.,morphological,class11,-0.013281,0.185703,Both
ezijulile.,465),random_unrelated,,0.207336,0.190135,Both
"ibalulekile,","elwandle,",random_unrelated,,0.147509,0.148256,Both
ibanika,"i-addington,",morphological,class5_singular,0.353848,0.442693,Both
uthuli,nomahlaba.,random_unrelated,,0.311234,0.262864,Both
mthembu,nokubhala.,random_unrelated,,0.234348,0.209044,Both
uyambonga,udlala,morphological,class11,0.128653,0.285057,Both
utshani,"ulamula,",morphological,class11,0.292448,0.399713,Both
nokwesta,belt,random_unrelated,,0.348211,0.288748,Both
ujabula,usezohoxa,morphological,class11,0.258496,0.375947,Both
behlangana,ukuhlanganyela,cooccurrence,freq=2,0.61553,0.595871,Both
amakhosi,ekuphileni,cooccurrence,freq=36,0.172517,0.285762,Both
ebhizinisi,ngokuhweba,random_unrelated,,0.250928,0.22065,Both
uyazi,uzohlangana,morphological,class11,0.073022,0.246116,Both
icala,umsakazo,semantic_across,police_law_vs_technology,0.277367,0.284157,Both
emaqandeni,"ilokishi,",random_unrelated,,0.349002,0.289302,Both
kakhulu,"kwezokuvakasha,",cooccurrence,freq=2,0.036193,0.190335,Both
ahlanzekile,ntambama,cooccurrence,freq=30,0.143198,0.265239,Both
emiphakathini,imindeni,cooccurrence,freq=2,0.448403,0.478882,Both
omkhulu,uyabuya,cooccurrence,freq=138,0.343239,0.405267,Both
935),emshadweni.,cooccurrence,freq=2,0.596092,0.582264,Both
ukufundisa,ishayisane,random_unrelated,,0.079735,0.100814,Both
izinyanga,wavela,random_unrelated,,0.170393,0.164275,Both
umculi,inhlamvu,semantic_across,music_vs_police_law,0.409681,0.376777,Both
elakhe,684),random_unrelated,,0.40538,0.328766,Both
ulimale,uphumelele,morphological,class11,0.264191,0.379933,Both
nemali,okumele,cooccurrence,freq=2,0.293982,0.370787,Both
820),esikhuluma,random_unrelated,,0.184414,0.17409,Both
uyageza,uhlangothi,morphological,class11,0.126608,0.283625,Both
"abandayo,",abamelana,morphological,class2_plural,0.199744,0.334821,Both
laba,nokuqasha,random_unrelated,,0.266587,0.231611,Both
lizizwe,nobungane,cooccurrence,freq=2,0.305655,0.378959,Both
neubuhlakani,"(17),",random_unrelated,,0.156023,0.154216,Both
wezemidlalo,ukuphefumula,random_unrelated,,0.250313,0.220219,Both
uye,uhole,morphological,class11,0.286531,0.395572,Both
uzakhele,"kwehlathi,",random_unrelated,,0.220488,0.199341,Both
121),zihlolwe.,random_unrelated,,0.38532,0.314724,Both
udokotela,unomlando,morphological,class11,0.241155,0.363808,Both
ilalela,i-aphoyintimenti,morphological,class5_singular,0.300699,0.405489,Both
uyahamba,uramaphosa,morphological,class11,0.026894,0.213826,Both
ucaciseleka,kwichiefs,random_unrelated,,0.416843,0.33679,Both
"ejozini,",sakhe,cooccurrence,freq=2,0.187707,0.296395,Both
ukubona,ukhiphe,morphological,class15_infinitive,0.226146,0.353302,Both
abafundi,zifakwe,cooccurrence,freq=2,0.074719,0.217304,Both
indawo,nezinye,cooccurrence,freq=2,0.27572,0.358004,Both
ibingamgculisi,ilandelana.,morphological,class5_singular,0.299104,0.404373,Both
ibhange,ukonga,semantic_within,money,0.269128,0.41339,Both
umfana,uyacula,cooccurrence,freq=60,0.348422,0.408896,Both
ukucabanga,ukuyithengisa,morphological,class15_infinitive,0.332768,0.427937,Both
lwezifundo,kuyasithatha,random_unrelated,,0.345222,0.286656,Both
izwe,uyabhala,cooccurrence,freq=22,0.193322,0.300325,Both
idolobha,indlu,semantic_within,places,0.045666,0.256966,Both
usimame,uyaminza,morphological,class11,0.407544,0.480281,Both
ukuze,umakhalekhukhwini,cooccurrence,freq=6,0.186552,0.295587,Both
uthumela,ungowomndeni,morphological,class11,0.259209,0.376446,Both
ngokushesha.,ukuthi,cooccurrence,freq=4,-0.020949,0.150335,Both
inja,ikhwaya,semantic_across,animals_vs_music,0.39179,0.364253,Both
umgwaqo,"izimbangi,",random_unrelated,,0.280272,0.24119,Both
indlovukazi,ubukhosi,semantic_across,government_vs_culture,0.3113,0.30791,Both
ingoma,umculo,semantic_within,music,0.166669,0.341668,Both
amanzi,izintaba,semantic_within,nature,0.355119,0.473583,Both
ahlale,nekasam,random_unrelated,,0.296118,0.252282,Both
ekubeni,umqeqeshi,cooccurrence,freq=2,0.521621,0.530134,Both
"njalo,",ohlakaniphile,cooccurrence,freq=22,0.085598,0.224919,Both
ukusola,ukushisela,morphological,class15_infinitive,0.72255,0.700785,Both
451),"i-mathemetics,",random_unrelated,,0.538116,0.421681,Both
ezibalulekile,ezihlobene,cooccurrence,freq=2,0.358013,0.415609,Both
amanye,amadala,morphological,class6_plural,0.389753,0.467827,Both
uheha,ubone,morphological,class11,0.25893,0.376251,Both
"zifika,",yakhishwa,random_unrelated,,0.329594,0.275716,Both
control.,ephathelene,random_unrelated,,0.312028,0.26342,Both
ilokishi,itheku,semantic_within,places,0.41698,0.516886,Both
ukuhlakanipha,ukulikhiya,morphological,class15_infinitive,0.205548,0.338883,Both
okungethi,xulu.,random_unrelated,,0.113533,0.124473,Both
kwamaqembu,ngobulungiswa,random_unrelated,,0.113166,0.124216,Both
ngalolu,748),random_unrelated,,0.177568,0.169297,Both
ngomculo,izinhliziyo,random_unrelated,,0.114706,0.125294,Both
emasimini,ngaphandle,cooccurrence,freq=106,0.329177,0.395424,Both
okusona,901),random_unrelated,,0.148862,0.149204,Both
kwabashayeli.,gallants.,random_unrelated,,0.324095,0.271867,Both
injabulo,uyazinikela,cooccurrence,freq=48,0.293149,0.370205,Both
ubuye,ungadlali,morphological,class11,0.423588,0.491512,Both
uzofihlwa,unkulunkulu,morphological,class11,0.229408,0.355585,Both
ekuqinisekisa,yashisa,random_unrelated,,0.365595,0.300917,Both
zidlule,sifanele,random_unrelated,,0.205676,0.188973,Both
wombuso.,zase-university,random_unrelated,,0.444968,0.356478,Both
234),nezinyoni,random_unrelated,,0.218298,0.197809,Both
uhlelo,uhlezi,morphological,class11,0.431834,0.497284,Both
ububha.,ubalekela,morphological,class11,0.342263,0.434584,Both
umbuso,inkohlakalo,semantic_within,government,0.246857,0.3978,Both
produce,aseke,random_unrelated,,0.436157,0.35031,Both
"ubudokotela,",uphumelele,morphological,class11,0.305089,0.408562,Both
amandla,amagoli.,morphological,class6_plural,0.328324,0.424827,Both
ngamandla,ngobulungiswa,cooccurrence,freq=56,0.23532,0.329724,Both
izidingo,yezomnotho,cooccurrence,freq=44,0.176359,0.288451,Both
isiko,ubuntu,semantic_within,culture,0.186327,0.355429,Both
ukhuluma,ukungabi,morphological,class15_infinitive,0.191405,0.328983,Both
ikati,inyoni,semantic_within,animals,0.464628,0.55024,Both
ijaji,ikhona.,morphological,class5_singular,0.343551,0.435486,Both
edolobheni,kuyacaca,cooccurrence,freq=16,0.214512,0.315159,Both
neikhaya,"ehillcrest,",random_unrelated,,0.080877,0.101614,Both
ungayi,ubulele,morphological,class11,0.532697,0.567888,Both
nemininingwane.,"ukuzijabulisa,",random_unrelated,,0.180593,0.171415,Both
ekuseni,sifanele,cooccurrence,freq=14,0.095937,0.232156,Both
uyahleka,uhalalisele,morphological,class11,-0.007333,0.189867,Both
"esenguwena,”",emqhudelwaneni,random_unrelated,,0.28667,0.245669,Both
emnandi,nalelo,random_unrelated,,0.102876,0.117014,Both
kwintandokazi,lokhu,cooccurrence,freq=2,0.097072,0.23295,Both
kakhulu,semikhosi,cooccurrence,freq=360,0.110541,0.242379,Both
ikhibhodi,ukuxhumana,semantic_within,technology,0.315829,0.446081,Both
"sabo,","ukubambisana,",cooccurrence,freq=2,0.480916,0.501641,Both
nokwezombusazwe,uyokwenza,random_unrelated,,0.290656,0.248459,Both
ekuziqeqesheni,wabuyela,cooccurrence,freq=1000,0.723837,0.671686,Both
ukuzilungiselela,ukuhweba,morphological,class15_infinitive,0.328711,0.425098,Both
izilwane,isiteshi,semantic_across,animals_vs_places,0.163608,0.204525,Both
zokuzindla,izimoto.,random_unrelated,,0.322037,0.270426,Both
ukuzobungaza,"ukuwabulala,",morphological,class15_infinitive,0.431923,0.497346,Both
ukwehluleka,"wethu,""",random_unrelated,,0.233285,0.208299,Both
"omanzi,",bayahamba,random_unrelated,,0.175917,0.168142,Both
imvelo,imithi,semantic_within,nature,0.29325,0.430275,Both
amantombazane,bayahlela,cooccurrence,freq=16,0.546837,0.547786,Both
amaphupho,ubaluleke,cooccurrence,freq=50,0.176796,0.288757,Both
ewu-15,uzofike,cooccurrence,freq=2,0.49722,0.513054,Both
owahlola,sezibhamu,cooccurrence,freq=2,0.449753,0.479827,Both
uyabonga,zikhona,cooccurrence,freq=28,0.036682,0.190677,Both
ziveze,seziqhubeka,random_unrelated,,0.437881,0.351517,Both
ithandwa,iculo,morphological,class5_singular,0.312777,0.413944,Both
yingoba,ehhotela,random_unrelated,,0.09203,0.109421,Both
anginankinga,nasobhuqwini,random_unrelated,,0.572226,0.445558,Both
nabantu,yomphakathi.,cooccurrence,freq=2,0.340486,0.40334,Both
ubemthandazela,udisemba,morphological,class11,0.405381,0.478767,Both
wezezimali,ijaji,random_unrelated,,0.287727,0.246409,Both
obuye,ezingasetshenziswa,random_unrelated,,0.20372,0.187604,Both
umabonakude,theknoloji,semantic_within,technology,0.421973,0.520381,Both
ihlanganisa,iphimbo,morphological,class5_singular,0.161403,0.307982,Both
ishiya,amaqanda,random_unrelated,,0.306976,0.259883,Both
udlubu,usmomoza,morphological,class11,0.532355,0.567649,Both
oshisayo,kumaveji,random_unrelated,,0.305442,0.258809,Both
inhlabathi,wokuhlanza,random_unrelated,,0.325572,0.2729,Both
ukufuya,ukukhala,morphological,class15_infinitive,0.512246,0.553573,Both
befunda,"ebusuku,",cooccurrence,freq=2,0.109191,0.241433,Both
se-albhamu,okwenzeka,random_unrelated,,0.253417,0.222392,Both
nayo,yezenzo,random_unrelated,,0.417457,0.33722,Both
iphesheya,ikubuyise,morphological,class5_singular,0.213538,0.344477,Both
umholi,uyathanda,cooccurrence,freq=28,0.30537,0.378759,Both
esifanele.,uyazi,cooccurrence,freq=18,0.201499,0.306049,Both
sinika,akukuhle,random_unrelated,,0.35291,0.292037,Both
"ekuseni,",izingubo,cooccurrence,freq=26,0.153683,0.272578,Both
ukuqinisekisile,ukufakaza,morphological,class15_infinitive,0.410641,0.482449,Both
ukudla,waphendula,cooccurrence,freq=26,0.193035,0.300125,Both
nangabezindawo,u-2019.,random_unrelated,,0.318543,0.26798,Both
kwemvume,noxolo,random_unrelated,,0.194192,0.180935,Both
uyaminza,ubudala.,morphological,class11,0.319432,0.418602,Both
ngenxa,efihlakele,random_unrelated,,0.100998,0.115699,Both
phezulu,ziqhekeza,cooccurrence,freq=2,0.470554,0.494388,Both
incwadi,ukubhala,semantic_within,education,0.449852,0.539897,Both
uyambonga.,siteshi,random_unrelated,,0.190575,0.178403,Both
ukhezo,ukuzicebisa,morphological,class15_infinitive,0.115057,0.27554,Both
ukonga,amasheya,semantic_within,money,0.326307,0.453415,Both
elimnyama,sucu,cooccurrence,freq=2,0.573327,0.566329,Both
sivumelwano,kwandiswa,random_unrelated,,0.37701,0.308907,Both
angama,inch,cooccurrence,freq=2,0.484296,0.504007,Both
umandla,uyacula,cooccurrence,freq=80,0.508953,0.521267,Both
ibhalwe,ibiyinhle,morphological,class5_singular,0.267151,0.382005,Both
"emakethe,",uyalala,cooccurrence,freq=14,0.302374,0.376662,Both
bathole,la,cooccurrence,freq=2,0.08895,0.227265,Both
uya,ucingo,morphological,class11,0.157962,0.305574,Both
kuzona,wukumila,cooccurrence,freq=2,0.37117,0.424819,Both
ngokubambisana,owedlule,cooccurrence,freq=60,0.291088,0.368761,Both
moremi,qhawekazi,random_unrelated,,0.527979,0.414585,Both
uyazimisela,ubudala.,morphological,class11,0.029409,0.215587,Both
isicelo,"isixuku,",morphological,class7_singular,0.308845,0.411191,Both
ekwakheni,ofanele,cooccurrence,freq=610,0.539737,0.542816,Both
abazobe,abayenzayo,morphological,class2_plural,0.522485,0.560739,Both
308),behleka,random_unrelated,,0.343273,0.285291,Both
lokugaya,ezinyonini,random_unrelated,,0.262336,0.228635,Both
ngiyeneliseka,samba,random_unrelated,,0.437872,0.351511,Both
"bebukele,",lwenza,random_unrelated,,0.197022,0.182916,Both
iphepha,umtapo,semantic_within,education,0.378321,0.489825,Both
ucarlo,"uphethiloli,",morphological,class11,0.42606,0.493242,Both
onguchwepheshe,bakithi.,random_unrelated,,0.363911,0.299738,Both
umuntu,umbhalo,semantic_across,family_vs_music,0.095614,0.15693,Both
ohlelweni,wabo.”,random_unrelated,,0.246266,0.217386,Both
sabe,organization,random_unrelated,,0.474482,0.377137,Both
bekholelwa,"zakho,",random_unrelated,,0.491765,0.389236,Both
ephezulu,sematheni,random_unrelated,,0.279707,0.240795,Both
ukukhuculula,ukusivakashela,morphological,class15_infinitive,0.276887,0.388821,Both
uwuqholo,usungathi,morphological,class11,0.29735,0.403145,Both
isicelo,sebheyili,cooccurrence,freq=4,0.682932,0.643053,Both
umtapo,ulwazi,semantic_within,education,0.263974,0.409782,Both
ibanga,i-eff,morphological,class5_singular,0.426479,0.493535,Both
icala,inkantolo,semantic_within,police_law,0.533749,0.598624,Both
iqoqe,ibhrike,morphological,class5_singular,0.298395,0.403877,Both
komphakathi.,yesigidi,random_unrelated,,0.260759,0.227531,Both
udinga,ucabanga,morphological,class11,0.308608,0.411026,Both
emvuleni.,izingane,cooccurrence,freq=2,0.091231,0.228862,Both
517),nemifula,random_unrelated,,0.269717,0.233802,Both
ezingabonakali,awugcini,random_unrelated,,0.308946,0.261262,Both
ujabule,udisemba,morphological,class11,0.351416,0.440991,Both
ebusuku,"stadium,",cooccurrence,freq=2,0.016211,0.176347,Both
ukuncintisana,"omdala,",random_unrelated,,0.323153,0.271207,Both
ikati,iqhude,semantic_within,animals,0.336847,0.460793,Both
ukubulawa,"ukuwunyakazisa,",morphological,class15_infinitive,0.321508,0.420056,Both
"uyamhlonipha,",uyazibuza,cooccurrence,freq=176,0.209624,0.311737,Both
bedolobha,oluseduze,cooccurrence,freq=2,0.569253,0.563477,Both
"nasezinyaweni,",obukhulu,cooccurrence,freq=2,0.152502,0.271751,Both
umbuso,isizwe,semantic_within,government,0.181435,0.352005,Both
umdlalo,imidlalo,semantic_within,sport,0.600464,0.645325,Both
bakhethe,okunempilo.,random_unrelated,,0.174966,0.167476,Both
abafundi,yabo,cooccurrence,freq=14,0.131425,0.256998,Both
yomkhathi,"wakwagumede,",random_unrelated,,0.116643,0.12665,Both
ngawo,ukuthi,cooccurrence,freq=2,0.06999,0.213993,Both
uchaza,usukume,morphological,class11,0.143085,0.29516,Both
"ezithile,",kwabantu,cooccurrence,freq=20,0.258411,0.345888,Both
elikhethekile,eminingi,cooccurrence,freq=88,0.224564,0.322195,Both
"kahle,",usipho,cooccurrence,freq=14,0.14628,0.267396,Both
wavotelwa,"ubuntu,",random_unrelated,,0.120618,0.129433,Both
uhlale,ungisize,morphological,class11,0.294277,0.400994,Both
imoto,ibhola,semantic_across,transport_vs_sport,0.392505,0.364753,Both
emalungeni,ngizwa,cooccurrence,freq=2,0.25999,0.346993,Both
ubisi,indishi,semantic_within,food,0.380194,0.491136,Both
(wafcon),cup,cooccurrence,freq=2,0.82811,0.744677,Both
okuphele,unosipho,cooccurrence,freq=2,0.202274,0.306592,Both
incwadi,imfundo,semantic_within,education,0.151037,0.330726,Both
ubulale,uyogubha,morphological,class11,0.395017,0.471512,Both
"iqembu,",ompofu,random_unrelated,,0.021078,0.059754,Both
classes,ebimnyama,random_unrelated,,0.289581,0.247706,Both
"ekuseni,",ikusasa,cooccurrence,freq=10,0.001347,0.165943,Both
ukucaba,"ukwakha,",morphological,class15_infinitive,0.267179,0.382025,Both
u-aden,ungowomndeni,morphological,class11,0.49652,0.542564,Both
408),nothile,random_unrelated,,0.268308,0.232815,Both
ubuntwana,342),random_unrelated,,0.289419,0.247593,Both
imeya,isizwe,semantic_within,government,0.089675,0.287773,Both
bengifonela,ezisezingeni,random_unrelated,,0.198519,0.183964,Both
ayixhomeki,ngamalungu,random_unrelated,,0.346166,0.287316,Both
665),"zife,",random_unrelated,,0.334665,0.279266,Both
"ukubonga,","kuyona,",random_unrelated,,0.190675,0.178472,Both
esibhalwe,ukuxinwa,random_unrelated,,0.4152,0.33564,Both
umuntu,amasiko,semantic_across,family_vs_culture,0.121323,0.174926,Both
"icala.""",iqoqa,morphological,class5_singular,0.39509,0.471563,Both
kuwona,wukuqinisekisa,cooccurrence,freq=2,0.43726,0.471082,Both
inkosi,isifo,semantic_across,government_vs_health,-0.02281,0.074033,Both
kabanzi,nokusunguleka,cooccurrence,freq=2,0.531463,0.537024,Both
nemkp,ngolwesithathu,cooccurrence,freq=2,0.431625,0.467138,Both
729),nokubambisana,cooccurrence,freq=2,0.576101,0.568271,Both
ihlathi,imvelo,semantic_within,nature,0.206197,0.369338,Both
isivivinyo,isesimweni,morphological,class7_singular,0.352604,0.441823,Both
usipho,urodgers,morphological,class11,-0.009634,0.188256,Both
"ehlakaniphile,",kuvulela,random_unrelated,,0.211685,0.193179,Both
abasolwa,icala,semantic_within,police_law,0.315016,0.445511,Both
uqolothakamango,unguye,morphological,class11,0.466264,0.521385,Both
u-aden,usuke,morphological,class11,0.314533,0.415173,Both
onompempe,wababhali,random_unrelated,,0.456818,0.364773,Both
abantu.,abahlose,morphological,class2_plural,0.101676,0.266173,Both
enhle,lisetshenziswa,cooccurrence,freq=2,0.096074,0.232252,Both
nginciphise,"ehlanzekile,",random_unrelated,,0.261082,0.227757,Both
amasiko,ngesikhathi,cooccurrence,freq=2,0.04867,0.199069,Both
ulwandle,umdlalo,semantic_across,nature_vs_sport,0.330405,0.321284,Both
samaholidi,ukudlulisa,random_unrelated,,0.342516,0.284761,Both
writing,bengamfaki,random_unrelated,,0.352438,0.291707,Both
"esesemoyeni,”",zesikhathi,random_unrelated,,0.161765,0.158236,Both
izikhathi,"zabo,",cooccurrence,freq=4,0.369741,0.423819,Both
abuye,yasezambia,cooccurrence,freq=2,0.430851,0.466596,Both
usiza,uhlobo,random_unrelated,,0.304873,0.258411,Both
lomndeni,lula,cooccurrence,freq=2,0.285582,0.364907,Both
sikhula,"yethu,",cooccurrence,freq=2,0.285271,0.36469,Both
860),ngazitshela,random_unrelated,,0.098482,0.113937,Both
imoto,isitimela,semantic_within,transport,0.173868,0.346707,Both
uzosebenzisana,ur10,morphological,class11,0.287309,0.396116,Both
4),nasi,cooccurrence,freq=2,0.227543,0.32428,Both
amaphoyisa,isiteshi,semantic_within,police_law,0.451414,0.540989,Both
umlimi,uyaphila,cooccurrence,freq=56,0.410731,0.452511,Both
ukubuka,ukulalelwa,morphological,class15_infinitive,0.18454,0.324178,Both
aphindisela,stability,random_unrelated,,0.503586,0.39751,Both
entsha,sakhe,cooccurrence,freq=20,0.15441,0.273087,Both
umuntu,uyazithoba,cooccurrence,freq=172,0.235937,0.330156,Both
uthubeleza,ungenzi,morphological,class11,0.35141,0.440987,Both
ugrade,ulwazi.,morphological,class11,0.319002,0.418301,Both
bakhubeke,ngaye,random_unrelated,,0.298615,0.254031,Both
"unakekeleke,",sizolwa,random_unrelated,,0.420551,0.339385,Both
yokuletha,nokonga,random_unrelated,,0.318888,0.268221,Both
iphuzu,ihlose,morphological,class5_singular,0.506701,0.54969,Both
impumelelo,imfundo,semantic_within,education,0.089791,0.287854,Both
usbahle.,uukuthi,morphological,class11,0.136954,0.290868,Both
ziqeqesha,"kwempumelelo,",random_unrelated,,0.233419,0.208393,Both
"ngobunyoninco,",nolwandle,cooccurrence,freq=20,0.222231,0.320562,Both
ukungifaka,"ukubonga,",morphological,class15_infinitive,0.480149,0.531104,Both
mwanawasa,ngo-3,cooccurrence,freq=2,0.586357,0.57545,Both
umoremi,"umgwaqo,",morphological,class1_singular,0.422245,0.490571,Both
ikhombisile,imi,morphological,class5_singular,0.295819,0.402074,Both
izimoto,izikhungo,morphological,class8_plural,0.31511,0.415577,Both
kwamaholidi,philani,random_unrelated,,0.287211,0.246047,Both
ulwazi,ikhibhodi,semantic_across,education_vs_technology,0.246583,0.262608,Both
ibhayisikili.,beqopha,random_unrelated,,0.457504,0.365253,Both
ithwala,iligi.,morphological,class5_singular,0.358417,0.445892,Both
yase-intec,emzini,random_unrelated,,0.065394,0.090776,Both
kuyikhulisile,"festival,",random_unrelated,,0.328171,0.27472,Both
abazozwa,abazisebenzisa,morphological,class2_plural,0.439094,0.502365,Both
inkontileka.,ingena,morphological,class9_singular,0.359412,0.446588,Both
uqinise,"uprising,",morphological,class11,0.369724,0.453807,Both
ezihlukahlukene.,i-zesco,random_unrelated,,0.183491,0.173444,Both
ukujabulisa,toyota,random_unrelated,,0.342774,0.284942,Both
izintaba,imithi,semantic_within,nature,0.360715,0.4775,Both
uyazithoba,ulinda.,morphological,class11,0.058138,0.235697,Both
umlilo,zingqungquthela,random_unrelated,,0.036294,0.070406,Both
ihlala,ivuma,morphological,class5_singular,0.256465,0.374525,Both
"izingoma,",izinyembezi,morphological,class8_plural,0.441037,0.503726,Both
ukhala,ukucebisa,morphological,class15_infinitive,0.187029,0.325921,Both
ubudlelwano,ubuye,morphological,class11,0.341641,0.434148,Both
ufeza,uzelule,morphological,class11,0.419258,0.488481,Both
nobungozi,ayahambisana,random_unrelated,,0.301434,0.256004,Both
wedili,weqembu,cooccurrence,freq=2,0.521304,0.529913,Both
ibhange,inkampani,semantic_within,money,0.102137,0.296496,Both
usithole,ulele.,morphological,class11,0.343741,0.435619,Both
isidingo,isilwane,morphological,class7_singular,0.312121,0.413485,Both
iqhude,ihlosi,semantic_within,animals,0.322167,0.450517,Both
usukule,u-r230,morphological,class11,0.534317,0.569022,Both
kungabonakali,sonke,random_unrelated,,0.313756,0.264629,Both
sifanele,"uvumayo,",cooccurrence,freq=16,0.178074,0.289652,Both
isibhamu.,"isandla,",morphological,class7_singular,0.391639,0.469147,Both
unomphela,uphumule,morphological,class11,0.151508,0.301056,Both
"esintu,",asebambe,random_unrelated,,0.118384,0.127869,Both
usushaya,uthandana,morphological,class11,-0.002317,0.193378,Both
"motsei,",kwamadwala.,random_unrelated,,0.272195,0.235537,Both
umkhandlu,"umsocongi,",morphological,class1_singular,0.228091,0.354664,Both
iphoyisa,igceke.,morphological,class5_singular,0.202375,0.336663,Both
inikezwa,innovating,morphological,class9_singular,0.327509,0.424256,Both
"ngokuzimela,",nokubambisana,cooccurrence,freq=2,0.268127,0.352689,Both
izinyanga,izindebe,morphological,class8_plural,0.515774,0.556042,Both
nothando,ubuntu.,random_unrelated,,0.244199,0.215939,Both
iquantum.,ihlanza,morphological,class5_singular,0.354216,0.442951,Both
unthabiseng,usikhulisile,morphological,class11,0.371212,0.454849,Both
u-2030,usemusha,morphological,class11,0.499772,0.54484,Both
imali,itheku,semantic_across,money_vs_places,0.22471,0.247297,Both
endlini,enezimpahla,cooccurrence,freq=1560,0.635759,0.610031,Both
9.,ubambisene,random_unrelated,,0.47161,0.375127,Both
42),"zokuxolelana,",random_unrelated,,0.338919,0.282243,Both
abafisa,ukuchuma,cooccurrence,freq=2,0.521456,0.530019,Both
"ukulima,",ukuthu,morphological,class15_infinitive,0.108556,0.270989,Both
uhloniphe,uzobhekana,morphological,class11,0.251432,0.371002,Both
ibhotela,inyama,semantic_within,food,0.276001,0.4182,Both
ezingazilimaza.,zasisiza,random_unrelated,,0.318722,0.268105,Both
ngiyabheka,wegiya,random_unrelated,,0.581971,0.452379,Both
iyakhiwa,ihlathi,morphological,class5_singular,0.012365,0.203655,Both
uthi,ungezwa,morphological,class11,0.318113,0.417679,Both
ukungcola.,ukuwela,random_unrelated,,0.618924,0.478247,Both
uchaza,uqhele,morphological,class11,0.190439,0.328307,Both
inamachibi,infotainment,morphological,class9_singular,0.612035,0.623424,Both
bahlala,zabantu,cooccurrence,freq=52,0.110561,0.242393,Both
miningi.,niba,cooccurrence,freq=2,0.351001,0.410701,Both
"izimoto,",njengezinyathi,random_unrelated,,0.291344,0.248941,Both
"uvalo,",usekhaya,morphological,class11,0.377774,0.459442,Both
usunamacebo,kwaze,random_unrelated,,0.351364,0.290955,Both
bethu.,okungathi,random_unrelated,,0.515145,0.405601,Both
wayezitshela,njengemu-x,random_unrelated,,0.348785,0.289149,Both
inkosi,indlovukazi,semantic_within,government,0.317912,0.447539,Both
uhambo,umhlengikazi,semantic_across,transport_vs_health,0.025113,0.107579,Both
ngezifundo,ngegoli,random_unrelated,,0.278023,0.239616,Both
ethi,ivele,random_unrelated,,0.115893,0.126125,Both
afrika,ukwelashwa,cooccurrence,freq=6,0.20452,0.308164,Both
ebholeni,"yesikole,",cooccurrence,freq=4,0.416419,0.456493,Both
kokulimala.,asiza,random_unrelated,,0.326748,0.273723,Both
asithole,yisitifiketi,cooccurrence,freq=2,0.530066,0.536047,Both
ihlathi,imifula,semantic_within,nature,0.417579,0.517305,Both
incokola,emakethe,random_unrelated,,0.054866,0.083406,Both
yemiphumela,“yilapho,random_unrelated,,0.177334,0.169134,Both
isitimela,uhambo,semantic_within,transport,0.322606,0.450825,Both
esikhathini,obukhethekile,cooccurrence,freq=18,0.170043,0.28403,Both
amaphoyisa,inkantolo,semantic_within,police_law,0.297761,0.433432,Both
ikusasa,yamazwe,cooccurrence,freq=196,0.189556,0.297689,Both
abaqeqeshi,abaqinisekisiwe,morphological,class2_plural,0.457038,0.514927,Both
ithola,"ilanga,",morphological,class5_singular,0.033686,0.21858,Both
inhliziyo,"ngezifundo,",cooccurrence,freq=2,0.33125,0.396875,Both
uzithele,usufonela,morphological,class11,0.23429,0.359003,Both
126),kushintshwa,random_unrelated,,0.093837,0.110686,Both
ulishebe,ucwaningo.,morphological,class11,0.458301,0.515811,Both
inkohlakalo,imithi,semantic_across,government_vs_nature,0.306861,0.304803,Both
onamandla,wahamba,cooccurrence,freq=16,0.298838,0.374187,Both
ukudela,ukusheshisa,morphological,class15_infinitive,0.443695,0.505587,Both
unosipho.,"ubuhlakani.""",morphological,class11,0.3321,0.42747,Both
idola,ubukhosi,semantic_across,money_vs_culture,0.163597,0.204518,Both
esiseduze,webig,random_unrelated,,0.288714,0.2471,Both
u-aden,uvivinyo,morphological,class11,0.336206,0.430344,Both
yasungulwa,party,random_unrelated,,0.479785,0.380849,Both
izintombi,ngothando,cooccurrence,freq=24,0.237131,0.330992,Both
ukubhala,"kwakufanelekile,",random_unrelated,,0.186665,0.175665,Both
ngakho-ke,uyazimisela,cooccurrence,freq=84,0.185199,0.294639,Both
isikweletu,isibuko,morphological,class7_singular,0.593479,0.610436,Both
ababuya,ubalulekile,cooccurrence,freq=16,0.225006,0.322504,Both
ukudla,indishi,semantic_within,food,0.173768,0.346637,Both
ngamenywa,ngesonto,cooccurrence,freq=2,0.07513,0.217591,Both
"abaphambili,",abahambisani,morphological,class2_plural,0.482719,0.532903,Both
usumkhiphile,uzofika,morphological,class11,0.538287,0.571801,Both
kwanda,emhlophe,random_unrelated,,0.299093,0.254365,Both
abawu-14,lwaze,random_unrelated,,0.275083,0.237558,Both
icicephu,ifortuner,morphological,class5_singular,0.67636,0.668452,Both
inkampani,amasheya,semantic_within,money,0.347827,0.468479,Both
amabhizinisi,phansi,cooccurrence,freq=2,0.254479,0.343135,Both
919),izinsuku.,random_unrelated,,0.402687,0.326881,Both
abonakala,ziyazibuka,random_unrelated,,0.228369,0.204859,Both
umfula,ulwandle,semantic_within,nature,0.374547,0.487183,Both
ebelidlala,odumile.,random_unrelated,,0.311159,0.262811,Both
"elinothando,",ibalulekile,cooccurrence,freq=40,0.174672,0.287271,Both
iphepha,ulwazi,semantic_within,education,0.220917,0.379642,Both
engumfana,kokushiya,random_unrelated,,0.333736,0.278615,Both
engena,wakhe.,cooccurrence,freq=2,0.181291,0.291904,Both
khaxa,wangena,cooccurrence,freq=2,0.534012,0.538808,Both
kokunqena,usibonelo,cooccurrence,freq=12,0.292669,0.369868,Both
ulishebe,u-r1,morphological,class11,0.523606,0.561524,Both
ekuphileni,sakuseni,cooccurrence,freq=16,0.137668,0.261368,Both
ngokubona,uyacula,cooccurrence,freq=22,0.219373,0.318561,Both
ukuxhumana,theknoloji,semantic_within,technology,0.218991,0.378294,Both
lapho,onenhliziyo,cooccurrence,freq=30,0.165137,0.280596,Both
ethekwini,uya,cooccurrence,freq=360,0.090502,0.228351,Both
i-culinary,ikwi-albhamu,morphological,class5_singular,0.63532,0.639724,Both
ngokulambisa,oyedwa,cooccurrence,freq=2,0.414077,0.454854,Both
bengimema,ye-anc.,random_unrelated,,0.384809,0.314366,Both
ababanawo,"abamnyama,",morphological,class2_plural,0.304892,0.408424,Both
"esifanele,",wacula,cooccurrence,freq=52,0.211971,0.313379,Both
umakhalekhukhwini,umkhize,morphological,class1_singular,0.187441,0.326209,Both
ezazikhona,uthanda,cooccurrence,freq=2,0.157465,0.275225,Both
ungeniswe,usjava.,morphological,class11,0.533026,0.568118,Both
kanti,lumqoka,cooccurrence,freq=2,0.21475,0.315325,Both
bezwakalisa,ezibhalwe,cooccurrence,freq=12,0.546511,0.547558,Both
ukusebenza,ukuqopha,morphological,class15_infinitive,0.264249,0.379974,Both
uchonco,ugila,morphological,class11,0.30014,0.405098,Both
inhloko,ngamazwi,cooccurrence,freq=42,0.299008,0.374306,Both
ubuyelwe,ulidayisele,morphological,class11,0.388364,0.466855,Both
eyahlukene,ezilula,random_unrelated,,0.247713,0.218399,Both
ilanga,ngamatshe,cooccurrence,freq=184,0.223793,0.321655,Both
i-world,kokufika,random_unrelated,,0.213571,0.1945,Both
iyaguquka,i-imicabango,morphological,class5_singular,0.43966,0.502762,Both
ze-meyo,olude.,random_unrelated,,0.274946,0.237462,Both
"sonto,",zecorolla,random_unrelated,,0.35066,0.290462,Both
ukuphasa,nyanga,random_unrelated,,0.324447,0.272113,Both
usinokholo,usemncane,morphological,class11,0.488325,0.536828,Both
nabangani,umfazi,cooccurrence,freq=4,0.347274,0.408092,Both
"amadolobha,",bezepolitiki,cooccurrence,freq=2,0.595254,0.581678,Both
bengaziqaphelanga,ahloniphe,random_unrelated,,0.314628,0.26524,Both
emfuleni,wethu,cooccurrence,freq=12,0.176102,0.288272,Both
ikhiqiza,i-automobile,morphological,class5_singular,0.482069,0.532448,Both
idolobha,isikhungo,semantic_within,places,0.105898,0.299128,Both
ukuphuza,umfundi,semantic_across,food_vs_education,0.085521,0.149865,Both
yami,"uliqede,",random_unrelated,,0.314389,0.265072,Both
isishayelwa,emphakathini.,random_unrelated,,0.193366,0.180356,Both
ikwezihamba,ilishayele,morphological,class5_singular,0.322211,0.420547,Both
esidingeka,zisesikole,cooccurrence,freq=68,0.167923,0.282546,Both
umbuso,umgwaqo.,morphological,class1_singular,0.198574,0.334002,Both
kwezolimo.,komlilo,random_unrelated,,0.399149,0.324404,Both
yidusi,ilele,random_unrelated,,0.346376,0.287464,Both
asebekhulile,siqinisekise,cooccurrence,freq=2,0.343517,0.405462,Both
top,communications,random_unrelated,,0.802694,0.606886,Both
uyazimisela,uyakabisa,morphological,class11,0.537591,0.571314,Both
eminye,unikwa,random_unrelated,,0.217989,0.197592,Both
abatholwe,"abanekhono,",morphological,class2_plural,0.35817,0.445719,Both
nakwezinye,amatekisi,random_unrelated,,0.21274,0.193918,Both
kakhulu,kuhle,cooccurrence,freq=2,0.086219,0.225353,Both
uvumayo,uthenga,morphological,class11,0.146397,0.297478,Both
ulydia,"ufunde,",morphological,class11,0.263966,0.379776,Both
usbahle,ngiyicindezela,random_unrelated,,0.377066,0.308946,Both
ikhukhamba,isitsha,semantic_within,food,0.384124,0.493887,Both
unenkinga,"u-amandlenkosi,",morphological,class11,0.287565,0.396296,Both
bafika,ikhombisile,random_unrelated,,0.300491,0.255344,Both
uthambisa,usanethuba,morphological,class11,0.188033,0.326623,Both
emakethe,izihlobo,cooccurrence,freq=10,0.170355,0.284249,Both
sezinhlupho.,uyahleka,cooccurrence,freq=24,0.332027,0.397419,Both
uqhawekazi,bangaya,random_unrelated,,0.291991,0.249394,Both
uletho,uthokozise,morphological,class11,0.255987,0.374191,Both
engu-2.8,ngokuthula,random_unrelated,,0.10215,0.116505,Both
"""lokhu",amaphuzu,random_unrelated,,0.174814,0.16737,Both
ababizwa,philosophy,random_unrelated,,0.363624,0.299537,Both
dwendwe,nokuqasha,random_unrelated,,0.33744,0.281208,Both
"africa,",wethink,cooccurrence,freq=2,0.628078,0.604655,Both
ukuze,ukulisula,morphological,class15_infinitive,0.06051,0.237357,Both
kafishane,lomthetho,random_unrelated,,0.158142,0.155699,Both
unasty,uqhubeka,morphological,class11,0.247124,0.367987,Both
bayabonakala,video,cooccurrence,freq=2,0.333311,0.398318,Both
engu-17,olungeke,random_unrelated,,0.257861,0.225503,Both
ijabule.,yabo,cooccurrence,freq=4,0.39282,0.439974,Both
"njalo,",unomfundo,cooccurrence,freq=20,0.129073,0.255351,Both
ongenakulinganiswa,unokwanda,cooccurrence,freq=10,0.19466,0.301262,Both
u-major,udadewabo,morphological,class11,0.475127,0.527589,Both
ugumede,ubusika,morphological,class11,0.354301,0.443011,Both
imali,maduze,cooccurrence,freq=38,0.277295,0.359107,Both
ukwelapha,ikhwaya,semantic_across,health_vs_music,0.144109,0.190877,Both
ufundisa,usongwe,morphological,class11,0.087345,0.256141,Both
"lobukhazikhazi,",nalokho,cooccurrence,freq=2,0.397385,0.44317,Both
useshonile.,ubobby,morphological,class11,0.455452,0.513817,Both
enkonzweni,wafunda,cooccurrence,freq=20,0.18986,0.297902,Both
ukubamba,"ukuqonda,",morphological,class15_infinitive,0.301131,0.405792,Both
umculo,umculi,semantic_within,music,0.534266,0.598986,Both
ezibizayo,kokushayisana,random_unrelated,,0.182494,0.172746,Both
ingcebo,ukuxhumana,semantic_across,money_vs_technology,0.221643,0.24515,Both
uyedlulela,usma,morphological,class11,0.332175,0.427522,Both
ngokucophelela,ubuhlebezwe,cooccurrence,freq=42,0.420811,0.459568,Both
bayahleka,"kimina,",random_unrelated,,0.151939,0.151357,Both
uvele,ubize,morphological,class11,0.489963,0.537974,Both
hlongwa,nokhayelihle,cooccurrence,freq=4,0.646565,0.617595,Both
ugelezela,uxhumano,morphological,class11,0.227486,0.354241,Both
etholakala,eyakhele,cooccurrence,freq=128,0.266576,0.351603,Both
nokwenza,uhlangothi,cooccurrence,freq=2,0.067012,0.211908,Both
ucingo,umsakazo,semantic_within,technology,0.259707,0.406795,Both
sapaka,ezenza,random_unrelated,,0.335504,0.279852,Both
ububha.,ngenhlalo,random_unrelated,,0.301362,0.255953,Both
unozibusele,uqhubeke,morphological,class11,0.056868,0.234807,Both
oqhamuka,ukuthi,cooccurrence,freq=76,0.132404,0.257683,Both
okusuke,uyayemukela,cooccurrence,freq=2,0.54669,0.547683,Both
3.,obuluhlaza,random_unrelated,,0.351278,0.290895,Both
yepremiership,sesacp,random_unrelated,,0.610025,0.472018,Both
ubonakele,"ubudokotela,",morphological,class11,0.438462,0.501924,Both
ube,unina.,morphological,class11,0.230817,0.356572,Both
ngesonto,uyaphila,cooccurrence,freq=54,0.270444,0.354311,Both
bebonke,"wakhe,",cooccurrence,freq=22,0.223241,0.321269,Both
"nekwazulu-natal,",bajabulela,random_unrelated,,0.189806,0.177865,Both
ukucebisa,ukuguqula,morphological,class15_infinitive,0.360991,0.447694,Both
ngize,ngokulingana,random_unrelated,,0.329993,0.275995,Both
"zokuphuthuma,",yahlala,random_unrelated,,-0.005477,0.041166,Both
"uramaphosa,",u-ouaddou.,morphological,class11,0.621801,0.630261,Both
isinkwa,itekisi,semantic_across,food_vs_transport,0.352092,0.336464,Both
amazolo,uhalalisele,random_unrelated,,0.26471,0.230297,Both
ekuphi,ukujabulisa,cooccurrence,freq=2,0.327366,0.394156,Both
uthumela,udlula,morphological,class11,0.225967,0.353177,Both
esibalulekile,esivula,cooccurrence,freq=2,0.600282,0.585197,Both
104),kuvotwa,random_unrelated,,0.32321,0.271247,Both
uyabuya,uyathenga,cooccurrence,freq=46,0.773463,0.706424,Both
ukuguquka,uyahlonipha,cooccurrence,freq=16,0.233254,0.328277,Both
uyabiza,zazinzima,cooccurrence,freq=36,0.312331,0.383632,Both
kwanikelwa,ngigweme,random_unrelated,,0.20844,0.190908,Both
ojwayelekile,uthandi,cooccurrence,freq=26,0.425921,0.463145,Both
le,728),random_unrelated,,0.145033,0.146523,Both
(saps),izinto,random_unrelated,,0.023318,0.061322,Both
"itholana,",lokudla,random_unrelated,,0.355814,0.29407,Both
itoyota,iculo,morphological,class5_singular,0.502595,0.546817,Both
abeza,ngemva,cooccurrence,freq=6,0.074175,0.216922,Both
"wemvelo,",sokwelashwa,random_unrelated,,0.13079,0.136553,Both
umrepha,umculi,semantic_within,music,0.368013,0.482609,Both
uyilingise,"uqobo,",morphological,class11,0.532726,0.567908,Both
inja,ikati,semantic_within,animals,0.722793,0.730955,Both
ukuxhumana,umabonakude,semantic_within,technology,0.219,0.3783,Both
yemiyalezo,ezibhedlela,random_unrelated,,0.202617,0.186832,Both
education,usjava.,random_unrelated,,0.501049,0.395734,Both
baqinisekise,izikhulu,cooccurrence,freq=4,0.323749,0.391624,Both
amaphupho,ukuphazanyiswa,cooccurrence,freq=2,0.315469,0.385829,Both
usondelani,uyafunda,cooccurrence,freq=48,0.373355,0.426349,Both
abaxineke,aseqalile,random_unrelated,,0.393496,0.320447,Both
isinkwa,ukuphuza,semantic_within,food,0.30774,0.440418,Both
esesabekayo,731),random_unrelated,,0.287026,0.245918,Both
ukuthela,lokusebenza,random_unrelated,,0.06572,0.091004,Both
nokusekelana,yansuku,cooccurrence,freq=4,0.370806,0.424564,Both
usanele,"ufunde,",morphological,class11,0.179137,0.320396,Both
enkundleni,ukuphila,cooccurrence,freq=12,0.083032,0.223122,Both
nezinhlangano,izotholakala,random_unrelated,,0.318906,0.268234,Both
elihle,eyakhiwa,cooccurrence,freq=84,0.259806,0.346864,Both
eningizimu,umfundisi,cooccurrence,freq=2,0.064825,0.210377,Both
ezindaweni,zikwazi,cooccurrence,freq=2,0.418788,0.458151,Both
nokuchitheka,"lona,",random_unrelated,,0.422529,0.34077,Both
ukufuya,ukuvakashela,morphological,class15_infinitive,0.272756,0.385929,Both
esikoleni,kuqala,cooccurrence,freq=28,0.105622,0.238935,Both
ikati,i-affinity,morphological,class5_singular,0.280239,0.391167,Both
bacabanga,"awenza,",random_unrelated,,0.246907,0.217835,Both
unomcebo,uyahamba,cooccurrence,freq=58,0.56732,0.562124,Both
afe,"zikhali,",random_unrelated,,0.09083,0.108581,Both
uyena,"ubufakazi,",random_unrelated,,0.17068,0.164476,Both
11,nezibhedlela,random_unrelated,,0.108805,0.121164,Both
32),namahora,random_unrelated,,0.310765,0.262536,Both
lethu,wakhala,cooccurrence,freq=14,0.267089,0.351963,Both
asendlunkulu,kuvikelwe,random_unrelated,,0.37689,0.308823,Both
"kulokho,""",ukuphepha,cooccurrence,freq=2,0.303618,0.377533,Both
ngokuthi,"ukuwunyakazisa,",cooccurrence,freq=2,0.344621,0.406235,Both
"enhlangothini,",sikalethokuhle,random_unrelated,,0.059643,0.08675,Both
ngo-9,amapulani,random_unrelated,,0.396512,0.322559,Both
abasafunda,ngikhula,random_unrelated,,0.267834,0.232484,Both
emndenini,izinsizwa,cooccurrence,freq=8,0.131693,0.257185,Both
unakekela,ushayela,morphological,class11,0.114463,0.275124,Both
ngabomnyango,sempilo,random_unrelated,,0.252108,0.221476,Both
namatende,izindlela,random_unrelated,,0.028791,0.065154,Both
idlalela,iqophamlando.,morphological,class5_singular,0.459289,0.516502,Both
(24),unksz,cooccurrence,freq=2,0.391159,0.438811,Both
ngohambo,emicimbini,random_unrelated,,0.213726,0.194608,Both
unokukhanya,unaliphi,morphological,class11,0.120572,0.2794,Both
ikati,izilwane,semantic_within,animals,0.269851,0.413895,Both
sokwenza,izokhishwa,random_unrelated,,0.121416,0.129991,Both
ibhola,umdlalo,semantic_within,sport,0.124938,0.312457,Both
kodwa,“abantu,cooccurrence,freq=6,0.218517,0.317962,Both
76),okuzigcwalisa.,random_unrelated,,0.250929,0.22065,Both
ibalulekile,iyibheke,morphological,class5_singular,0.14119,0.293833,Both
"mbhense,",nemiphakathi,random_unrelated,,0.332507,0.277755,Both
uyalele,usolwazi,morphological,class11,0.35704,0.444928,Both
amakati,amacwecwe,morphological,class6_plural,0.426959,0.493871,Both
udale,uyedlulela,morphological,class11,0.323131,0.421192,Both
izinsolo,izindlu.,morphological,class8_plural,0.355207,0.443645,Both
imeya,inkohlakalo,semantic_within,government,0.496165,0.572315,Both
iyakhiwa,ixhunywe,morphological,class5_singular,0.155208,0.303646,Both
ezidinga,lokho.,cooccurrence,freq=2,0.193626,0.300538,Both
lweqiniso,uyathengisa,cooccurrence,freq=12,0.267302,0.352111,Both
undlovu.,uwuhambisa,morphological,class11,0.167464,0.312225,Both
uya,uyisiko,morphological,class11,0.307349,0.410144,Both
linamazinyo,nefortuner,random_unrelated,,0.456548,0.364584,Both
wachitha.,lathola,random_unrelated,,0.392883,0.320018,Both
umvuzo.,based,random_unrelated,,0.49531,0.391717,Both
"ntambama,",unoxolo,cooccurrence,freq=26,0.349672,0.40977,Both
ingoma,ikhwaya,semantic_within,music,0.23976,0.392832,Both
ungaya,"ungowakho,",morphological,class11,0.451589,0.511112,Both
uyawuthola,uyaqonda,morphological,class11,0.368698,0.453089,Both
"egumbini,",unomcebo,cooccurrence,freq=12,0.220281,0.319197,Both
amasiko,isiko,semantic_within,culture,0.539224,0.602457,Both
isinkwa,ikhukhamba,semantic_within,food,0.296122,0.432286,Both
amathuba,ilanga,cooccurrence,freq=18,0.172984,0.286089,Both
igagasi.,"sechele,",random_unrelated,,0.504552,0.398186,Both
izintengo,izandla,morphological,class8_plural,0.329271,0.42549,Both
omuhle,uyajabula,cooccurrence,freq=22,0.136996,0.260897,Both
isipho,isikhangiso,morphological,class7_singular,0.28342,0.393394,Both
