word1,word2,strategy,detail,cosine_similarity,heuristic_score,in_vocab
u-exclusive,uvivinyo,morphological,class11,0.304922,0.442953,Both
ngokuzwa,948),random_unrelated,,0.271159,0.222695,Both
kuthiwa,lokusoconga,cooccurrence,freq=4,0.44436,0.486616,Both
kakhulu,kudlalwe,cooccurrence,freq=2,0.272708,0.383625,Both
"ubumningi,",ubukeleke,morphological,class11,0.516392,0.569835,Both
ihlathi,ukhuni,semantic_within,nature,0.364652,0.518791,Both
i-actuarial,iphimbo,morphological,class5_singular,0.503959,0.562375,Both
"ukudansa,",mutyaba,random_unrelated,,0.354994,0.272997,Both
nothando,ezinye,random_unrelated,,0.162395,0.157437,Both
ukukhula,ukuhoxa,morphological,class15_infinitive,0.340526,0.464316,Both
nabagqugquzeli,"abanekhono,",random_unrelated,,0.564192,0.398515,Both
lwale,zigaya,random_unrelated,,0.244256,0.206554,Both
idola,892),random_unrelated,,0.350689,0.270413,Both
abayishumi,abangaphakathi.,morphological,class2_plural,0.444775,0.526865,Both
zokuvakasha,mpangeni,random_unrelated,,0.250626,0.210376,Both
yakhipha,nokushintsha,random_unrelated,,0.34594,0.267564,Both
ezenza,"lwangempela,",cooccurrence,freq=2,0.544343,0.546606,Both
kwezilwandle,obenza,random_unrelated,,0.255601,0.213361,Both
uneziqu,unyazilwezulu,morphological,class11,0.40783,0.504698,Both
ngenkathi,ushaya,cooccurrence,freq=2,0.213125,0.347875,Both
ungitshele,ungakhathazekile,morphological,class11,0.365244,0.479147,Both
okungihlomise,libukeke,random_unrelated,,0.224387,0.194632,Both
uvakashele,unenkinga,morphological,class11,0.243713,0.406228,Both
isivivinyo,ulwazi,semantic_within,education,0.398297,0.538978,Both
"ewu-30,",uqikelela,random_unrelated,,0.334104,0.260462,Both
"ezikoleni,","ngomusa,",cooccurrence,freq=2,0.468383,0.50103,Both
ihhotela,iyashabalala,morphological,class5_singular,0.350089,0.470054,Both
ukulima,ukudliwa,morphological,class15_infinitive,0.520963,0.572578,Both
ikhuluma,igingqike,morphological,class5_singular,0.254749,0.412849,Both
liphethwe,zokuphumula,random_unrelated,,0.290245,0.234147,Both
indlu,ihhotela,semantic_within,places,0.220888,0.432533,Both
azokhetha,necountryman,cooccurrence,freq=2,0.560981,0.556589,Both
kuphakame,"abantu,",random_unrelated,,0.113301,0.127981,Both
ikhompiyutha,umsakazo,semantic_within,technology,0.24707,0.448242,Both
abazama,abangagcini,morphological,class2_plural,0.531839,0.579104,Both
abazokuthola,ezokuvakasha.,random_unrelated,,0.42769,0.316614,Both
uzinze,ubike,morphological,class11,0.352274,0.471365,Both
bendawo,izembe,random_unrelated,,0.284423,0.230654,Both
mkhwanazi,"sakwazulu-natal,",cooccurrence,freq=2,0.574637,0.564782,Both
wokuthanda,yoklebe,random_unrelated,,0.277982,0.226789,Both
elinyazwe,esest,random_unrelated,,0.485543,0.351326,Both
unomphela,ushayela,morphological,class11,0.40629,0.503774,Both
kwelomkhulu,mhla,cooccurrence,freq=2,0.485601,0.511361,Both
samazulu.,ezinqala.,random_unrelated,,0.260522,0.216313,Both
imali,idola,semantic_within,money,0.322424,0.493454,Both
zasendle,bawubone,random_unrelated,,0.325598,0.255359,Both
ukugcina,ukuvela,morphological,class15_infinitive,0.415489,0.509293,Both
namakhono,zezobuchwepheshe,cooccurrence,freq=2,0.636767,0.60206,Both
abasebenzisa,emalini,random_unrelated,,0.323749,0.25425,Both
asendaweni,mgudu,random_unrelated,,0.338362,0.263017,Both
iyasukuma,uyasaba,random_unrelated,,0.506314,0.363788,Both
isifundo,isisekelo,morphological,class7_singular,0.44037,0.524222,Both
unina,uqinise,morphological,class11,0.283099,0.429859,Both
ukuzwa,yokuvuselela,cooccurrence,freq=2,0.405288,0.463173,Both
ayizuza.,"ngabantu,",random_unrelated,,0.337602,0.262561,Both
ugqama,uhuru,morphological,class11,0.325381,0.455228,Both
472),indikimba,random_unrelated,,0.372994,0.283797,Both
emithambekeni,kwanukwana,random_unrelated,,0.312144,0.247286,Both
yayinesivinini,“abalandeli,random_unrelated,,0.308176,0.244905,Both
ngomashi,waze,cooccurrence,freq=2,0.493086,0.515851,Both
nalokho,ubuhle,cooccurrence,freq=2,0.316094,0.409657,Both
uzoqhubeka,intuthuko,random_unrelated,,0.462395,0.337437,Both
itekisi,ibhola,semantic_across,transport_vs_sport,0.298744,0.299246,Both
u-aden,ujabulise.,morphological,class11,0.422356,0.513414,Both
zomsebenzi,967),random_unrelated,,0.325364,0.255218,Both
30.,kuvulela,random_unrelated,,0.301412,0.240847,Both
ebezinganakwa,"nazo,",random_unrelated,,0.471844,0.343106,Both
okunempilo,okungalungile,cooccurrence,freq=2,0.603925,0.582355,Both
aliqambe,lumsebenzi,random_unrelated,,0.256352,0.213811,Both
sokuzimela,"management,",random_unrelated,,0.25507,0.213042,Both
ibhotela,imifino,semantic_within,food,0.336623,0.501974,Both
eyaqubuka,zitholakala,random_unrelated,,0.366114,0.279668,Both
"uthebe,",usimame,morphological,class11,0.572168,0.603301,Both
udokotela,umhlengikazi,semantic_within,health,0.430753,0.558452,Both
udinga,uyagijima,morphological,class11,0.25938,0.415628,Both
esaqalwa,wakhe,cooccurrence,freq=2,0.422441,0.473464,Both
385),nokubambisana,cooccurrence,freq=2,0.740163,0.664098,Both
zokweseka,bahlala,random_unrelated,,0.302521,0.241512,Both
isigcawu,ongazisoli,random_unrelated,,0.31564,0.249384,Both
umdlalo,imidlalo,semantic_within,sport,0.680123,0.708074,Both
ulieutenant,usafisa,morphological,class11,0.401001,0.5006,Both
amaphoyisa,indlu,semantic_across,police_law_vs_places,0.176275,0.225765,Both
umtapo,imfundo,semantic_within,education,0.195166,0.417099,Both
usipho,uzofihla,morphological,class11,0.299485,0.439691,Both
"somcimbi,",umculi,cooccurrence,freq=6,0.631458,0.598875,Both
ijabule,igcina,morphological,class5_singular,0.208619,0.385172,Both
"nabantwana,","ukubekezelelana,",cooccurrence,freq=2,0.55282,0.551692,Both
inkampani,impilo,semantic_across,money_vs_health,0.209741,0.245845,Both
ukusho,ukukhulekela,morphological,class15_infinitive,0.389725,0.493835,Both
igiya,ibiphuma,morphological,class5_singular,0.381304,0.488783,Both
"ukuthobeka,",ukuhlunga,morphological,class15_infinitive,0.385913,0.491548,Both
"engu-12,",zizobhekana,random_unrelated,,0.204623,0.182774,Both
bakhubeke,yinsika,random_unrelated,,0.473942,0.344365,Both
lo,856),random_unrelated,,0.266307,0.219784,Both
nomphakathi,ezisheshayo.,random_unrelated,,0.23564,0.201384,Both
ezenza,ngezithako,cooccurrence,freq=2,0.498233,0.51894,Both
"kwaliwa,",iwest,random_unrelated,,0.54674,0.388044,Both
abasolwa,inhlamvu,semantic_within,police_law,0.448853,0.569312,Both
adala,amadodana,random_unrelated,,0.259415,0.215649,Both
umthandazo,esemculweni,random_unrelated,,0.256093,0.213656,Both
okukholakala,ngebhodwe,random_unrelated,,0.330167,0.2581,Both
ubisi,isitsha,semantic_within,food,0.59097,0.654582,Both
abafundi,zifakwe,cooccurrence,freq=2,0.301334,0.4008,Both
ukuhlenga,ukukhuluma,morphological,class15_infinitive,0.248379,0.409028,Both
kwehora,ongaziwa.,random_unrelated,,0.322753,0.253652,Both
ukuzenzela,ukukhala,morphological,class15_infinitive,0.394629,0.496778,Both
kukhona,"okungenzeka,",cooccurrence,freq=4,0.423289,0.473973,Both
zokuxhumana.,ababezethemba,random_unrelated,,0.349003,0.269402,Both
abafuna,abayaluzayo,morphological,class2_plural,0.539494,0.583696,Both
airbag,njengezibiza,cooccurrence,freq=2,0.581257,0.568754,Both
amehlo,kimina,cooccurrence,freq=4,0.389734,0.45384,Both
khona,ukuwudlulisela,cooccurrence,freq=2,0.397056,0.458234,Both
u-amahle,ubungozi,morphological,class11,0.170778,0.362467,Both
unjinji,usiphokuhle,morphological,class11,0.458351,0.535011,Both
emishibeni,aqale,random_unrelated,,0.199604,0.179762,Both
kwatransnet,yokuvuselela,random_unrelated,,0.425915,0.315549,Both
iveza,umkhwanazi.,random_unrelated,,0.205328,0.183197,Both
idolobha,ikhaya,semantic_within,places,0.359316,0.51559,Both
"izulu,",izojika.,morphological,class8_plural,0.304064,0.442438,Both
iyama,osuke,random_unrelated,,0.137344,0.142407,Both
lona.,leyo,random_unrelated,,0.389351,0.29361,Both
4,ngojuni,cooccurrence,freq=2,0.654841,0.612905,Both
"ukuthandaza,","ukuzibamba,",morphological,class15_infinitive,0.429851,0.51791,Both
"isikhathi,","kanzima,",random_unrelated,,0.353362,0.272017,Both
ize,i-i,morphological,class5_singular,0.338826,0.463296,Both
u-abdeslam,ufika,morphological,class11,0.425282,0.515169,Both
ikuthola,389),random_unrelated,,0.330109,0.258065,Both
"(gcfo),",dlamini.,random_unrelated,,0.402243,0.301346,Both
nokugubha,ziphasa,random_unrelated,,0.193529,0.176117,Both
usipho,unqamule,morphological,class11,0.436312,0.521787,Both
engatolikelwa.,nokuqapha,random_unrelated,,0.352382,0.271429,Both
ezweni,lesethembiso.,cooccurrence,freq=2,0.515079,0.529047,Both
ngisho,sezulu,cooccurrence,freq=2,0.363512,0.438107,Both
inyoni,inkampani,semantic_across,animals_vs_money,0.297753,0.298652,Both
“yingakho,ulibofuzo,random_unrelated,,0.350051,0.270031,Both
abazozwa,abazobambelela,morphological,class2_plural,0.641132,0.644679,Both
360),ngezimpelasonto,random_unrelated,,0.467568,0.340541,Both
udale,ungomunye,morphological,class11,0.444367,0.52662,Both
emshadweni.,kanye,cooccurrence,freq=2,0.409338,0.465603,Both
"sakusihlwa,","uthando,",cooccurrence,freq=4,0.507061,0.524237,Both
abazange,abawu-88.,morphological,class2_plural,0.682734,0.66964,Both
ufunda,zemfundo,cooccurrence,freq=6,0.529737,0.537842,Both
kuyena.,376),random_unrelated,,0.317108,0.250265,Both
babhale,lokuthi,cooccurrence,freq=2,0.339073,0.423444,Both
amathuba,amathambo,morphological,class6_plural,0.566198,0.599719,Both
kwabantu,kwemibiko,cooccurrence,freq=2,0.499403,0.519642,Both
okubalulekile,okunye,cooccurrence,freq=2,0.443704,0.486222,Both
u-abdeslam,unqambothi,morphological,class11,0.634125,0.640475,Both
izimpahla,"izisulu,",morphological,class8_plural,0.501179,0.560708,Both
uyeke,ubona,morphological,class11,0.334823,0.460894,Both
kuyihlomula,okusuke,cooccurrence,freq=2,0.516462,0.529877,Both
ngizama,izinkumbulo.,random_unrelated,,0.206496,0.183898,Both
kwamadolobha,kuzophazamisa,random_unrelated,,0.148881,0.149329,Both
ubisi,ikhukhamba,semantic_within,food,0.368786,0.521271,Both
indoda,umfana,semantic_within,family,0.502449,0.60147,Both
yalo,ehhovisi,random_unrelated,,0.174377,0.164626,Both
bahlanganyela,"ukuzindla,",cooccurrence,freq=2,0.500261,0.520156,Both
isikhathi,izifundo,cooccurrence,freq=10,0.265496,0.379297,Both
eliwusizo,ezinganeni,cooccurrence,freq=2,0.511819,0.527092,Both
uphuza,uncoma,morphological,class11,0.612684,0.627611,Both
abantu,eyanele,cooccurrence,freq=2,0.32319,0.413914,Both
izwa,izojika.,morphological,class8_plural,0.316207,0.449724,Both
lakhe,u-abdeslam,cooccurrence,freq=2,0.645991,0.607595,Both
"kwakufanelekile,",nezithunywa,cooccurrence,freq=2,0.431042,0.478625,Both
bavakashela,izimpahla,cooccurrence,freq=6,0.385175,0.451105,Both
emotweni,"nomoya,",random_unrelated,,0.189005,0.173403,Both
ifika,ibheyili,morphological,class5_singular,0.352788,0.471673,Both
ukuthuma,ukungadli,morphological,class15_infinitive,0.405232,0.503139,Both
uhulumeni,ungazami,morphological,class11,0.241601,0.404961,Both
kahle,njengobuchwepheshe,random_unrelated,,0.323411,0.254047,Both
ukuphazanyiswa,kuyakhombisa,random_unrelated,,0.240307,0.204184,Both
umfundi,iphepha,semantic_within,education,0.388047,0.532828,Both
idla,wezokuphepha,random_unrelated,,0.123444,0.134066,Both
akwazi,amagciwane,cooccurrence,freq=2,0.31709,0.410254,Both
"isikhathi,",zabo,cooccurrence,freq=4,0.207944,0.344767,Both
yasesipholi,wamalungu,random_unrelated,,0.235409,0.201246,Both
abayitholile,ezindondweni,random_unrelated,,0.263571,0.218143,Both
“ngijabule,eziqinile,random_unrelated,,0.349235,0.269541,Both
ihudula,ihanjwe,morphological,class5_singular,0.434181,0.520508,Both
abalandeli,ababukele.”,morphological,class2_plural,0.544206,0.586524,Both
isikole,umtapo,semantic_within,education,0.221561,0.432937,Both
"izimpiko,",iziyalo,morphological,class8_plural,0.489235,0.553541,Both
embuthanweni,eziyisithupha,cooccurrence,freq=2,0.415166,0.4691,Both
kujanuwari,ufike,cooccurrence,freq=2,0.299336,0.399602,Both
ukuzovakasha,ukudlulela,morphological,class15_infinitive,0.37285,0.48371,Both
abafundi,abane,cooccurrence,freq=2,0.46666,0.499996,Both
ilokishi,isiteshi,semantic_within,places,0.480812,0.588487,Both
izosiza,izinhlaka,morphological,class8_plural,0.429427,0.517656,Both
uqhubeka,ungakhathazekile,morphological,class11,0.166057,0.359634,Both
kuza,phansi,cooccurrence,freq=2,0.33075,0.41845,Both
i-kaizer,iqokwe,morphological,class5_singular,0.480024,0.548014,Both
ebalungele,isouthern,random_unrelated,,0.372028,0.283217,Both
wemisindo,nezibalulekile,random_unrelated,,0.32364,0.254184,Both
"wokujabula,",zidlala,cooccurrence,freq=2,0.411012,0.466607,Both
ibamba,i-eff,morphological,class5_singular,0.321835,0.453101,Both
ucassper,ububone,morphological,class11,0.382759,0.489656,Both
isigaba,wenza,cooccurrence,freq=2,0.315065,0.409039,Both
kunciphisa,yakho,cooccurrence,freq=2,0.371218,0.442731,Both
umengo,"umalinga,",morphological,class1_singular,0.458562,0.535137,Both
imoto,isitimela,semantic_within,transport,0.344444,0.506666,Both
abavela,abayiqonde,morphological,class2_plural,0.448509,0.529106,Both
elisethimbeni,ezitsheni,random_unrelated,,0.485597,0.351358,Both
uphonsa,usezimele,morphological,class11,0.409634,0.50578,Both
indawo,mina,cooccurrence,freq=2,0.259221,0.375533,Both
ongazisoli,wakho,random_unrelated,,0.399852,0.299911,Both
igingqike,iyayedlula.,morphological,class5_singular,0.29906,0.439436,Both
ubona,uzelule,morphological,class11,0.273933,0.42436,Both
zifana,ubukeleke,random_unrelated,,0.292203,0.235322,Both
ekwele-hip,zomuthi,random_unrelated,,0.281401,0.228841,Both
uhambo,isiko,semantic_across,transport_vs_culture,0.249395,0.269637,Both
nokufunda,singebe,random_unrelated,,0.246694,0.208016,Both
(isisho,103),cooccurrence,freq=2,0.830852,0.718511,Both
"ukwakha,","ukuliphuza,",morphological,class15_infinitive,0.473301,0.543981,Both
nangokuthi,"""lolu",random_unrelated,,0.391125,0.294675,Both
omkhulu,likasawoti,random_unrelated,,0.353174,0.271905,Both
ebhizinisi,iqhubekisele,random_unrelated,,0.374883,0.28493,Both
zihlanganisa,ukwethulwa,random_unrelated,,0.126023,0.135614,Both
"kwezikole,",ahlukene.,random_unrelated,,0.133958,0.140375,Both
wawugcwele,umnuz,random_unrelated,,0.201537,0.180922,Both
umabonakude,umsakazo,semantic_within,technology,0.523584,0.61415,Both
abahlali,zikahulumeni,cooccurrence,freq=10,0.505818,0.523491,Both
"""nota""",esagiya,cooccurrence,freq=2,0.735811,0.661487,Both
vs,emapaki,random_unrelated,,0.284535,0.230721,Both
"awenzayo,",ngomsebenzi,cooccurrence,freq=2,0.502442,0.521465,Both
amanani,ezinto,cooccurrence,freq=2,0.321142,0.412685,Both
"ukubekezela,",ukunqwaha,morphological,class15_infinitive,0.340571,0.464343,Both
inyuvesi,isivivinyo,semantic_within,education,0.473147,0.583888,Both
njengoba,yokuphila.,cooccurrence,freq=2,0.117015,0.290209,Both
kudala.,307),random_unrelated,,0.281159,0.228696,Both
uzisayinele,yensizwa,random_unrelated,,0.347612,0.268567,Both
"kwabafundi,",saba,cooccurrence,freq=4,0.574749,0.564849,Both
emhlabeni,isanda,cooccurrence,freq=2,0.308545,0.405127,Both
zasemazweni,nenkinga,random_unrelated,,0.296267,0.23776,Both
ukuchuma,ukarabo,morphological,class15_infinitive,0.406117,0.50367,Both
ngajoyina,olwethu,random_unrelated,,0.252846,0.211708,Both
amaphoyisa,imidlalo,semantic_across,police_law_vs_sport,0.057264,0.154359,Both
abasubathi,abazobambelela,morphological,class2_plural,0.553928,0.592357,Both
isinkwa,ubisi,semantic_within,food,0.563185,0.637911,Both
ibaluleke,ilwe,morphological,class5_singular,0.254372,0.412623,Both
inkohlakalo,isizwe,semantic_within,government,0.435547,0.561328,Both
ilokishi,itheku,semantic_within,places,0.485899,0.59154,Both
ukuchuma,ukwamukele,morphological,class15_infinitive,0.416488,0.509893,Both
futhi,waba,cooccurrence,freq=2,0.131192,0.298715,Both
ababaningi,nebala,random_unrelated,,0.366416,0.27985,Both
kwezakhi,oluhlala,random_unrelated,,0.164802,0.158881,Both
ikhukhamba,umfana,semantic_across,food_vs_family,0.283836,0.290302,Both
ugesi,ulwa,morphological,class11,0.338492,0.463095,Both
ikzn.,iphimbo,morphological,class5_singular,0.280331,0.428199,Both
251),nokubambisana,cooccurrence,freq=2,0.74992,0.669952,Both
bayahlawuliswa,umemezele,random_unrelated,,0.443888,0.326333,Both
uqhawekazi,uyaqonda,morphological,class11,0.379469,0.487681,Both
abalingani,abasebancane,morphological,class2_plural,0.546977,0.588186,Both
usenona,ubuhlobo,morphological,class11,0.243681,0.406208,Both
uvezele,unosipho,morphological,class11,0.391242,0.494745,Both
isiza,"unakekeleke,",random_unrelated,,0.384434,0.29066,Both
ukuthokoza,ukungalaleli,morphological,class15_infinitive,0.234492,0.400695,Both
"amhlophe,",yambangela,random_unrelated,,0.408626,0.305176,Both
ave,ngaba,cooccurrence,freq=2,0.439428,0.483657,Both
isikole,incwadi,semantic_within,education,0.273404,0.464043,Both
okungalungile,ekusebenzeni,random_unrelated,,0.23445,0.20067,Both
alo,newusizo,random_unrelated,,0.371705,0.283023,Both
ithoyizi,ikulandela.,morphological,class5_singular,0.397281,0.498369,Both
ukuzinza,bamncomile,random_unrelated,,0.440432,0.324259,Both
elalelayo,zithuthukiswe,random_unrelated,,0.300381,0.240229,Both
umama,umlobi,morphological,class1_singular,0.557911,0.594747,Both
ezimfushane.,"obisini,",random_unrelated,,0.256683,0.21401,Both
"i-meyo,",iluthuli,morphological,class5_singular,0.376028,0.485617,Both
uzimisele,engango-r5,random_unrelated,,0.200343,0.180206,Both
zebandla,wangabhalisa,random_unrelated,,0.2644,0.21864,Both
necala,abawu-88.,random_unrelated,,0.262572,0.217543,Both
idlalela,ikwi-albhamu,morphological,class5_singular,0.403472,0.502083,Both
mhlangano,yile,cooccurrence,freq=2,0.357898,0.434739,Both
umuntu,izinja,semantic_across,family_vs_animals,0.320513,0.312308,Both
bavote,emkhandlwini,cooccurrence,freq=4,0.711606,0.646964,Both
nobungani.,nolusezingeni,random_unrelated,,0.272333,0.2234,Both
umncube,kunezikhalazo,random_unrelated,,0.328938,0.257363,Both
abantu,emfuleni,cooccurrence,freq=2,0.258281,0.374968,Both
auto.,118),random_unrelated,,0.418038,0.310823,Both
ukhuni,ukudlala,semantic_across,nature_vs_sport,0.29127,0.294762,Both
ubesebenza,okuhambisana,random_unrelated,,0.125671,0.135402,Both
lapho,yikuphi,cooccurrence,freq=8,0.376504,0.445902,Both
uthwala,ubhala,morphological,class11,0.496941,0.558165,Both
emqoka,ngoba,cooccurrence,freq=2,0.309586,0.405752,Both
umabonakude,theknoloji,semantic_within,technology,0.391174,0.534704,Both
engu-16,lokuthola,random_unrelated,,0.200311,0.180187,Both
ososayensi,sebekwazile,random_unrelated,,0.247596,0.208558,Both
komunye,yingxenye,cooccurrence,freq=2,0.359336,0.435602,Both
688),abayenzayo,random_unrelated,,0.357974,0.274785,Both
abasolwa,inkantolo,semantic_within,police_law,0.32787,0.496722,Both
"boardroom,",zokusingatha,cooccurrence,freq=2,0.645509,0.607305,Both
ibibukeka,isicelo,cooccurrence,freq=4,0.498978,0.519387,Both
ungazami,uwumholi,morphological,class11,0.469847,0.541908,Both
zithonywe,kukusiza,random_unrelated,,0.256036,0.213621,Both
edoonside,sakhe.,random_unrelated,,0.228067,0.19684,Both
sobabili,osishiye,random_unrelated,,0.596166,0.4177,Both
lakhe,amanazaretha,random_unrelated,,0.292281,0.235368,Both
"naso,”",iyodwa,random_unrelated,,0.374449,0.284669,Both
unikeza,ungaphazamiseki,morphological,class11,0.413738,0.508243,Both
ukudluliselwa,ukucosha,morphological,class15_infinitive,0.367868,0.480721,Both
nemiphumela,ngicela,cooccurrence,freq=2,0.449013,0.489408,Both
imeya,isizwe,semantic_within,government,0.290587,0.474352,Both
nemithi,usizo,cooccurrence,freq=2,0.34891,0.429346,Both
kufike,yaphoqeleka,cooccurrence,freq=2,0.622613,0.593568,Both
intuthuko,nasekubuyiseleni,cooccurrence,freq=2,0.51294,0.527764,Both
kancane,ngisho,cooccurrence,freq=2,0.202009,0.341205,Both
unosipho.,unomkhuhlane,morphological,class11,0.460762,0.536457,Both
kuyo.,nekhono,cooccurrence,freq=2,0.396668,0.458001,Both
ebukeka,endleleni,cooccurrence,freq=2,0.505007,0.523004,Both
umfazi,abantu,semantic_within,family,0.272398,0.463439,Both
mfowethu,abantu,semantic_within,family,0.126082,0.375649,Both
uchilize,usungathi,morphological,class11,0.459658,0.535795,Both
izinyawo,izobiza,morphological,class8_plural,0.402651,0.50159,Both
ngefomethi,wokuthulela,random_unrelated,,0.275417,0.22525,Both
nsuku,"obuhlaza,",cooccurrence,freq=2,0.419121,0.471473,Both
sokubuyela,"ngokuzikhandla,",random_unrelated,,0.232298,0.199379,Both
imifula,imvelo,semantic_within,nature,0.480897,0.588538,Both
abakufisayo,abasakazi,morphological,class2_plural,0.514403,0.568642,Both
lwezokumekatha,siphelele,cooccurrence,freq=2,0.400149,0.460089,Both
kunksz,lwakhula,cooccurrence,freq=2,0.516673,0.530004,Both
del,usekhona,random_unrelated,,0.424128,0.314477,Both
uqhele,ulalelwa,morphological,class11,0.260152,0.416091,Both
okusiqhatha,unkk,cooccurrence,freq=2,0.496847,0.518108,Both
ingoma,umbhalo,semantic_within,music,0.438126,0.562875,Both
bayazibuka,kanti,cooccurrence,freq=4,0.60764,0.584584,Both
ushintshe,u-r230.,morphological,class11,0.333909,0.460345,Both
izinhlaka,"izulu,",morphological,class8_plural,0.365801,0.479481,Both
ekuseni.,ukuphuza,cooccurrence,freq=2,0.394347,0.456608,Both
umfana,umndeni,semantic_within,family,0.409906,0.545943,Both
.,promotions,random_unrelated,,0.397724,0.298635,Both
ugelezela,"ezemvelo,",random_unrelated,,0.466775,0.340065,Both
imbuso,isho,random_unrelated,,0.306457,0.243874,Both
imidlalo,ukudlala,semantic_within,sport,0.451308,0.570785,Both
nakuba,ngojuni,cooccurrence,freq=2,0.333806,0.420283,Both
komhlaba.,ngokuhamba,cooccurrence,freq=2,0.368109,0.440865,Both
bafunda,sekhefu.,cooccurrence,freq=2,0.486905,0.512143,Both
oyisipesheli,wosomabhizinisi,random_unrelated,,0.316452,0.249871,Both
"endala,",ngaphambi,cooccurrence,freq=2,0.391631,0.454978,Both
"nozakwabo,","kwamahlamvu,",random_unrelated,,0.403445,0.302067,Both
kusho,kwebhola,cooccurrence,freq=2,0.304192,0.402515,Both
usuke,ufoster,morphological,class11,0.419068,0.511441,Both
ejele,sebheyili,cooccurrence,freq=4,0.649956,0.609973,Both
inja,ukhuni,semantic_across,animals_vs_nature,0.300811,0.300487,Both
icwecwe,umculi,semantic_within,music,0.561614,0.636968,Both
iqhaza,yezivakashi,cooccurrence,freq=2,0.480493,0.508296,Both
kusho,okuyiyona,random_unrelated,,0.230615,0.198369,Both
esikhona,ngeminyaka,cooccurrence,freq=2,0.31543,0.409258,Both
ogijima,oluhlaza,cooccurrence,freq=4,0.518246,0.530947,Both
ayinakho,amaphepha,random_unrelated,,0.183044,0.169826,Both
abantu,evimbela,cooccurrence,freq=2,0.270577,0.382346,Both
okungavotwa,baphumule.,random_unrelated,,0.303064,0.241839,Both
incwadi,umtapo,semantic_within,education,0.529717,0.61783,Both
embukisweni,ukulinda,random_unrelated,,0.318705,0.251223,Both
amagoli,amathathu.,morphological,class6_plural,0.544124,0.586474,Both
bejabulela,lwabo,cooccurrence,freq=2,0.418785,0.471271,Both
umntwana,umqeqeshi,morphological,class1_singular,0.272275,0.423365,Both
obuluhlaza,igama,random_unrelated,,0.180313,0.168188,Both
kangakanani.,nezihluba,cooccurrence,freq=2,0.473688,0.504213,Both
elithi,notee,cooccurrence,freq=2,0.534473,0.540684,Both
uviggy,uhlolele,morphological,class11,0.40337,0.502022,Both
isikole,umfundi,semantic_within,education,0.34438,0.506628,Both
ijabule,ibihlolwa,morphological,class5_singular,0.289972,0.433983,Both
e-afrika,asolwandle,random_unrelated,,0.225928,0.195557,Both
nokuba,negagasi,random_unrelated,,0.193389,0.176034,Both
udokotela,impilo,semantic_within,health,0.218046,0.430827,Both
ingoma,umrepha,semantic_within,music,0.371016,0.52261,Both
abahambi,ukuminza,random_unrelated,,0.387489,0.292493,Both
bakhethe,bazinike,cooccurrence,freq=2,0.544494,0.546697,Both
kuyolamula,school,cooccurrence,freq=2,0.590694,0.574416,Both
"zezindaba,",beqaphile,random_unrelated,,0.352034,0.271221,Both
"abandayo,",abanamakhono,morphological,class2_plural,0.48881,0.553286,Both
abasebenza,abakwazi,morphological,class2_plural,0.385168,0.491101,Both
ubizo,ungafuni,morphological,class11,0.351869,0.471122,Both
uyawuthola,u-r32,morphological,class11,0.36551,0.479306,Both
nezinkinga,ukuba,cooccurrence,freq=2,0.242295,0.365377,Both
"aluhlaza,",sendawo,random_unrelated,,0.345832,0.267499,Both
ibhotela,indishi,semantic_within,food,0.450502,0.570301,Both
uqikelele,ugxile,morphological,class11,0.347424,0.468454,Both
isikole,iphepha,semantic_within,education,0.295887,0.477532,Both
bayifake,"line,",random_unrelated,,0.249416,0.20965,Both
"ufuna,",ubuhlobo,morphological,class11,0.175911,0.365546,Both
edlule.,"ezemfundo,",random_unrelated,,0.268992,0.221395,Both
yingaleso,uyikhiphe,random_unrelated,,0.409722,0.305833,Both
phakama,642),random_unrelated,,0.368753,0.281252,Both
afune,ubathintile,random_unrelated,,0.251201,0.210721,Both
upheka,ucashunwe,morphological,class11,0.36401,0.478406,Both
lokuthi,nginethemba,cooccurrence,freq=2,0.312147,0.407288,Both
usanethuba,ugabe,morphological,class11,0.345108,0.467065,Both
ekuhoxisweni,elingangenisela,random_unrelated,,0.509165,0.365499,Both
ukuhlela,ukholo,morphological,class15_infinitive,0.382832,0.489699,Both
ne-electronic,ziyabuka,random_unrelated,,0.262483,0.21749,Both
ngokumthumelela,nomengo,cooccurrence,freq=2,0.61642,0.589852,Both
unina,u-r120.,morphological,class11,0.431359,0.518815,Both
iqhude,izilwane,semantic_within,animals,0.292484,0.475491,Both
nothando,esouth,random_unrelated,,0.307463,0.244478,Both
abenza,ngabantu,cooccurrence,freq=2,0.394615,0.456769,Both
kumaveji,kuya,cooccurrence,freq=2,0.651198,0.610719,Both
ibingadlalisi,ikhumalo's,morphological,class5_singular,0.463048,0.537829,Both
ukonga,idola,semantic_within,money,0.366422,0.519853,Both
lwaqala,kumngane,random_unrelated,,0.308191,0.244914,Both
uphiko,ufikele,morphological,class11,0.427745,0.516647,Both
izindlu,"yezokwakha,",cooccurrence,freq=2,0.523373,0.534024,Both
iboshwe,se-agro-processing,random_unrelated,,0.545857,0.387514,Both
ingaxhuma,"ngayinye,",random_unrelated,,0.311364,0.246818,Both
(isisho,982),cooccurrence,freq=2,0.839497,0.723698,Both
kufukulwe,lokuthi,cooccurrence,freq=4,0.466001,0.499601,Both
umfundi,ukubhala,semantic_within,education,0.392108,0.535265,Both
"izikole,",kanjalo,cooccurrence,freq=2,0.305119,0.403071,Both
umngqithi,165),random_unrelated,,0.30515,0.24309,Both
ukwelashwa,"naleso,""",random_unrelated,,0.375532,0.285319,Both
uhloniphe,uvusa,morphological,class11,0.330803,0.458482,Both
"nasemaharani,",ne-electronic,random_unrelated,,0.424924,0.314955,Both
theknoloji,nowemagesi,random_unrelated,,0.248416,0.20905,Both
usuvuleke,unenkinga,morphological,class11,0.427687,0.516612,Both
neqembu,nesafa,cooccurrence,freq=2,0.549109,0.549465,Both
umhlengikazi,ukwelapha,semantic_within,health,0.473485,0.584091,Both
itheku,isikhungo,semantic_within,places,0.161852,0.397111,Both
izinto,izinguquko,morphological,class8_plural,0.520882,0.572529,Both
abasolwa,isibhamu,semantic_within,police_law,0.356087,0.513652,Both
base,nezithombe,cooccurrence,freq=2,0.377362,0.446417,Both
ziqhudelane,674),random_unrelated,,0.329209,0.257526,Both
"uqobo,""",ubafundisa,morphological,class11,0.258411,0.415046,Both
"usithole,",uyifanise,morphological,class11,0.298436,0.439061,Both
samabhuku,151),random_unrelated,,0.35069,0.270414,Both
iqhude,izimvu,semantic_within,animals,0.488381,0.593029,Both
izinselelo,kodwa,cooccurrence,freq=4,0.350777,0.430466,Both
abaphumelela,ababemgxeka,morphological,class2_plural,0.520805,0.572483,Both
zinto,ku-n6:,random_unrelated,,0.261658,0.216995,Both
uzofundelani.,uzofihla,morphological,class11,0.519223,0.571534,Both
usungene,ulozolo,morphological,class11,0.457262,0.534357,Both
amakhono,lula,cooccurrence,freq=2,0.302192,0.401315,Both
ulwandle,amanzi,semantic_within,nature,0.407942,0.544765,Both
ekulisizeni,izembe,cooccurrence,freq=2,0.592531,0.575519,Both
ukusho,ukukwelapha.,morphological,class15_infinitive,0.420671,0.512402,Both
umbuso,umaphorisa.,morphological,class1_singular,0.363685,0.478211,Both
umntwana,umkhandi,morphological,class1_singular,0.29428,0.436568,Both
kanti,"yezemidlalo,",cooccurrence,freq=2,0.269311,0.381587,Both
bejabulela,nokuthokozisa,cooccurrence,freq=4,0.592263,0.575358,Both
adimile,ngemuva,cooccurrence,freq=2,0.452415,0.491449,Both
nokuzibophezela,sinqumo,cooccurrence,freq=2,0.43133,0.478798,Both
lokhu,ukuzivocavoca,cooccurrence,freq=134,0.400602,0.460361,Both
umtapo,umsakazo,semantic_across,education_vs_technology,0.526011,0.435607,Both
abazifundayo,abangu-10.,morphological,class2_plural,0.434261,0.520556,Both
bezifuqa,ngezicoficofi,cooccurrence,freq=2,0.771754,0.683052,Both
abalibambayo,abazayo,morphological,class2_plural,0.656486,0.653892,Both
"sikhathi,",yakhe,cooccurrence,freq=2,0.325297,0.415178,Both
ukuwa,"ukudayiswa,",morphological,class15_infinitive,0.510086,0.566052,Both
iseluleko,isuse,morphological,class7_singular,0.381922,0.489153,Both
kwecala,ngamarekhodi,cooccurrence,freq=2,0.53966,0.543796,Both
ibheke,idatha,morphological,class5_singular,0.340787,0.464472,Both
ekudleni,nezijeziso,cooccurrence,freq=2,0.508334,0.525,Both
umfazi,umndeni,semantic_within,family,0.487055,0.592233,Both
abashadayo,"eziyisiko,",cooccurrence,freq=2,0.403309,0.461985,Both
sehlobo.,ukwakha,cooccurrence,freq=2,0.408499,0.4651,Both
sebezwakalise,zobudokotela,random_unrelated,,0.333325,0.259995,Both
kuyingxenye,lwabo,cooccurrence,freq=2,0.315702,0.409421,Both
“ididiyele,kuthathelwe,random_unrelated,,0.286418,0.231851,Both
ndima.,ukwenza,cooccurrence,freq=2,0.376015,0.445609,Both
abamkhulisile,abazidingayo,morphological,class2_plural,0.447712,0.528627,Both
angu-115kw,kaphethroli,cooccurrence,freq=2,0.642852,0.605711,Both
"ezibahlupha,",uyeke,random_unrelated,,0.365062,0.279037,Both
abathandanayo,abafisa,morphological,class2_plural,0.387573,0.492544,Both
647),ukuminza,random_unrelated,,0.359648,0.275789,Both
ukuba,"ukuthula,",morphological,class15_infinitive,0.244238,0.406543,Both
kokufunda.,nomfundisi,random_unrelated,,0.276758,0.226055,Both
uhlelo,udlubu,morphological,class11,0.218629,0.391177,Both
abahleli,nodokotela:,random_unrelated,,0.34095,0.26457,Both
izinkomo,imeya,semantic_across,animals_vs_government,0.334818,0.320891,Both
"manje,",nsuku,cooccurrence,freq=2,0.214481,0.348689,Both
ukhuculule,ukungabi,morphological,class15_infinitive,0.39171,0.495026,Both
ulwazi,imfundo,semantic_within,education,0.345058,0.507035,Both
ezifweni,"ukudansa,",random_unrelated,,0.282971,0.229782,Both
ngivule,ukuthi,cooccurrence,freq=2,0.236134,0.361681,Both
nalo,akhiwe.,random_unrelated,,0.194263,0.176558,Both
kakwesta,leli,cooccurrence,freq=2,0.391252,0.454751,Both
ezihlahleni,onamandla,cooccurrence,freq=2,0.430201,0.47812,Both
izimoto,izinkomo,morphological,class8_plural,0.532243,0.579346,Both
umasipala,umbuso,semantic_within,government,0.49793,0.598758,Both
bale,bangawenqeni,random_unrelated,,0.416274,0.309765,Both
ebesimhlonipha.,usuka,random_unrelated,,0.325856,0.255514,Both
ubumnandi,usekhona,morphological,class11,0.33033,0.458198,Both
"chonco,",“ngijabule,random_unrelated,,0.300857,0.240514,Both
inja,inyoni,semantic_within,animals,0.556162,0.633697,Both
yetop,sezincwadi.,random_unrelated,,0.361678,0.277007,Both
ikuceba,"itholana,",morphological,class5_singular,0.31712,0.450272,Both
umfula,ulwandle,semantic_within,nature,0.409621,0.545772,Both
ithanda,ibhakede.,morphological,class5_singular,0.459022,0.535413,Both
ukulawula,ukarabo,morphological,class15_infinitive,0.406344,0.503806,Both
oyisigwili.,siphathe,random_unrelated,,0.346047,0.267628,Both
ngendlela,ukuhlelwa,cooccurrence,freq=2,0.182725,0.329635,Both
unaledi,udabuka,morphological,class11,0.320607,0.452364,Both
"phambili,",sizolwa,random_unrelated,,0.498965,0.359379,Both
462),ethokozisa,random_unrelated,,0.44741,0.328446,Both
abathi,abacindezelekayo,morphological,class2_plural,0.501406,0.560844,Both
uthisha,isivivinyo,semantic_within,education,0.541351,0.624811,Both
isinyathelo,"edward,",random_unrelated,,0.420669,0.312402,Both
njengesinyathelo,uhulumeni,cooccurrence,freq=2,0.438106,0.482864,Both
abane,canopy,random_unrelated,,0.347736,0.268641,Both
ibhizinisi,zokudlela.,random_unrelated,,0.270384,0.22223,Both
infotainment,ebisemorocco,random_unrelated,,0.642635,0.445581,Both
imvelo,imithi,semantic_within,nature,0.388385,0.533031,Both
eliphakeme,i-edendale,random_unrelated,,0.349624,0.269774,Both
ukuhambisa,ukushiya,morphological,class15_infinitive,0.271964,0.423178,Both
ukonga,amasheya,semantic_within,money,0.25879,0.455274,Both
ujaji,tshepang,random_unrelated,,0.551787,0.391072,Both
iconfederation,i-kaizer,morphological,class5_singular,0.721283,0.69277,Both
beqinisa,omesha,random_unrelated,,0.187168,0.172301,Both
izimbangi,kakhulu,cooccurrence,freq=2,0.339604,0.423763,Both
uqonde,ungawa,morphological,class11,0.373512,0.484107,Both
uchilize,ubesevele,morphological,class11,0.430532,0.518319,Both
ezinokuthula.,angu-150kw,random_unrelated,,0.225084,0.19505,Both
babememeza,kushaywa,cooccurrence,freq=2,0.522781,0.533669,Both
olufinyelela,yizivakashi,cooccurrence,freq=2,0.437223,0.482334,Both
ukudla,isitsha,semantic_within,food,0.393364,0.536019,Both
ikusasa,iyisendlalelo,morphological,class5_singular,0.335747,0.461448,Both
kazulu,"engcono,",random_unrelated,,0.259121,0.215473,Both
engidlule,okuwusuku,random_unrelated,,0.334404,0.260643,Both
lwe-ezemvelo,widlife,cooccurrence,freq=2,0.699984,0.639991,Both
"amakhono,",kabusha,random_unrelated,,0.118464,0.131079,Both
unota,major,random_unrelated,,0.472742,0.343645,Both
yonkana.,organization,random_unrelated,,0.425805,0.315483,Both
izinkonzo,izifo.,morphological,class8_plural,0.587241,0.612345,Both
kusangenzeka,sekuqulwa,cooccurrence,freq=4,0.65779,0.614674,Both
kwabanye.,imaskandi,random_unrelated,,0.261645,0.216987,Both
aqale,evele,cooccurrence,freq=2,0.582931,0.569759,Both
architecture,namafasitela,random_unrelated,,0.420847,0.312508,Both
ngobuqotho,nasebangani,random_unrelated,,0.483498,0.350099,Both
ushaywe,usizakale,morphological,class11,0.32382,0.454292,Both
mandla,112),random_unrelated,,0.258825,0.215295,Both
"emsebenzini,","ntambama,",cooccurrence,freq=2,0.442126,0.485276,Both
ekhasini,362),random_unrelated,,0.216321,0.189792,Both
abafundi,iqoqe,cooccurrence,freq=2,0.412441,0.467465,Both
industrial,enzani,random_unrelated,,0.336175,0.261705,Both
kumasipala,ezisithwalela,random_unrelated,,0.455964,0.333578,Both
imali,isikweletu,semantic_within,money,0.294653,0.476792,Both
ekugugulekeni,kungafani,random_unrelated,,0.416073,0.309644,Both
"kamasipala,",nelokubulawa,cooccurrence,freq=4,0.525534,0.53532,Both
ne-isuzu,ngayo.,cooccurrence,freq=2,0.582196,0.569318,Both
ulungiselela,ugogo,morphological,class11,0.337443,0.462466,Both
nangendlela,"zife,",random_unrelated,,0.265713,0.219428,Both
"kakhulu,",ukuya,cooccurrence,freq=100,0.360082,0.436049,Both
basasifunda,nhlangano.,cooccurrence,freq=2,0.424983,0.47499,Both
ebambisene,abazokwazi,random_unrelated,,0.253855,0.212313,Both
unota,ucele,morphological,class11,0.465752,0.539451,Both
nanokuthi,aphindisela,random_unrelated,,0.197882,0.178729,Both
inamabala,iyasebenza.,cooccurrence,freq=2,0.395212,0.457127,Both
uvame,uhlale,morphological,class11,0.316187,0.449712,Both
isitsha,izinja,semantic_across,food_vs_animals,0.299767,0.29986,Both
uyeke,uphahla.,morphological,class11,0.342577,0.465546,Both
"majola,",nothukuthela..,cooccurrence,freq=2,0.592543,0.575526,Both
seqophelweni,ngomculo,random_unrelated,,0.303398,0.242039,Both
26),nokubambisana,cooccurrence,freq=2,0.744708,0.666825,Both
ubuhlakani,ububone,morphological,class11,0.556217,0.59373,Both
ubengakabi,ujose,morphological,class11,0.402274,0.501365,Both
uvele,uxaba.,morphological,class11,0.272429,0.423457,Both
abasebenzi,amarekhodi.,cooccurrence,freq=2,0.507648,0.524589,Both
kufolda.,“hotstix”,random_unrelated,,0.189515,0.173709,Both
bephume,oyithokozelayo.,cooccurrence,freq=2,0.518595,0.531157,Both
"ekuqaleni,","kwabantu,",random_unrelated,,0.202393,0.181436,Both
isikole,inyuvesi,semantic_within,education,0.568117,0.64087,Both
ibhubesi,ibe-sporty.,morphological,class5_singular,0.572926,0.603755,Both
abadubulekile,abasondelene,morphological,class2_plural,0.493671,0.556203,Both
aselokhu,kumele,cooccurrence,freq=2,0.369758,0.441855,Both
ufune,ubukhazikhazi,morphological,class11,0.290832,0.434499,Both
inyoni,ihlosi,semantic_within,animals,0.551432,0.630859,Both
ngokwayo,bahambisana,random_unrelated,,0.207279,0.184368,Both
ulwazi,amasiko,semantic_across,education_vs_culture,0.368247,0.340948,Both
business,kwaserhodes,cooccurrence,freq=2,0.643514,0.606108,Both
iphepha,ibeverly,morphological,class5_singular,0.277697,0.426618,Both
njengesiteshi,kuyona,random_unrelated,,0.248839,0.209303,Both
uju,uselangeni.,morphological,class11,0.336793,0.462076,Both
isikweletu,amasheya,semantic_within,money,0.292167,0.4753,Both
ukuxhasa,ukungifaka,morphological,class15_infinitive,0.438313,0.522988,Both
njengami,nezinsizwa,random_unrelated,,0.129556,0.137733,Both
okunzulu.,sibhekana,random_unrelated,,0.325294,0.255176,Both
91),nezithunywa,random_unrelated,,0.335511,0.261306,Both
izinselelo,"izinto,",morphological,class8_plural,0.460572,0.536343,Both
"esenguwena,”",kumele,cooccurrence,freq=2,0.437821,0.482693,Both
ihhotela,isikhungo,semantic_within,places,0.323491,0.494094,Both
nentsha,oluhlukile,random_unrelated,,0.335882,0.261529,Both
wagcina,bamahhotela,random_unrelated,,0.307299,0.24438,Both
sedolobha.,ayisishiyagalombili,random_unrelated,,0.168511,0.161106,Both
bayizisulu,ukulikhiya,random_unrelated,,0.2504,0.21024,Both
lokufukulana,of,cooccurrence,freq=2,0.46837,0.501022,Both
unomlando,othanda,random_unrelated,,0.478567,0.34714,Both
"africa,",wethink,cooccurrence,freq=2,0.606356,0.583814,Both
964),nabafundi,random_unrelated,,0.378185,0.286911,Both
nokuzihlonipha.,648),random_unrelated,,0.46666,0.339996,Both
idolobha,ilokishi,semantic_within,places,0.674568,0.704741,Both
"mbizana,",nangabezindawo,cooccurrence,freq=2,0.555259,0.553155,Both
imithetho,billionaire,random_unrelated,,0.369187,0.281512,Both
"lapho,",ngisabheka,cooccurrence,freq=4,0.485903,0.511542,Both
isikole,ukwelapha,semantic_across,education_vs_health,0.240602,0.264361,Both
amasheya,ingcebo,semantic_within,money,0.407455,0.544473,Both
izivivinyo,izinyawo,morphological,class8_plural,0.405582,0.503349,Both
akukuhle,"umsocongi,",random_unrelated,,0.431799,0.319079,Both
"e-usa,",enew,cooccurrence,freq=2,0.674838,0.624903,Both
izinyanga,izikhwama,morphological,class8_plural,0.553839,0.592303,Both
kangcono,kunobukhazikhazi,cooccurrence,freq=2,0.522785,0.533671,Both
i-advanced,ibheke,morphological,class5_singular,0.400678,0.500407,Both
izinkawu,zihlala,cooccurrence,freq=2,0.476156,0.505693,Both
abantu,"zonke,",cooccurrence,freq=2,0.188233,0.33294,Both
izicelo,izinkinobho,morphological,class8_plural,0.468804,0.541282,Both
phambi,okuqinile,random_unrelated,,0.229849,0.197909,Both
uyindlela,ult,morphological,class11,0.234317,0.40059,Both
uwumholi,wesilisa,random_unrelated,,0.459622,0.335773,Both
unthabiseng,uphuza,morphological,class11,0.385789,0.491474,Both
"nabo,",nomthelela,cooccurrence,freq=2,0.381451,0.44887,Both
usiyanda,ulozolo,morphological,class11,0.500855,0.560513,Both
amaphoyisa,isiteshi,semantic_within,police_law,0.418858,0.551315,Both
sabe,isibuko,random_unrelated,,0.537479,0.382487,Both
nembobo,plug.,cooccurrence,freq=2,0.815553,0.709332,Both
lwezokumaketha,"world,",cooccurrence,freq=2,0.67214,0.623284,Both
igada,ibhasi,morphological,class5_singular,0.494308,0.556585,Both
idolo,ikulandela.,morphological,class5_singular,0.232758,0.399655,Both
indiza,uhambo,semantic_within,transport,0.387683,0.53261,Both
isikhathi,"isiphetho,",morphological,class7_singular,0.389307,0.493584,Both
ukudla,ibhotela,semantic_within,food,0.423797,0.554278,Both
ikhokhe,ibingadlalisi,morphological,class5_singular,0.305064,0.443039,Both
"elihlaza,",eselidlalwe,random_unrelated,,0.401016,0.30061,Both
uzobe,usbahle.,morphological,class11,0.330699,0.45842,Both
aseqalile,kanolwandle,random_unrelated,,0.406065,0.303639,Both
udumo,"usuxoshiwe,""",morphological,class11,0.468125,0.540875,Both
kwabantu,nokusekelana,cooccurrence,freq=4,0.402783,0.46167,Both
inja,izilwane,semantic_within,animals,0.353394,0.512036,Both
"starr,",base-afrika,random_unrelated,,0.338467,0.26308,Both
kwezitshalo.,zingena,random_unrelated,,0.296486,0.237892,Both
izinkomo,inkantolo,semantic_across,animals_vs_police_law,0.322093,0.313256,Both
844),nokubambisana,cooccurrence,freq=2,0.732668,0.659601,Both
engenayo,zivale,random_unrelated,,0.25259,0.211554,Both
ihhashi,"ibhethri,",morphological,class5_singular,0.493625,0.556175,Both
wayalela,yayibonakala,random_unrelated,,0.289486,0.233692,Both
umfundi,isivivinyo,semantic_within,education,0.561643,0.636986,Both
usiyabonga,uvakashela,morphological,class11,0.113258,0.327955,Both
445),bewenza,random_unrelated,,0.402758,0.301655,Both
umhlabathi,"umfundi,",morphological,class1_singular,0.283498,0.430099,Both
amaningi,baxoxa,cooccurrence,freq=2,0.319622,0.411773,Both
elalelayo,kukathabani,cooccurrence,freq=2,0.482008,0.509205,Both
avulekile.,lomndeni,cooccurrence,freq=2,0.359843,0.435906,Both
"sasedanganya,","wakwagumede,",cooccurrence,freq=2,0.717439,0.650463,Both
omunye,uminnie,cooccurrence,freq=2,0.264511,0.378706,Both
efanele,izilwane,cooccurrence,freq=2,0.397297,0.458378,Both
"ukuqonda,",ukuhlanzeka,morphological,class15_infinitive,0.45056,0.530336,Both
yokuvimbela,umsiza,random_unrelated,,0.288474,0.233084,Both
esibhalwe,bangene,random_unrelated,,0.320256,0.252154,Both
ibhotela,ikhukhamba,semantic_within,food,0.264209,0.458525,Both
abaku-matric,abangasenayo,morphological,class2_plural,0.48306,0.549836,Both
kulokhu.,"emagatsheni,",random_unrelated,,0.29047,0.234282,Both
house,kakhulu,cooccurrence,freq=2,0.302073,0.401244,Both
ukhiphe,ukunakekela,morphological,class15_infinitive,0.292433,0.43546,Both
ubambisane,uhlolele,morphological,class11,0.321996,0.453197,Both
nomphakathi,kusatshiswa,random_unrelated,,0.174003,0.164402,Both
iwuhambo,idlula,morphological,class5_singular,0.243072,0.405843,Both
lokubulala,wakuveza,cooccurrence,freq=2,0.50042,0.520252,Both
“yilokho,babheke,random_unrelated,,0.317225,0.250335,Both
ukhuni,umfula,semantic_within,nature,0.318481,0.491089,Both
"uthando,","zebhayibheli,",cooccurrence,freq=8,0.578793,0.567276,Both
izikhulu,zakhona,cooccurrence,freq=2,0.394319,0.456592,Both
abeza,nomoya.,random_unrelated,,0.275527,0.225316,Both
"ngayo,",okungalungile,cooccurrence,freq=2,0.496281,0.517768,Both
"ibhethri,",kumakhenikha,cooccurrence,freq=2,0.671478,0.622887,Both
isilonda,isigameko,morphological,class7_singular,0.618192,0.630915,Both
ukhuni,izintaba,semantic_within,nature,0.252865,0.451719,Both
ukhuni,ulwandle,semantic_within,nature,0.38412,0.530472,Both
imifino,isitsha,semantic_within,food,0.417229,0.550337,Both
ubisi,ukuphuza,semantic_within,food,0.440771,0.564463,Both
"wyatt,","ngokuqonda,",random_unrelated,,0.186653,0.171992,Both
uhlala,udangele,morphological,class11,0.259437,0.415662,Both
asheshiswe,ngendlela,cooccurrence,freq=2,0.310427,0.406256,Both
"sekowe,",ngizama,random_unrelated,,0.349445,0.269667,Both
esikhulu,ngokushesha,cooccurrence,freq=2,0.261079,0.376647,Both
udabuka,uramagwede.,morphological,class11,0.304202,0.442521,Both
ezingamanani,ngokuzimisela,random_unrelated,,0.236358,0.201815,Both
zesayensi,nesiqhubeka,random_unrelated,,0.268017,0.22081,Both
"ngamanzi,",zokuhlinzeka,cooccurrence,freq=4,0.467591,0.500555,Both
ayiphelele,kodwa,cooccurrence,freq=2,0.294679,0.396807,Both
izikhwama,464),random_unrelated,,0.350977,0.270586,Both
ayikathuthuki,ngomlomo,random_unrelated,,0.36655,0.27993,Both
baholi,ngenxa,cooccurrence,freq=2,0.293862,0.396317,Both
ayikaziwa,nini,cooccurrence,freq=2,0.448821,0.489292,Both
okuqale,ngenhlanhla,random_unrelated,,0.335437,0.261262,Both
abahamba,ngenyanga,random_unrelated,,0.248144,0.208887,Both
"yasentuzuma,",izivivinyo.,random_unrelated,,0.347125,0.268275,Both
nenkosi,yamagcokama,cooccurrence,freq=2,0.619303,0.591582,Both
ihloniphe.,ibantu,morphological,class5_singular,0.182376,0.369426,Both
u-advocate,"ubumningi,",morphological,class11,0.28709,0.432254,Both
ikhona,ilondolozeke,morphological,class5_singular,0.339239,0.463543,Both
inethi,we-eff,random_unrelated,,0.325861,0.255517,Both
iselula,isitebhisi,morphological,class7_singular,0.353931,0.472359,Both
ijabule,iphumule,morphological,class5_singular,0.556485,0.593891,Both
enyakatho,esest,cooccurrence,freq=2,0.619535,0.591721,Both
eziyisisekelo.,ukuze,cooccurrence,freq=2,0.33869,0.423214,Both
khumu,"beach,",random_unrelated,,0.498848,0.359309,Both
ama-albhamu,amakhala,morphological,class6_plural,0.391304,0.494782,Both
okwamanje,yezindlela,cooccurrence,freq=2,0.392578,0.455547,Both
inhlanhla,inenjini,morphological,class9_singular,0.237994,0.402797,Both
abangemthetho.,"abaphambili,",morphological,class2_plural,0.475758,0.545455,Both
"amadala,","engu-12,",random_unrelated,,0.207929,0.184757,Both
ubumqoka,uchilize,morphological,class11,0.387555,0.492533,Both
"kuhulumeni,",ukuthi,cooccurrence,freq=4,0.204076,0.342445,Both
phambi,uthisha,cooccurrence,freq=2,0.370406,0.442243,Both
indoda,abantu,semantic_within,family,0.332198,0.499319,Both
ekutheni,ngoma,cooccurrence,freq=2,0.19943,0.339658,Both
"ubuntu,","usolwazi,",morphological,class11,0.368911,0.481347,Both
sisebenza,uma,cooccurrence,freq=2,0.263985,0.378391,Both
ikhukhamba,indishi,semantic_within,food,0.391877,0.535126,Both
okulesi,sikole,cooccurrence,freq=2,0.566292,0.559775,Both
ungakhathazekile,ulozolo,morphological,class11,0.355135,0.473081,Both
uhambisa,usizwe,morphological,class11,0.32159,0.452954,Both
kwimaths,irugged,random_unrelated,,0.452732,0.331639,Both
amaphoyisa,abasolwa,semantic_within,police_law,0.567371,0.640423,Both
amasiko,ubuntu,semantic_within,culture,0.416162,0.549697,Both
emakhaya,labo,cooccurrence,freq=4,0.35144,0.430864,Both
pop,umculi,cooccurrence,freq=2,0.655757,0.613454,Both
706),osemusha,random_unrelated,,0.288311,0.232987,Both
zokusekela,unekhamera,random_unrelated,,0.180157,0.168094,Both
wetland,senkingeni,random_unrelated,,0.428838,0.317303,Both
ehlathini,eyisiqiwi,cooccurrence,freq=4,0.564947,0.558968,Both
ngojuni,nomunye,cooccurrence,freq=2,0.286503,0.391902,Both
ugatsheni.,udj,morphological,class11,0.406455,0.503873,Both
angu-165kw,ingud'.,random_unrelated,,0.560507,0.396304,Both
amandla,lokhu,cooccurrence,freq=2,0.223555,0.354133,Both
ukukhulekela,ukushayela,morphological,class15_infinitive,0.35967,0.475802,Both
iqhubekisele,ilambile,morphological,class5_singular,0.412939,0.507763,Both
indiza,itekisi,semantic_within,transport,0.363246,0.517948,Both
uphiwe,ubukade,morphological,class11,0.454628,0.532777,Both
kuma-quarterfinal,ubezomthumelela,random_unrelated,,0.411349,0.306809,Both
ukufukula,"ukubhukuda,",morphological,class15_infinitive,0.493684,0.55621,Both
"ukubambisana,",ukungaqondani.,morphological,class15_infinitive,0.310231,0.446138,Both
izinguquko,kodwa,cooccurrence,freq=2,0.285426,0.391255,Both
ibingadlalisi,"iqembu,",morphological,class5_singular,0.594282,0.616569,Both
isinkwa,amazambane,semantic_within,food,0.399893,0.539936,Both
babukela,"izinyoni,",cooccurrence,freq=4,0.490617,0.51437,Both
umhlengikazi,isifo,semantic_within,health,0.374174,0.524504,Both
asifuni,nangokukhathalela.,random_unrelated,,0.354596,0.272758,Both
umrepha,umbhalo,semantic_within,music,0.516421,0.609852,Both
indawo,ngezindaba,cooccurrence,freq=4,0.317876,0.410726,Both
ozikhiqizele,wumuntu,random_unrelated,,0.361238,0.276743,Both
"ezomkhathi,",wami.,random_unrelated,,0.353297,0.271978,Both
abasalele,sezimvula.,cooccurrence,freq=2,0.442112,0.485267,Both
osayizi,“kuzoba,random_unrelated,,0.321928,0.253157,Both
u-2019.,uqala,morphological,class11,0.412018,0.507211,Both
466),kwezinsuku,cooccurrence,freq=2,0.789086,0.693451,Both
786),nawo,random_unrelated,,0.315238,0.249143,Both
ogwini,iwuhlelo,random_unrelated,,0.301606,0.240964,Both
icala.,itekisi,morphological,class5_singular,0.363272,0.477963,Both
uhuru,uxhaso.,morphological,class11,0.494956,0.556973,Both
unomphela,uxoshwa,morphological,class11,0.319563,0.451738,Both
lona,okulindeleke,cooccurrence,freq=2,0.448773,0.489264,Both
usebheke,uzixine,morphological,class11,0.54525,0.58715,Both
bayazijabulela,kanye,cooccurrence,freq=2,0.289482,0.393689,Both
s.,yakwamanye,random_unrelated,,0.490383,0.35423,Both
ezinamatshe.,809),random_unrelated,,0.344525,0.266715,Both
ukungcola.,ukuphefumula,morphological,class15_infinitive,0.465493,0.539296,Both
akudingi,uthe,cooccurrence,freq=2,0.345949,0.427569,Both
kwazo,yawo,cooccurrence,freq=36,0.304063,0.402438,Both
iqhaza,iqhubeka,morphological,class5_singular,0.368336,0.481002,Both
uyogubha,uzilolonge,morphological,class11,0.352248,0.471349,Both
izinkundla,izikhukhula,morphological,class8_plural,0.438817,0.52329,Both
nesikhalazo,672),random_unrelated,,0.318516,0.25111,Both
ukuxoveka,ukulekelela,morphological,class15_infinitive,0.467433,0.54046,Both
basolwa,entsheni,random_unrelated,,0.2778,0.22668,Both
ubona,ucic,morphological,class11,0.283846,0.430307,Both
inyoni,izilwane,semantic_within,animals,0.487446,0.592467,Both
ekwenzeni,ukushayela,cooccurrence,freq=2,0.416204,0.469722,Both
zethu,le-eff,random_unrelated,,0.221529,0.192917,Both
bayayichitha,ayilungile,random_unrelated,,0.396949,0.298169,Both
amagagasi,amadala,morphological,class6_plural,0.50901,0.565406,Both
usale,uyayemukela,morphological,class11,0.416415,0.509849,Both
ezinto,ofuna,cooccurrence,freq=2,0.270614,0.382368,Both
abanezinkinga,ababengobhongoza,morphological,class2_plural,0.444632,0.526779,Both
bakhuthazwa,u-r30,random_unrelated,,0.210788,0.186473,Both
uthatha,ungadli,morphological,class11,0.217676,0.390606,Both
uphumlani,ugqama,morphological,class11,0.433302,0.519981,Both
"""ayilungiswe",lokho,cooccurrence,freq=2,0.298399,0.39904,Both
"ukunikela,",ukufuya,morphological,class15_infinitive,0.523492,0.574095,Both
iyakwazi,ikwenza,morphological,class5_singular,0.214103,0.388462,Both
imibhikisho,wemali,random_unrelated,,0.358786,0.275272,Both
impilo,"imali,",morphological,class9_singular,0.315787,0.449472,Both
"u-amandlenkosi,",ububele.,morphological,class11,0.297746,0.438648,Both
ibhekise,ithembekile,morphological,class5_singular,0.479778,0.547867,Both
izandla,zokunakekela,cooccurrence,freq=2,0.35882,0.435292,Both
ngihlala,"esicongweni,",random_unrelated,,0.278636,0.227182,Both
womphakathi,lihlehliselwe,random_unrelated,,0.281807,0.229084,Both
imbuso,imeya,morphological,class9_singular,0.629583,0.63775,Both
behlangene,"city,",random_unrelated,,0.333608,0.260165,Both
ukufunda,isivivinyo,semantic_within,education,0.329358,0.497615,Both
empumelelweni.,umndeni,random_unrelated,,0.28013,0.228078,Both
kugcine,okwenza,cooccurrence,freq=2,0.324062,0.414437,Both
amasheya,amasiko,semantic_across,money_vs_culture,0.497423,0.418454,Both
unxuse,zikhona,cooccurrence,freq=4,0.326296,0.415777,Both
abantu,edolobheni.,cooccurrence,freq=2,0.304512,0.402707,Both
uyedlulela,uzwe,morphological,class11,0.168964,0.361379,Both
nokungezinye,yokungakwazi,random_unrelated,,0.490865,0.354519,Both
thixo,781),random_unrelated,,0.458778,0.335267,Both
uzelule,mathupha,random_unrelated,,0.269734,0.22184,Both
ukhuni,amanzi,semantic_within,nature,0.271445,0.462867,Both
yohlelo,engasilethanga,random_unrelated,,0.418765,0.311259,Both
lokufunda.,ngehluka,random_unrelated,,0.30292,0.241752,Both
ye-innobiz,lokuphasa,random_unrelated,,0.535286,0.381172,Both
nesazi,ngasemkhambathini.,random_unrelated,,0.370085,0.282051,Both
i-21st,iligi.,morphological,class5_singular,0.470552,0.542331,Both
ibhotela,amazambane,semantic_within,food,0.363932,0.518359,Both
ingoma,umculi,semantic_within,music,0.437417,0.56245,Both
asidlaleli,iyishiya,random_unrelated,,0.454461,0.332676,Both
ubonane,unzama,morphological,class11,0.379786,0.487872,Both
imiklomelo,nakuba,cooccurrence,freq=2,0.419163,0.471498,Both
ukubamba,yezokungcebeleka,cooccurrence,freq=2,0.318548,0.411129,Both
futhi,sigxila,cooccurrence,freq=2,0.158155,0.314893,Both
umfana,umdlalo,semantic_across,family_vs_sport,0.302508,0.301505,Both
ekukhiqizeni,ikhwalithi,cooccurrence,freq=10,0.603902,0.582341,Both
"ku-r850,",bakhiphe,random_unrelated,,0.301136,0.240682,Both
zihlanganisa,nasekilasini,random_unrelated,,0.375586,0.285352,Both
kuba,nokuthi,cooccurrence,freq=4,0.189611,0.333767,Both
ngingangabazi,sime,cooccurrence,freq=2,0.455309,0.493186,Both
esuranaree,of,cooccurrence,freq=2,0.691455,0.634873,Both
"isinqumo,",isekhona,morphological,class7_singular,0.359108,0.475465,Both
unalo,"u-anthony,",morphological,class11,0.511243,0.566746,Both
akhuluphale,qala,random_unrelated,,0.323127,0.253876,Both
ebalulekile.,sezincwadi.,cooccurrence,freq=2,0.422384,0.47343,Both
elikhulu,waveza,cooccurrence,freq=2,0.317691,0.410615,Both
ezijulile,toyota,random_unrelated,,0.209709,0.185825,Both
kunoma,ngokunembile.,random_unrelated,,0.313279,0.247968,Both
zigayo,yase-university,random_unrelated,,0.308733,0.24524,Both
bathole,eqhele,cooccurrence,freq=2,0.428219,0.476932,Both
ukufunda,(saps),random_unrelated,,0.166336,0.159802,Both
usipho,ucabangela,morphological,class11,0.223159,0.393895,Both
kokunakekela,abazisebenzisa,random_unrelated,,0.310395,0.246237,Both
zezindaba,ongathi,random_unrelated,,0.32427,0.254562,Both
ucwaningo.,kuzosindisa,random_unrelated,,0.299643,0.239786,Both
useqashe,usimame,morphological,class11,0.593127,0.615876,Both
azoyikhipha,eseqopha,cooccurrence,freq=2,0.762855,0.677713,Both
izidingo,izinombolo,morphological,class8_plural,0.377064,0.486238,Both
ibe-sporty.,"ibhola,",morphological,class5_singular,0.402852,0.501711,Both
uxaba,cebisile,random_unrelated,,0.382286,0.289372,Both
"ukubekezelelana,","ukunakekela,",morphological,class15_infinitive,0.566287,0.599772,Both
elisethimbeni,izikhwama,random_unrelated,,0.461902,0.337141,Both
esizayo,nomarco,random_unrelated,,0.214602,0.188761,Both
sedatha,mbangwa,random_unrelated,,0.327776,0.256666,Both
"uramaphosa,",usimame,morphological,class11,0.449404,0.529642,Both
izincwadi,ukufunda,cooccurrence,freq=28,0.422667,0.4736,Both
kakhulu,of,cooccurrence,freq=4,0.202133,0.34128,Both
i-kwaito,ikhanya.,morphological,class5_singular,0.30303,0.441818,Both
ozayo,uukuthi,cooccurrence,freq=2,0.425619,0.475371,Both
ukuqonda,ukuzibalekela,morphological,class15_infinitive,0.424688,0.514813,Both
ukubika,ukungahloniphi,morphological,class15_infinitive,0.479593,0.547756,Both
angamalungu,ongomunye,random_unrelated,,0.247414,0.208449,Both
kudinga,zezindlu,random_unrelated,,0.300962,0.240577,Both
i-addington,primary,cooccurrence,freq=2,0.649897,0.609938,Both
kahle,njengoba,cooccurrence,freq=4,0.201004,0.340603,Both
nezintatheli.,"zulu""",random_unrelated,,0.273059,0.223836,Both
uhambo,idola,semantic_across,transport_vs_money,0.196445,0.237867,Both
ababekhona,209),random_unrelated,,0.249405,0.209643,Both
"hotel,",abasolwa,random_unrelated,,0.275161,0.225097,Both
sebezibonela,siphumelela,random_unrelated,,0.473638,0.344183,Both
"kokudubulana,",waze,random_unrelated,,0.362284,0.27737,Both
usipho,uchaze,morphological,class11,0.19949,0.379694,Both
"ngiyazifela,",iletha,random_unrelated,,0.151917,0.15115,Both
gcwalisa,yokuzishayela,random_unrelated,,0.404963,0.302978,Both
abantwana,amagama,cooccurrence,freq=2,0.367989,0.440794,Both
ezinhle,kwamashumi,random_unrelated,,0.231368,0.198821,Both
iwuhambo,igijime,morphological,class5_singular,0.306875,0.444125,Both
uqhele,usalinde,morphological,class11,0.451625,0.530975,Both
"ngo-2007,",ukuziphilisa,cooccurrence,freq=2,0.435175,0.481105,Both
ukuqoqa,ukulinganisela,morphological,class15_infinitive,0.413635,0.508181,Both
"ezihlahleni,",uphephula,cooccurrence,freq=4,0.547783,0.54867,Both
wapaka,sezimvula.,random_unrelated,,0.346943,0.268166,Both
51(2),ukukhulisa,random_unrelated,,0.184537,0.170722,Both
izotholana,wawaphika.,random_unrelated,,0.420228,0.312137,Both
ngingasakwazi,"centre,",random_unrelated,,0.168884,0.16133,Both
"lokubekezelelana,",umfana,cooccurrence,freq=4,0.44306,0.485836,Both
uthenge,uzisayinele,morphological,class11,0.46028,0.536168,Both
lechiefs,lishaywe,cooccurrence,freq=2,0.591804,0.575083,Both
ihlathi,izintaba,semantic_within,nature,0.530713,0.618428,Both
ibibukeka,enomdlandla,random_unrelated,,0.211368,0.186821,Both
inkosi,uhulumeni,semantic_within,government,0.153498,0.392099,Both
yemigomo,izimpendulo,random_unrelated,,0.369661,0.281797,Both
uhulumeni,indlovukazi,semantic_within,government,0.344804,0.506883,Both
babekezele,ngoba,cooccurrence,freq=4,0.401358,0.460815,Both
somsebenzi,umufi,cooccurrence,freq=2,0.401214,0.460729,Both
sefacilities,lwezifundo,random_unrelated,,0.396075,0.297645,Both
usiza,uyokwenza,morphological,class11,0.365013,0.479008,Both
usebenza,ugubha,morphological,class11,0.21385,0.38831,Both
izingane,"kwamahlamvu,",cooccurrence,freq=4,0.314269,0.408562,Both
886),imiphumela,random_unrelated,,0.398157,0.298894,Both
izimpawu,izigameko,morphological,class8_plural,0.49414,0.556484,Both
ukudlala,okuqaphelekayo,random_unrelated,,0.242083,0.20525,Both
"marathon,",210),random_unrelated,,0.498211,0.358927,Both
ukungawi.,ukuzofunda,morphological,class15_infinitive,0.441138,0.524683,Both
umhlengikazi,ukugula,semantic_within,health,0.342484,0.50549,Both
kwa-34,275),random_unrelated,,0.327646,0.256587,Both
bajoyine,sekungumlando,cooccurrence,freq=2,0.635144,0.601086,Both
cross,"manager,",cooccurrence,freq=2,0.513603,0.528162,Both
lami,ufundisa,random_unrelated,,0.294087,0.236452,Both
gwala,mncwabe,cooccurrence,freq=2,0.546598,0.547959,Both
imoto,yakhe,cooccurrence,freq=20,0.393997,0.456398,Both
abaqondayo,ukuze,cooccurrence,freq=2,0.410751,0.466451,Both
i-benny,imi,morphological,class5_singular,0.368298,0.480979,Both
kunomthelela,obesethala,random_unrelated,,0.328078,0.256847,Both
bayamjabulisa,emcimbini,cooccurrence,freq=6,0.527199,0.536319,Both
nangokunaka,wayo,cooccurrence,freq=2,0.389196,0.453517,Both
ubunzima,ubeast,morphological,class11,0.295019,0.437011,Both
ubisi,indishi,semantic_within,food,0.574831,0.644899,Both
ze-bcom,amaphenathi,random_unrelated,,0.324924,0.254954,Both
ihlosi,izinkomo,semantic_within,animals,0.488064,0.592838,Both
olungisize,ezibukhoma.,random_unrelated,,0.355908,0.273545,Both
elingcono,494),random_unrelated,,0.501149,0.36069,Both
ugelezela,utshala,morphological,class11,0.535868,0.581521,Both
ukulungiselela,ukwanda,morphological,class15_infinitive,0.254028,0.412417,Both
futhi,umdlalo,cooccurrence,freq=2,0.165392,0.319235,Both
abalandeli,abashoda,morphological,class2_plural,0.532141,0.579285,Both
wamukiswa,188),random_unrelated,,0.334139,0.260483,Both
izithombe.,wukuzibophezela,random_unrelated,,0.361909,0.277146,Both
ngesikhathi,uzame,cooccurrence,freq=2,0.338037,0.422822,Both
ngagcina,uzama,random_unrelated,,0.325209,0.255125,Both
itheku,ikhaya,semantic_within,places,0.392535,0.535521,Both
kwazise,ubunzima,cooccurrence,freq=2,0.30955,0.40573,Both
yinkulisa,940),random_unrelated,,0.359351,0.275611,Both
obona,zithokozile,random_unrelated,,0.340408,0.264245,Both
ukubhekana,ukubalwa,morphological,class15_infinitive,0.398183,0.49891,Both
uluntu,untuli,morphological,class11,0.366223,0.479734,Both
abalimi,bayakwazi,cooccurrence,freq=2,0.408897,0.465338,Both
ukuba,zokukhuthaza,cooccurrence,freq=10,0.374677,0.444806,Both
okubhekwe,usipho,cooccurrence,freq=2,0.316424,0.409854,Both
upheka,ungaqhubekela,morphological,class11,0.372402,0.483441,Both
uzoqala,ubuyise,morphological,class11,0.397415,0.498449,Both
ikhuluma,ukuzisola,cooccurrence,freq=2,0.363958,0.438375,Both
ngemuva,omkhulu.,cooccurrence,freq=2,0.295468,0.397281,Both
nabadala,zokuhlela,cooccurrence,freq=2,0.497007,0.518204,Both
ukuhambisana,ngobunyoninco,random_unrelated,,0.141942,0.145165,Both
uzophawula,uflavio,morphological,class11,0.569779,0.601867,Both
abangemthetho,akubhalwanga,random_unrelated,,0.420106,0.312064,Both
abathenjwayo,ababoshwe,morphological,class2_plural,0.547563,0.588538,Both
ecaf,eyi-four,random_unrelated,,0.547054,0.388232,Both
nasemindenini,besanda,random_unrelated,,0.325784,0.255471,Both
lilungele,"eklasini,",random_unrelated,,0.365215,0.279129,Both
ugesi,unolwandle,morphological,class11,0.382256,0.489353,Both
amaphilisi,amakhompiyutha,morphological,class6_plural,0.591129,0.614677,Both
"ngaphakathi,",yasebaqulusini,random_unrelated,,0.150793,0.150476,Both
ubuhlungu,uzobusebenzisa,morphological,class11,0.397923,0.498754,Both
ukunisela,ukujabulisa,morphological,class15_infinitive,0.264761,0.418857,Both
izindlulamithi,izinhlobo.,morphological,class8_plural,0.525191,0.575115,Both
"usithole,",uyindlela,morphological,class11,0.135737,0.341442,Both
ayikathuthuki,engenakulinganiswa,random_unrelated,,0.271909,0.223146,Both
umrepha,abasolwa,semantic_across,music_vs_police_law,0.225788,0.255473,Both
usephonsele,udj,random_unrelated,,0.521365,0.372819,Both
babo,wokwethulwa,cooccurrence,freq=2,0.355575,0.433345,Both
bokuzihlupha,bambona,random_unrelated,,0.416751,0.310051,Both
iphezulu,icorolla,morphological,class5_singular,0.396717,0.49803,Both
sengigxila,zomkhakha,cooccurrence,freq=2,0.512838,0.527703,Both
ephezulu,ubuhle,cooccurrence,freq=40,0.372603,0.443562,Both
isizwe,ukugula,semantic_across,government_vs_health,0.261354,0.276812,Both
kodwa,"nayo,",cooccurrence,freq=2,0.284283,0.39057,Both
lwezinkanyezi,zibonakala,random_unrelated,,0.357943,0.274766,Both
iqembu,ijabule,morphological,class5_singular,0.295936,0.437561,Both
nemthetho,51),random_unrelated,,0.273133,0.22388,Both
abahlengikazi,ababanawo,morphological,class2_plural,0.544797,0.586878,Both
uneziqu,uhloniphe,morphological,class11,0.231992,0.399195,Both
ihambisana,"ikhefu,",morphological,class5_singular,0.284386,0.430632,Both
eminyakeni,kanye,cooccurrence,freq=2,0.22315,0.35389,Both
sayo,amaled,random_unrelated,,0.246209,0.207726,Both
ukuzilungiselela,ukuphrinta,morphological,class15_infinitive,0.417123,0.510274,Both
eliphezulu,lempumelelo.,cooccurrence,freq=2,0.349822,0.429893,Both
ngobuqotho,nokuhola,cooccurrence,freq=2,0.363954,0.438372,Both
abafundi,ebholeni,cooccurrence,freq=4,0.304376,0.402626,Both
ziwamaketha,umkhandi,random_unrelated,,0.447781,0.328669,Both
ilokishi,ikhaya,semantic_within,places,0.433352,0.560011,Both
ngokugeza,belinye,random_unrelated,,0.261049,0.216629,Both
babone,ngaphandle,cooccurrence,freq=2,0.251962,0.371177,Both
"ngubane,",470),random_unrelated,,0.284056,0.230434,Both
ngenkathi,ukuphepha.,cooccurrence,freq=2,0.208856,0.345314,Both
ibibukeka,"i-mathemetics,",morphological,class5_singular,0.409087,0.505452,Both
efihlakele,"kulo,",random_unrelated,,0.225842,0.195505,Both
897),530),random_unrelated,,0.990059,0.654036,Both
nangokuzola.,engiqaphele,random_unrelated,,0.323311,0.253986,Both
semikhankaso.,owesifazane,random_unrelated,,0.185906,0.171544,Both
ibhotela,imali,semantic_across,food_vs_money,0.170241,0.222144,Both
usenona,ubuzwe,morphological,class11,0.597575,0.618545,Both
amazambane,indishi,semantic_within,food,0.354705,0.512823,Both
ezongenzela,ukuthi,cooccurrence,freq=2,0.283689,0.390213,Both
izimfundiso,izokhishwa,morphological,class8_plural,0.119349,0.331609,Both
ingane,mfowethu,semantic_within,family,0.430488,0.558293,Both
lathi,nezinhlekelele.,random_unrelated,,0.225237,0.195142,Both
izidleke,izinkulungwane,morphological,class8_plural,0.490724,0.554434,Both
ukuhambisana,ukucebisa,morphological,class15_infinitive,0.394567,0.49674,Both
iyabonga,ihlolwe.,morphological,class5_singular,0.353944,0.472366,Both
ubuntu,u-zero,morphological,class11,0.415142,0.509085,Both
ukubamba,ababanawo,random_unrelated,,0.084456,0.110673,Both
ukuyokwenza,ukhwele,morphological,class15_infinitive,0.291295,0.434777,Both
abakwasamro,abathumelele,morphological,class2_plural,0.542275,0.585365,Both
ziqine,isikweletu,random_unrelated,,0.235119,0.201071,Both
unyaka,usala,morphological,class11,0.343834,0.4663,Both
kungafanele,"igazi,",random_unrelated,,0.149342,0.149605,Both
sihlangene,ngokukhululeka,random_unrelated,,0.294735,0.236841,Both
(isisho,597),cooccurrence,freq=2,0.817491,0.710495,Both
ejulile.,nogazi,random_unrelated,,0.212114,0.187268,Both
ikati,izilwane,semantic_within,animals,0.379209,0.527526,Both
igcina,iphuza,morphological,class5_singular,0.34796,0.468776,Both
"ukuzithenga,",ukuyohlolwa,morphological,class15_infinitive,0.428501,0.517101,Both
ufundisa,uyazi,morphological,class11,0.314958,0.448975,Both
ukuhamba,ezikhulisa,random_unrelated,,0.265782,0.219469,Both
sokukhula.,yabazali.,random_unrelated,,0.318411,0.251047,Both
isifo,icala,semantic_across,health_vs_police_law,0.265115,0.279069,Both
idatha,nehlukahlukene,cooccurrence,freq=2,0.44261,0.485566,Both
indoda,umuntu,semantic_within,family,0.233514,0.440108,Both
ungakanani,ubungayi,morphological,class11,0.452955,0.531773,Both
ihehe,iwunqobe,morphological,class5_singular,0.513666,0.568199,Both
amabhizinisi.,uzobhekisa,random_unrelated,,0.41851,0.311106,Both
ikati,izinkomo,semantic_within,animals,0.428228,0.556937,Both
isimo.,wabanga,random_unrelated,,0.229084,0.19745,Both
uphephula,uzokwazi,morphological,class11,0.32458,0.454748,Both
indishi,ihhotela,semantic_across,food_vs_places,0.424553,0.374732,Both
ukukhanya,ukugadlana,morphological,class15_infinitive,0.534786,0.580871,Both
inyuvesi,ukufunda,semantic_within,education,0.35457,0.512742,Both
ehlathini.,lincane,cooccurrence,freq=4,0.451021,0.490613,Both
emsebenzini,okuthi,cooccurrence,freq=2,0.183185,0.329911,Both
isithenjwa,abashisayo.,random_unrelated,,0.410692,0.306415,Both
ikhiphe,iveze,morphological,class5_singular,0.321707,0.453024,Both
zezilimo,nokuthenga,random_unrelated,,0.352631,0.271579,Both
kwemizuzwana,lungashabalali,random_unrelated,,0.321955,0.253173,Both
lesikhashana,abawu-88.,random_unrelated,,0.416215,0.309729,Both
athole,iqembu,cooccurrence,freq=2,0.337868,0.422721,Both
idolobha,kubuye,random_unrelated,,0.213696,0.188217,Both
amanani,endabuko,cooccurrence,freq=10,0.461512,0.496907,Both
uqonde,"ubudokotela,",morphological,class11,0.33012,0.458072,Both
ebantwini,esisenzweni,random_unrelated,,0.337957,0.262774,Both
amabhizinisi,uthe,cooccurrence,freq=2,0.243055,0.365833,Both
izokhula,izingxabano.,morphological,class8_plural,0.360024,0.476015,Both
ukuzilolonga,ukukhokha,morphological,class15_infinitive,0.39205,0.49523,Both
lenkohlakalo,yimaphi,random_unrelated,,0.266833,0.2201,Both
izinkomo,izimvu,semantic_within,animals,0.67465,0.70479,Both
"elide,",amazambane,random_unrelated,,0.423457,0.314074,Both
izimpendulo,iziyalo,morphological,class8_plural,0.537038,0.582223,Both
esizomvumela,95),random_unrelated,,0.325991,0.255594,Both
isivivinyo,umtapo,semantic_within,education,0.524532,0.614719,Both
ukufunda,umtapo,semantic_within,education,0.318555,0.491133,Both
yimagesi,writing,random_unrelated,,0.558459,0.395075,Both
izikhathi,ngendlela,cooccurrence,freq=4,0.272677,0.383606,Both
afike,sokuba,cooccurrence,freq=2,0.506741,0.524045,Both
kwenzeke,lula,cooccurrence,freq=2,0.348573,0.429144,Both
ezinobulungiswa,nokwenza,cooccurrence,freq=2,0.429311,0.477587,Both
"ngo-2000,",basalinde,random_unrelated,,0.337211,0.262327,Both
bagcine,procurement,random_unrelated,,0.288302,0.232981,Both
uzophawula,u-r230,morphological,class11,0.655706,0.653423,Both
indlela,ngalesi,cooccurrence,freq=2,0.3205,0.4123,Both
kube,wakho,cooccurrence,freq=4,0.153907,0.312344,Both
ifundwa,ibilokhu,morphological,class5_singular,0.351714,0.471029,Both
idolobha,itheku,semantic_within,places,0.656907,0.694144,Both
sehlobo.,sigomele,random_unrelated,,0.493791,0.356275,Both
uviggy,uthandana,morphological,class11,0.390076,0.494046,Both
"bomakhelwane,",nginentshisekelo,random_unrelated,,0.282425,0.229455,Both
lula,zamabhasi,cooccurrence,freq=2,0.46639,0.499834,Both
uhlale,ushelela,morphological,class11,0.253392,0.412035,Both
bekuqonda,itheku,cooccurrence,freq=2,0.405189,0.463113,Both
omhlaba,yosomabhizinisi,cooccurrence,freq=2,0.407122,0.464273,Both
97),n4,random_unrelated,,0.614203,0.428522,Both
kwa-34,ekuphi,random_unrelated,,0.204287,0.182572,Both
yokwelapha,kwaqala,random_unrelated,,0.354179,0.272508,Both
kwezemidlalo,owexwayisa,random_unrelated,,0.271551,0.22293,Both
ukuze,wumoya,cooccurrence,freq=2,0.233548,0.360129,Both
ikhwaya,umbhalo,semantic_within,music,0.572464,0.643479,Both
naye.,iligi.,random_unrelated,,0.443509,0.326105,Both
891),kusebenza,random_unrelated,,0.293035,0.235821,Both
kuzobathatha,ukuzibonakalisa,cooccurrence,freq=2,0.409754,0.465852,Both
ugesi,ukuthungwa,random_unrelated,,0.335712,0.261427,Both
njalo,"ukubekezela,",cooccurrence,freq=2,0.364604,0.438762,Both
150),ngokumenze,random_unrelated,,0.250546,0.210327,Both
izilwane,izimvu,semantic_within,animals,0.508291,0.604975,Both
ewu-15,iminyaka,cooccurrence,freq=2,0.625844,0.595506,Both
ungisize,namanye,random_unrelated,,0.194432,0.176659,Both
komunye,yansuku,cooccurrence,freq=4,0.387007,0.452204,Both
zazenziwa,zenziwa,cooccurrence,freq=2,0.950059,0.790035,Both
sengiwusomabhizinisi.,ucele,random_unrelated,,0.22175,0.19305,Both
"izinyoni,",izifundela,morphological,class8_plural,0.389902,0.493941,Both
"culo,",ezifweni,random_unrelated,,0.21721,0.190326,Both
lezi,asazi,random_unrelated,,0.475231,0.345139,Both
lemoto,partners,random_unrelated,,0.346611,0.267967,Both
ekuqinisekiseni,kuyasiza,cooccurrence,freq=2,0.489396,0.513638,Both
usuvuleke,uphumlani,morphological,class11,0.383309,0.489985,Both
ikakhulu,ikhula,morphological,class5_singular,0.414335,0.508601,Both
izimo,izinyembezi,morphological,class8_plural,0.528481,0.577089,Both
ubig,"uphephile,akulimali",morphological,class11,0.398864,0.499319,Both
izethulo,ngezithako,random_unrelated,,0.278911,0.227347,Both
isiyalo,isinqunywe,morphological,class7_singular,0.577538,0.606523,Both
umtapo,isibhamu,semantic_across,education_vs_police_law,0.357339,0.334403,Both
lizizwe,ukufudumala,cooccurrence,freq=2,0.529015,0.537409,Both
ngamazwe,angayiwinisa,random_unrelated,,0.43806,0.322836,Both
emishadweni,zingubo,cooccurrence,freq=222,0.629853,0.597912,Both
uveze,unosipho,morphological,class11,0.20785,0.38471,Both
bafunda,emsebenzini,cooccurrence,freq=10,0.244348,0.366609,Both
nokubonga,lokufunda.,random_unrelated,,0.389371,0.293622,Both
izintaba,imvelo,semantic_within,nature,0.433407,0.560044,Both
ukungafakwa.,ukuminza,morphological,class15_infinitive,0.4851,0.55106,Both
wobumbano,"zicebile,",random_unrelated,,0.278612,0.227167,Both
ophindayo,emgwaqweni,random_unrelated,,0.310808,0.246485,Both
uphumule,asanda,random_unrelated,,0.176663,0.165998,Both
ebholeni,ngiyazi,cooccurrence,freq=2,0.286328,0.391797,Both
"ekhaya,",ukuze,cooccurrence,freq=4,0.296117,0.39767,Both
unjinji,uphethiloli,morphological,class11,0.394559,0.496735,Both
nawukuzihlupha,ngasesicongweni,random_unrelated,,0.476383,0.34583,Both
ingozi,inamandla,morphological,class9_singular,0.360296,0.476178,Both
"elidala,",wamhlithwa,random_unrelated,,0.171684,0.16301,Both
nemikhuba,usuvuleke,cooccurrence,freq=2,0.520068,0.532041,Both
elahlwa,"“nokho,",random_unrelated,,0.309781,0.245868,Both
uveze,udlondlobale,morphological,class11,0.49072,0.554432,Both
njengomfula,"ezijulile,",random_unrelated,,0.286636,0.231982,Both
kungakhathalekile,e-idols,random_unrelated,,0.164921,0.158953,Both
u-2030,"usolwazi,",morphological,class11,0.281593,0.428956,Both
ukuhlukumeza,ukucwaninga,morphological,class15_infinitive,0.476106,0.545664,Both
nelamukelekile,ngo-9,random_unrelated,,0.19027,0.174162,Both
i-ub40,wedili,cooccurrence,freq=2,0.787433,0.69246,Both
ngaphansi,siyaye,cooccurrence,freq=2,0.249124,0.369474,Both
abaphase,abakhonze,morphological,class2_plural,0.372616,0.48357,Both
868),okufunda,random_unrelated,,0.348399,0.26904,Both
ukuwenza,ukungabi,morphological,class15_infinitive,0.484123,0.550474,Both
444),zonke,cooccurrence,freq=2,0.619691,0.591815,Both
923),nokuyitulo,random_unrelated,,0.393385,0.296031,Both
"eziyisiko,",ezandla,random_unrelated,,0.371723,0.283034,Both
abangani,bathumela,cooccurrence,freq=4,0.392121,0.455272,Both
umasipala,inkohlakalo,semantic_within,government,0.412311,0.547387,Both
ikati,icountryman,morphological,class5_singular,0.355336,0.473202,Both
umandla,umbono,morphological,class1_singular,0.374206,0.484524,Both
iseneminyaka,kahle,cooccurrence,freq=2,0.250994,0.370596,Both
umculo,icwecwe,semantic_within,music,0.457822,0.574693,Both
ikhuluma,ihlolwe.,morphological,class5_singular,0.274591,0.424754,Both
ukuyithengisa,ukwelashwa,morphological,class15_infinitive,0.269154,0.421493,Both
"""wumkhakha","amaningi,",cooccurrence,freq=2,0.310742,0.406445,Both
ukuzovakasha,ukuphuma,morphological,class15_infinitive,0.271739,0.423043,Both
thembelani,"into,""",random_unrelated,,0.382765,0.289659,Both
kweyesifunda,yemantshi,cooccurrence,freq=2,0.652648,0.611589,Both
ubisi,amazambane,semantic_within,food,0.489539,0.593723,Both
we-afro,"line,",random_unrelated,,0.445349,0.327209,Both
isimangaliso,isisiza,morphological,class7_singular,0.503546,0.562128,Both
abazali,emcimbini,cooccurrence,freq=2,0.408553,0.465132,Both
kodwa,okusho,cooccurrence,freq=2,0.302763,0.401658,Both
kakhongolose.,kuhlangene,cooccurrence,freq=2,0.473632,0.504179,Both
esizeni,kanti,cooccurrence,freq=2,0.296109,0.397666,Both
ngizokwandisa,"yezepolitiki,",cooccurrence,freq=2,0.475917,0.50555,Both
ye-cholesterol,emasimini,random_unrelated,,0.248363,0.209018,Both
benze,yabo.,cooccurrence,freq=2,0.280458,0.388275,Both
ungakuthola,uyazi,morphological,class11,0.359982,0.475989,Both
ukubhala,ulwazi,semantic_within,education,0.381457,0.528874,Both
ikakhulu,iwunqobe,morphological,class5_singular,0.394684,0.496811,Both
abasolwa,isiteshi,semantic_within,police_law,0.418422,0.551053,Both
ne-chicken,kwathiwa,random_unrelated,,0.331553,0.258932,Both
"emcimbini,",omnandi,cooccurrence,freq=2,0.423467,0.47408,Both
inkampani,amasheya,semantic_within,money,0.342848,0.505709,Both
njengezimpiko,umzimba,random_unrelated,,0.354198,0.272519,Both
usebheke,unekhamera,morphological,class11,0.401308,0.500785,Both
ubaba,usebenzise,morphological,class11,0.219482,0.391689,Both
izimoto,ehlakaza,random_unrelated,,0.240258,0.204155,Both
"usengalungiseka,",bazizwe,random_unrelated,,0.218373,0.191024,Both
abanombono,abangagcini,morphological,class2_plural,0.538013,0.582808,Both
siyivuselele.,"akwadukuza,",random_unrelated,,0.299527,0.239716,Both
nezinyoni,umoya,cooccurrence,freq=2,0.431657,0.478994,Both
"lezolimo,",nokufuya,cooccurrence,freq=2,0.515219,0.529131,Both
yesizwe,empilweni.,random_unrelated,,0.187967,0.17278,Both
ukuhambisana,ukuzigqaja,morphological,class15_infinitive,0.41558,0.509348,Both
nokujabula,ungene,cooccurrence,freq=2,0.418182,0.470909,Both
ime,ithathe,morphological,class5_singular,0.352701,0.471621,Both
"nasemaharani,",lodge,random_unrelated,,0.429698,0.317819,Both
indishi,umasipala,semantic_across,food_vs_government,0.267043,0.280226,Both
emide.,imibiko,cooccurrence,freq=4,0.710217,0.64613,Both
umfula,izintaba,semantic_within,nature,0.473339,0.584003,Both
ikhukhamba,isitsha,semantic_within,food,0.383593,0.530156,Both
630),babeyigila,random_unrelated,,0.351516,0.27091,Both
ibingamgculisi,iphumele,morphological,class5_singular,0.368264,0.480959,Both
ezoyidlala,uphunyuke.,random_unrelated,,0.309139,0.245483,Both
isikole,impumelelo,semantic_within,education,0.208559,0.425136,Both
uthenga,u-major,morphological,class11,0.362565,0.477539,Both
bomphakathi,ukuze,cooccurrence,freq=8,0.289209,0.393526,Both
u-r32,uyaxolisa,morphological,class11,0.44443,0.526658,Both
endawo,kufolda.,random_unrelated,,0.33679,0.262074,Both
aqinile,"kothekwini,",random_unrelated,,0.279362,0.227617,Both
asanda,zokuhlonipha,random_unrelated,,0.24747,0.208482,Both
ekuqiniseni,"ngokugcwele,",random_unrelated,,0.148712,0.149227,Both
baxoxa,imibono,cooccurrence,freq=4,0.525615,0.535369,Both
692),wamakhosi,random_unrelated,,0.310462,0.246277,Both
isinkwa,umsakazo,semantic_across,food_vs_technology,0.396513,0.357908,Both
abaphumelela,abambe,morphological,class2_plural,0.477214,0.546328,Both
umfundisi,ummangalelwa,morphological,class1_singular,0.307234,0.44434,Both
482),yahlala,random_unrelated,,0.349151,0.26949,Both
ezihlakaniphile,futhi,cooccurrence,freq=2,0.157021,0.314213,Both
zokwenza,(rhod),random_unrelated,,0.416987,0.310192,Both
babuyela,bevela,cooccurrence,freq=2,0.723923,0.654354,Both
umasipala,ubuntu,semantic_across,government_vs_culture,0.357115,0.334269,Both
uthebe,usukume,morphological,class11,0.266231,0.419739,Both
entsha,indlu,cooccurrence,freq=4,0.353242,0.431945,Both
"uhlabisa,odabuka",ungezwa,morphological,class11,0.344319,0.466591,Both
obe,komqhudelwano,random_unrelated,,0.488798,0.353279,Both
ayithole,kodwa,cooccurrence,freq=2,0.33252,0.419512,Both
uwafake,usumemezele,morphological,class11,0.396526,0.497916,Both
izingane.,izincwadi.,morphological,class8_plural,0.525444,0.575266,Both
zokuqhuba,kuleli.,random_unrelated,,0.204923,0.182954,Both
uthisha,uyaxolisa,morphological,class11,0.262094,0.417256,Both
ezahlukene,iya,cooccurrence,freq=2,0.083115,0.269869,Both
uzolivuma,untencane,morphological,class11,0.479978,0.547987,Both
isinkwa,ibhotela,semantic_within,food,0.439424,0.563654,Both
indlovukazi,isizwe,semantic_within,government,0.377322,0.526393,Both
"politburo,",ngabantu,random_unrelated,,0.258784,0.21527,Both
isenzakalo,iseyinde,morphological,class7_singular,0.613137,0.627882,Both
imisebenzi,"isikhathi,",cooccurrence,freq=2,0.266426,0.379856,Both
bakwenze,literacy,random_unrelated,,0.393648,0.296189,Both
zokubambelela,obekusobala,random_unrelated,,0.461301,0.33678,Both
997),lathutha,random_unrelated,,0.248468,0.209081,Both
okunezakhamzimba,382),random_unrelated,,0.36663,0.279978,Both
612),"njengeciko,”",random_unrelated,,0.417552,0.310531,Both
emnothweni,kusho,cooccurrence,freq=2,0.345429,0.427257,Both
kuye,"lutho,",cooccurrence,freq=2,0.407123,0.464274,Both
ukusetshenziswa,ukwabelana,morphological,class15_infinitive,0.22313,0.393878,Both
sehlobo.,esekhona,random_unrelated,,0.294272,0.236563,Both
kugxilwe,ekudlaleni,random_unrelated,,0.290327,0.234196,Both
umthetho,umgqigqo.,morphological,class1_singular,0.395837,0.497502,Both
ngawo.,umthandazo,random_unrelated,,0.188505,0.173103,Both
udkt,u-amahle,morphological,class11,0.34467,0.466802,Both
usezohoxa,urichard,morphological,class11,0.340322,0.464193,Both
izethulo,iziqu,morphological,class8_plural,0.435222,0.521133,Both
komfula,amathikithi,random_unrelated,,0.217128,0.190277,Both
ibonakale,iphuzu,morphological,class5_singular,0.312068,0.447241,Both
balo,nalokho,cooccurrence,freq=2,0.417987,0.470792,Both
-,nsizwa,cooccurrence,freq=2,0.344265,0.426559,Both
usetshenziswa,"ungowakho,",morphological,class11,0.281645,0.428987,Both
ingoma,umculo,semantic_within,music,0.367749,0.52065,Both
abaningi,bacabanga,cooccurrence,freq=2,0.40119,0.460714,Both
112),nokubambisana,cooccurrence,freq=2,0.734432,0.660659,Both
"uvalo,",ubhekani,morphological,class11,0.311795,0.447077,Both
in,international,cooccurrence,freq=4,0.655637,0.613382,Both
ezihlala,izinhlelo,cooccurrence,freq=2,0.320729,0.412437,Both
ngokucophelela.,"yisigwili,",random_unrelated,,0.287311,0.232387,Both
ekufeni,kubasiza,random_unrelated,,0.446259,0.327755,Both
ukumiswa,ukunakekela,morphological,class15_infinitive,0.381355,0.488813,Both
ukubonga,ukuziphuza,morphological,class15_infinitive,0.285878,0.431527,Both
futhi,kulokhu,cooccurrence,freq=2,0.154884,0.312931,Both
zokuphila,563),random_unrelated,,0.485786,0.351472,Both
ulimit,unhlanhla,morphological,class11,0.452369,0.531422,Both
ulieutenant,unina.,morphological,class11,0.321357,0.452814,Both
nokuthi,ukuhlenga,cooccurrence,freq=2,0.193303,0.335982,Both
ehlube,udlubu,cooccurrence,freq=2,0.640386,0.604231,Both
futhi,izimfanelo,cooccurrence,freq=8,0.319846,0.411908,Both
amajezi,wesimanje,cooccurrence,freq=8,0.545385,0.547231,Both
elizayo.,ehlukahlukene.,random_unrelated,,0.348175,0.268905,Both
"usuxoshiwe,""",ulinda.,morphological,class11,0.515736,0.569441,Both
i-zesco,ngokubona,cooccurrence,freq=2,0.383616,0.45017,Both
ibhasi,ibhayisikili.,morphological,class5_singular,0.668636,0.661182,Both
abanye,bechuma,cooccurrence,freq=2,0.51019,0.526114,Both
"ubungane,",uthandana,morphological,class11,0.456131,0.533679,Both
kusukela,lokuthi,cooccurrence,freq=2,0.230394,0.358236,Both
inkosi,imeya,semantic_within,government,0.426796,0.556078,Both
uhlelo,usikhulisile,morphological,class11,0.144058,0.346435,Both
kwabantu,ngokuba,cooccurrence,freq=2,0.190931,0.334559,Both
baveze,ngokuhweba,random_unrelated,,0.293623,0.236174,Both
"ebhilidini,",ngokunakekela.,random_unrelated,,0.336095,0.261657,Both
unenkinga,ucwaningo.,morphological,class11,0.410179,0.506107,Both
umhlengikazi,imvelo,semantic_across,health_vs_nature,0.330997,0.318598,Both
babhekane,lokhu,cooccurrence,freq=2,0.296663,0.397998,Both
ufundisa,ugqama,morphological,class11,0.301816,0.44109,Both
ukuphoxeka,ukuzihlanza,morphological,class15_infinitive,0.354823,0.472894,Both
i-al,angene,random_unrelated,,0.306857,0.244114,Both
usehoxa,uhla,morphological,class11,0.337089,0.462253,Both
nge-apple,uxhuma,cooccurrence,freq=2,0.433584,0.48015,Both
izilwane,izinja,semantic_within,animals,0.448223,0.568934,Both
bafunda,ukuxhumana,cooccurrence,freq=2,0.298842,0.399305,Both
akhe.,kucishe,cooccurrence,freq=2,0.420762,0.472457,Both
nabasebancane,izihlalo,random_unrelated,,0.299773,0.239864,Both
amafutha,enjini,cooccurrence,freq=2,0.405999,0.463599,Both
uqale,ubhoboke,morphological,class11,0.445336,0.527201,Both
"ewabonga,",427),random_unrelated,,0.369944,0.281967,Both
bavumelene,kodwa,cooccurrence,freq=2,0.29149,0.394894,Both
ithathe,ubani,random_unrelated,,0.248237,0.208942,Both
"ibandla,",ibhalwe,morphological,class5_singular,0.181928,0.369157,Both
ilotsholwe,i-malnutrition.,morphological,class5_singular,0.322641,0.453584,Both
udalule,ulinda.,morphological,class11,0.240872,0.404523,Both
"ocingweni,",empangeni,random_unrelated,,0.395654,0.297392,Both
oneminyaka,weveni,cooccurrence,freq=4,0.50412,0.522472,Both
unota,ushiye,morphological,class11,0.447629,0.528577,Both
isiteshi,inkantolo,semantic_within,police_law,0.483678,0.590207,Both
udokotela.,unokushibilika,morphological,class11,0.388938,0.493363,Both
umuntu,inkantolo,semantic_across,family_vs_police_law,0.160927,0.216556,Both
aziwa,kumele,cooccurrence,freq=2,0.41462,0.468772,Both
"uuzovakasha,",yokuthi,random_unrelated,,0.24849,0.209094,Both
ukukhetha,ukuqhubeka,morphological,class15_infinitive,0.302352,0.441411,Both
"""sesifikile",nogazi,random_unrelated,,0.174728,0.164837,Both
indlovukazi,icala,semantic_within,government,0.52585,0.61551,Both
ikhofi,ivume,morphological,class5_singular,0.46508,0.539048,Both
yisona,"wami,”",random_unrelated,,0.371611,0.282967,Both
yambangela,engu-10,random_unrelated,,0.342418,0.265451,Both
"nezamaqanda,","okuyiklabishi,",cooccurrence,freq=2,0.682543,0.629526,Both
insila,inezibani,morphological,class9_singular,0.456363,0.533818,Both
ofuna,uphumelele,cooccurrence,freq=2,0.353299,0.431979,Both
"isasol,",benqaba,random_unrelated,,0.364751,0.278851,Both
ukuvakashela,479),random_unrelated,,0.378404,0.287042,Both
ungqongqoshe,uxhumana,morphological,class11,0.265984,0.419591,Both
izimemezelo,izobe,morphological,class8_plural,0.352114,0.471268,Both
angazehlisi.,nemvelo,random_unrelated,,0.201487,0.180892,Both
uyaziqhenya,ushelele,morphological,class11,0.287341,0.432405,Both
uvakashele,ubheke,morphological,class11,0.32928,0.457568,Both
ukade,uzihlalele,cooccurrence,freq=2,0.475936,0.505562,Both
laba,imiphumela,random_unrelated,,0.227991,0.196795,Both
kwezwe,umfula,cooccurrence,freq=2,0.483737,0.510242,Both
"ukuzofunda,",ukugqama,morphological,class15_infinitive,0.382765,0.489659,Both
usemusha,uzisayinele,morphological,class11,0.432939,0.519763,Both
ulwandle,imvelo,semantic_within,nature,0.258317,0.45499,Both
umacashelana,"umalinga,",morphological,class1_singular,0.442947,0.525768,Both
lelo,lwesigqi,random_unrelated,,0.382401,0.28944,Both
ephezulu,kwabezempilo,cooccurrence,freq=2,0.307321,0.404393,Both
"nezaga,",ulimi,cooccurrence,freq=2,0.508375,0.525025,Both
eziphuma,izivakashi,cooccurrence,freq=2,0.46079,0.496474,Both
14),azifake,random_unrelated,,0.39087,0.294522,Both
usikhulisile,ngengoma,random_unrelated,,0.174525,0.164715,Both
ungayi,ulindele,morphological,class11,0.375035,0.485021,Both
abafana,abalisa,morphological,class2_plural,0.559311,0.595587,Both
"unakekeleke,",ubhekene,morphological,class11,0.397902,0.498741,Both
ezizobakhuba,zikhona,cooccurrence,freq=4,0.583446,0.570068,Both
inhloko,unksz,cooccurrence,freq=2,0.49081,0.514486,Both
"elibucayi,",layiswa,cooccurrence,freq=4,0.671679,0.623007,Both
ingubo,nobuhle.,cooccurrence,freq=2,0.308856,0.405314,Both
yokuhlinza,547),random_unrelated,,0.311597,0.246958,Both
ukuqhubeka,ukungaphumeleli,morphological,class15_infinitive,0.439339,0.523603,Both
ibilokhu,ifinyelela,morphological,class5_singular,0.237048,0.402229,Both
umfazi,ingane,semantic_within,family,0.344446,0.506668,Both
iya,ithathe,morphological,class5_singular,0.338292,0.462975,Both
usecape,ucabanga,morphological,class11,0.273853,0.424312,Both
umfundisi,umbenenge,morphological,class1_singular,0.389974,0.493984,Both
aphindisela,baphendule,cooccurrence,freq=2,0.498703,0.519222,Both
uzoqala,usiba,morphological,class11,0.39238,0.495428,Both
izimvu,izinja,semantic_within,animals,0.63382,0.680292,Both
ikhefu,ngiyabona,random_unrelated,,0.272859,0.223715,Both
"zasemakhaya,",kushoda,random_unrelated,,0.358769,0.275261,Both
izithembiso,izikhala,morphological,class8_plural,0.467856,0.540713,Both
lapho,uzofike,cooccurrence,freq=4,0.365418,0.439251,Both
"city,",sigameko,random_unrelated,,0.343898,0.266339,Both
nokubhala.,"izibani,",random_unrelated,,0.142685,0.145611,Both
nophiko,zamahhotela,cooccurrence,freq=4,0.599572,0.579743,Both
ezikhulayo,kwemfundo,cooccurrence,freq=2,0.500778,0.520467,Both
lokuqhuba,bayamjabulisa,random_unrelated,,0.279748,0.227849,Both
iphepha,ulwazi,semantic_within,education,0.335648,0.501389,Both
ezivela,zidlala,cooccurrence,freq=10,0.415288,0.469173,Both
ukuhlolwa,ukuzokhangisa,morphological,class15_infinitive,0.278261,0.426956,Both
behlome,izivivinyo,random_unrelated,,0.354825,0.272895,Both
imeya,indlovukazi,semantic_within,government,0.487183,0.59231,Both
iphepha,idolobha,semantic_across,education_vs_places,0.282195,0.289317,Both
ukhalo,ongayeki,random_unrelated,,0.36123,0.276738,Both
luhlale,ama-video,random_unrelated,,0.254597,0.212758,Both
amatotho,ngokushesha.,cooccurrence,freq=4,0.475468,0.505281,Both
futhi,"yezemidlalo,",cooccurrence,freq=4,0.165562,0.319337,Both
lokuphepha,nobuqotho,random_unrelated,,0.241248,0.204749,Both
mzobe,sekungumlando,cooccurrence,freq=2,0.691658,0.634995,Both
ihlazo,"kwaso,",cooccurrence,freq=2,0.456703,0.494022,Both
sokufunda,ze-aucturial,cooccurrence,freq=2,0.561088,0.556653,Both
ngaphambili,zasendle,random_unrelated,,0.164456,0.158673,Both
opholile.,"zokuphumula,",random_unrelated,,0.487384,0.35243,Both
isikole,ukubhala,semantic_within,education,0.268141,0.460884,Both
kwezidakamizwa,nokusetshenziswa,cooccurrence,freq=2,0.527339,0.536403,Both
yomthetho,ngenkani,random_unrelated,,0.426058,0.315635,Both
esezilanda,khona.,cooccurrence,freq=2,0.439507,0.483704,Both
ucassper,uzibona,morphological,class11,0.313762,0.448257,Both
usizo,ususegunjini,morphological,class11,0.367345,0.480407,Both
ipakiwe,ukuze,cooccurrence,freq=2,0.345134,0.427081,Both
ukubhala,umtapo,semantic_within,education,0.43767,0.562602,Both
uhlale,uqinise,morphological,class11,0.390382,0.494229,Both
sayomisa,"""cat""",random_unrelated,,0.358171,0.274903,Both
eyodwa,kakhulu,cooccurrence,freq=2,0.390448,0.454269,Both
ukugoduka,ukwesekana,morphological,class15_infinitive,0.530381,0.578228,Both
ukufaka,ukudela,morphological,class15_infinitive,0.513647,0.568188,Both
"egoli,","nasepitoli,",cooccurrence,freq=2,0.779011,0.687407,Both
uyamfundisa,usiba,morphological,class11,0.389,0.4934,Both
ufihlwe,utshala,morphological,class11,0.175466,0.365279,Both
ababeholwa,esidlule.,random_unrelated,,0.301166,0.2407,Both
ungahlali,ungathi,morphological,class11,0.62466,0.634796,Both
yini,namaphoyisa,random_unrelated,,0.204766,0.18286,Both
ubizo,uyaqonda,morphological,class11,0.410714,0.506428,Both
"kwesikhathi,",ngokuhamba,cooccurrence,freq=2,0.534825,0.540895,Both
i-culinary,"iqembu,",morphological,class5_singular,0.396081,0.497649,Both
iphepha,imoto,semantic_across,education_vs_transport,0.318154,0.310893,Both
nokhayelihle,651),random_unrelated,,0.376241,0.285744,Both
inxusa,"ingud',",morphological,class9_singular,0.549016,0.58941,Both
inakekele,umndeni,cooccurrence,freq=2,0.493217,0.51593,Both
ngezinhlelo,okusebenza,cooccurrence,freq=2,0.222543,0.353526,Both
abatholwe,"abameli,",morphological,class2_plural,0.568964,0.601379,Both
inja,iqhude,semantic_within,animals,0.235521,0.441313,Both
wamphuca,mokaba,random_unrelated,,0.482894,0.349736,Both
ekusindiseni,umklomelo,random_unrelated,,0.302093,0.241256,Both
imfundo,ingcebo,semantic_across,education_vs_money,0.353587,0.332152,Both
nezinhlelo,kwaphazamisa,random_unrelated,,0.105488,0.123293,Both
obubhalele,yezingane,random_unrelated,,0.239529,0.203717,Both
umalema,umhlabathi,morphological,class1_singular,0.357761,0.474657,Both
"konyaka,",kusesimweni,random_unrelated,,0.2941,0.23646,Both
"enezimbobo,",uphahla.,cooccurrence,freq=2,0.670028,0.622017,Both
endala,ababekhona,random_unrelated,,0.178698,0.167219,Both
ukubhala,imfundo,semantic_within,education,0.249453,0.449672,Both
okwesibili,enhle.,random_unrelated,,0.288991,0.233395,Both
wenza,kusemqondweni,random_unrelated,,0.322422,0.253453,Both
isikole,ngokwenza,cooccurrence,freq=2,0.261844,0.377106,Both
imali,"kwisafa,",cooccurrence,freq=2,0.384832,0.450899,Both
angakwazanga,ngomashi,random_unrelated,,0.358207,0.274924,Both
e-adam's,ephuza,random_unrelated,,0.494416,0.35665,Both
eziyimfihlakalo,ziphasa,random_unrelated,,0.272653,0.223592,Both
unosipho.,uqolothakamango,morphological,class11,0.452537,0.531522,Both
indlu,isikhungo,semantic_within,places,0.261132,0.456679,Both
uthisha,ukubhala,semantic_within,education,0.470809,0.582486,Both
amasha.”,amasevisi,morphological,class6_plural,0.62538,0.635228,Both
"ikhona,",i-corpus,morphological,class5_singular,0.331996,0.459197,Both
"ukunakekela,",ukuphefumula,morphological,class15_infinitive,0.408246,0.504947,Both
igoli,ngokusebenza,random_unrelated,,0.211316,0.18679,Both
engiyitholile.,esanda,random_unrelated,,0.428468,0.317081,Both
amakepisi,ngekhwalithi,cooccurrence,freq=24,0.618422,0.591053,Both
lula,zizobe,cooccurrence,freq=2,0.276287,0.385772,Both
"johannesburg,",uthe,cooccurrence,freq=4,0.368995,0.441397,Both
ikati,udokotela,semantic_across,animals_vs_health,0.328759,0.317256,Both
ukuthutheleka,"zabo,",cooccurrence,freq=2,0.390195,0.454117,Both
ulungiselela,ubekade,morphological,class11,0.254169,0.412501,Both
ngokubaluleka,unaliphi,cooccurrence,freq=4,0.457144,0.494287,Both
bayavakashela,nsuku,cooccurrence,freq=2,0.369415,0.441649,Both
"zasendle,",ababanawo,random_unrelated,,0.204169,0.182502,Both
imoto,ukuhamba,semantic_within,transport,0.239276,0.443566,Both
lokusebenza.,literacy,random_unrelated,,0.305727,0.243436,Both
ungenza,uzitshele,morphological,class11,0.434848,0.520909,Both
eyahlukene,eziyimfihlakalo,cooccurrence,freq=2,0.383934,0.450361,Both
izandla,izinkomo.,morphological,class8_plural,0.321344,0.452806,Both
womjaho,mqeqeshi.,random_unrelated,,0.449405,0.329643,Both
lwezingoma,ne-best,cooccurrence,freq=2,0.566119,0.559671,Both
ushiye,usufonela,morphological,class11,0.387121,0.492272,Both
ukuthi,ukufakwa,morphological,class15_infinitive,0.272795,0.423677,Both
abasolwa,icala,semantic_within,police_law,0.270947,0.462568,Both
izigqoko,wonke,cooccurrence,freq=8,0.403368,0.462021,Both
731),wasukuma,random_unrelated,,0.404695,0.302817,Both
umfazi,umfana,semantic_within,family,0.656145,0.693687,Both
ibhizinisi,iwumphumela,morphological,class5_singular,0.32264,0.453584,Both
andukuba,lokungenela,cooccurrence,freq=4,0.524524,0.534714,Both
abaqeqeshi,(23),random_unrelated,,0.175871,0.165523,Both
kumshayeli,"i-internet,",random_unrelated,,0.360796,0.276478,Both
ucingo,ukudlala,semantic_across,technology_vs_sport,0.212383,0.24743,Both
ucotshelelwa,usawoti,morphological,class11,0.43463,0.520778,Both
ijabule.,iport,morphological,class5_singular,0.379409,0.487645,Both
uyayemukela,uzixine,morphological,class11,0.497576,0.558546,Both
kubhekwe,yakhe,cooccurrence,freq=4,0.257896,0.374737,Both
amalungu,amagumbi,morphological,class6_plural,0.505401,0.56324,Both
ohlelweni,wegagasi,cooccurrence,freq=2,0.523311,0.533987,Both
amasiko,amakhala,morphological,class6_plural,0.464005,0.538403,Both
le-icwecwe.,kusiza,random_unrelated,,0.195842,0.177505,Both
ijabule.,ngezinto,cooccurrence,freq=4,0.49162,0.514972,Both
imifino,ikhukhamba,semantic_within,food,0.467561,0.580537,Both
573),nesandlla,random_unrelated,,0.294528,0.236717,Both
"nezinkawu,",zasendle,cooccurrence,freq=4,0.485314,0.511189,Both
abahlengikazi,uzoqasha,cooccurrence,freq=2,0.570496,0.562298,Both
izigameko,"izingane,",morphological,class8_plural,0.489555,0.553733,Both
ababezethemba,abasigxekayo,morphological,class2_plural,0.51817,0.570902,Both
ikati,izimvu,semantic_within,animals,0.44512,0.567072,Both
agcwele,nasezimakethe,random_unrelated,,0.315961,0.249576,Both
iquantum,zemithi,random_unrelated,,0.196589,0.177953,Both
okuba,ayikwazanga,random_unrelated,,0.203202,0.181921,Both
"ngabantu,",abawenzayo,random_unrelated,,0.421292,0.312775,Both
747),bephilile.,random_unrelated,,0.477238,0.346343,Both
nabangani,uthando,cooccurrence,freq=4,0.36918,0.441508,Both
iphunga,imk,morphological,class5_singular,0.201095,0.380657,Both
isho,usinde,random_unrelated,,0.428744,0.317246,Both
kuthele,745),random_unrelated,,0.4072,0.30432,Both
ukuvimbela,ukukhohlwa,morphological,class15_infinitive,0.470603,0.542362,Both
ukuzovakasha,ukukhuluma,morphological,class15_infinitive,0.217743,0.390646,Both
induku,inamafasitela,morphological,class9_singular,0.451359,0.530815,Both
ulale,uzophokophelela,morphological,class11,0.323228,0.453937,Both
inewini,elihloniphana,random_unrelated,,0.328542,0.257125,Both
ngokumemezla,"ibhola,",random_unrelated,,0.22888,0.197328,Both
"ucolonel,",wakhe,cooccurrence,freq=2,0.433217,0.47993,Both
402),yaya,random_unrelated,,0.405989,0.303594,Both
ngolwesithathu,ezaziyilandela.,random_unrelated,,0.373652,0.284191,Both
eziningi,ngingayikhiphi.,random_unrelated,,0.378708,0.287225,Both
"u-2023,",unamandla,morphological,class11,0.284719,0.430832,Both
zokuhlala.,lawrence,random_unrelated,,0.325793,0.255476,Both
uhoxisa,bazizwe,random_unrelated,,0.067344,0.100406,Both
azilali,754),random_unrelated,,0.447038,0.328223,Both
izingqondo.,"ezempilo,",random_unrelated,,0.414098,0.308459,Both
yakubo,baxabana,random_unrelated,,0.29359,0.236154,Both
ubuzwe,usinde,morphological,class11,0.429533,0.51772,Both
ngemfundiso,esizizwa,random_unrelated,,0.339733,0.26384,Both
udokotela,ukwelapha,semantic_within,health,0.521975,0.613185,Both
kulabo,luzobandakanya,cooccurrence,freq=2,0.5001,0.52006,Both
icorona,iwest.,morphological,class5_singular,0.505258,0.563155,Both
yeqoqo,nomhlabathi,random_unrelated,,0.216631,0.189979,Both
uvele,ungeniswe,morphological,class11,0.327837,0.456702,Both
ukuyidlulisela,"ukuwabulala,",morphological,class15_infinitive,0.361266,0.476759,Both
bekhula,enengqondo,random_unrelated,,0.346373,0.267824,Both
kanti,namaphoyisa,cooccurrence,freq=2,0.224454,0.354672,Both
ibhethri,i-african,morphological,class5_singular,0.380808,0.488485,Both
ukuyokwenza,unqume,cooccurrence,freq=2,0.568025,0.560815,Both
imininingwane,elimnandi,random_unrelated,,0.249871,0.209922,Both
2024.,"24,",cooccurrence,freq=2,0.880582,0.748349,Both
azibeke,ngokunqoba,cooccurrence,freq=2,0.465692,0.499415,Both
uphahla.,unaledi.,morphological,class11,0.410168,0.506101,Both
ngisho,uhlonishwe,random_unrelated,,0.367126,0.280276,Both
indlu,umuntu,cooccurrence,freq=2,0.280601,0.388361,Both
assitant,referee,cooccurrence,freq=2,0.900707,0.760424,Both
bahlinzeka,kaphethroli,random_unrelated,,0.279505,0.227703,Both
bayaqapha,ngokuhamba,cooccurrence,freq=2,0.424499,0.4747,Both
babo,aveze,random_unrelated,,0.288385,0.233031,Both
ukungcola,ukuqopha,morphological,class15_infinitive,0.486028,0.551617,Both
abawu-70,abavelele,morphological,class2_plural,0.536873,0.582124,Both
isandla,isheshe,morphological,class7_singular,0.351359,0.470816,Both
ivela,iconstruction,morphological,class5_singular,0.315475,0.449285,Both
izifo.,877),random_unrelated,,0.392094,0.295257,Both
"noncibijane,","lezolimo,",random_unrelated,,0.324795,0.254877,Both
ujwayeze,usumemezele,morphological,class11,0.377777,0.486666,Both
court,elifudumele.,random_unrelated,,0.340917,0.26455,Both
wabulala,sazi,random_unrelated,,0.383101,0.289861,Both
ukwesekwa,ukunyakaza,morphological,class15_infinitive,0.462185,0.537311,Both
isikole,ukufunda,semantic_within,education,0.312264,0.487358,Both
ukubaluleka,ukuvakashela,morphological,class15_infinitive,0.239912,0.403947,Both
iphepha,igcine,morphological,class5_singular,0.335786,0.461472,Both
emisebenzi.”,seyakhekile,random_unrelated,,0.269821,0.221893,Both
icala,inkantolo,semantic_within,police_law,0.516898,0.610139,Both
uthanda,ubulele,morphological,class11,0.316213,0.449728,Both
umfundi,uthisha,semantic_within,education,0.556285,0.633771,Both
uphakamise,ungahamba,morphological,class11,0.279148,0.427489,Both
109),obabayo,random_unrelated,,0.246737,0.208042,Both
owayehamba,ukuthi,cooccurrence,freq=2,0.132595,0.299557,Both
uzokwazi,ubulale,morphological,class11,0.381184,0.48871,Both
konke,"omude,",cooccurrence,freq=2,0.324826,0.414896,Both
ucassper,nese-climate,random_unrelated,,0.663482,0.458089,Both
usheshe,ungenzi,morphological,class11,0.42427,0.514562,Both
muntu,yizintokazi,random_unrelated,,0.319648,0.251789,Both
ungahamba,uthabo,morphological,class11,0.249774,0.409864,Both
ushelele,ubengalishiyile,morphological,class11,0.351202,0.470721,Both
uphephile.,"uhambo,",morphological,class11,0.264847,0.418908,Both
uzakhele,uyamfundisa,morphological,class11,0.315438,0.449263,Both
nohulumeni,asezibiza,random_unrelated,,0.248581,0.209149,Both
iveni.,ikhwaya,morphological,class5_singular,0.437748,0.522649,Both
"emnyango,",767),random_unrelated,,0.39108,0.294648,Both
iqhude,izinkomo,semantic_within,animals,0.339362,0.503617,Both
umbuso,icala,semantic_within,government,0.49839,0.599034,Both
icwecwe,imvelo,semantic_across,music_vs_nature,0.308932,0.305359,Both
ukunqoba,ukunikezwa,morphological,class15_infinitive,0.484507,0.550704,Both
ikhaya,isikhungo,semantic_within,places,0.211416,0.42685,Both
"luseqalwa,",yize,cooccurrence,freq=2,0.496142,0.517685,Both
e-adam's,kokudubulana,cooccurrence,freq=2,0.727902,0.656741,Both
kungekho,lingagoqwa,random_unrelated,,0.356622,0.273973,Both
usezohoxa,uhlonishwe,morphological,class11,0.447734,0.52864,Both
kuyo,sekuke,cooccurrence,freq=2,0.42325,0.47395,Both
ekunciphiseni,nomunye,random_unrelated,,0.213463,0.188078,Both
badlalela,womabili,cooccurrence,freq=2,0.489927,0.513956,Both
engu-550nm.,speed,cooccurrence,freq=2,0.782881,0.689729,Both
abunhloli,"izisulu,",cooccurrence,freq=2,0.644098,0.606459,Both
ubuyelwe,usabalale,morphological,class11,0.420226,0.512136,Both
enkabeni,mhlawumbe-ke,cooccurrence,freq=2,0.632058,0.599235,Both
umfowethu,umabuya,morphological,class1_singular,0.379106,0.487463,Both
"yasenanda,",328),random_unrelated,,0.408192,0.304915,Both
izingane,lasehlobo.,cooccurrence,freq=2,0.406851,0.464111,Both
abanye,bahlala,cooccurrence,freq=10,0.361702,0.437021,Both
elibhekene,umhlathi,cooccurrence,freq=4,0.525001,0.535001,Both
udokotela,isifo,semantic_within,health,0.525064,0.615039,Both
isiteshi,ucingo,semantic_across,police_law_vs_technology,0.362527,0.337516,Both
babeyigila,ngabantu,cooccurrence,freq=2,0.566693,0.560016,Both
usumemezele,ubathintile,morphological,class11,0.358725,0.475235,Both
ushiye,ubesebenza,morphological,class11,0.272897,0.423738,Both
"ukubonga,",ukungalaleli,morphological,class15_infinitive,0.515487,0.569292,Both
zasendle.,akade,random_unrelated,,0.27142,0.222852,Both
besibona,festival.,random_unrelated,,0.395107,0.297064,Both
basazoqhubeka,ukuthi,cooccurrence,freq=4,0.262926,0.377756,Both
"ukuxhumana,",zokufundisa,cooccurrence,freq=2,0.454823,0.492894,Both
ukudla,ubisi,semantic_within,food,0.338795,0.503277,Both
"""ngisuke",nokuzizwa,random_unrelated,,0.149069,0.149441,Both
kadisemba.,ibhange,random_unrelated,,0.321055,0.252633,Both
nezilwane.,"nasemqondweni,",random_unrelated,,0.305432,0.243259,Both
lomuntu,"zokuphila,",cooccurrence,freq=2,0.476572,0.505943,Both
"unakekeleke,",usephonsele,morphological,class11,0.468196,0.540918,Both
usheshe,nokwe.,random_unrelated,,0.296598,0.237959,Both
abafundi,ukuhlela,cooccurrence,freq=6,0.179966,0.32798,Both
ukunikela,ukwakha,cooccurrence,freq=2,0.382654,0.449592,Both
oluvikela,luyikhono,random_unrelated,,0.456856,0.334114,Both
imali,umrepha,cooccurrence,freq=2,0.260175,0.376105,Both
ababukhali,zomoya,random_unrelated,,0.298221,0.238933,Both
esimatasa,bakwa-als,random_unrelated,,0.316643,0.249986,Both
mngomezulu,uyolinda,random_unrelated,,0.37629,0.285774,Both
abangasizakala,amakhosi,random_unrelated,,0.140974,0.144584,Both
imfe,isinqumo,cooccurrence,freq=2,0.534785,0.540871,Both
ithuluzi,babonisane,random_unrelated,,0.254177,0.212506,Both
inyoni,iphepha,semantic_across,animals_vs_education,0.266813,0.280088,Both
ibe,itoyota,morphological,class5_singular,0.298425,0.439055,Both
ukuyokwenza,ukusebenza.,morphological,class15_infinitive,0.38864,0.493184,Both
(isisho,903),cooccurrence,freq=2,0.820415,0.712249,Both
ngathatha,ngokuthi,cooccurrence,freq=2,0.197154,0.338292,Both
"ezayo,",uhlela,cooccurrence,freq=2,0.398754,0.459253,Both
uphahla.,uzilolonge,morphological,class11,0.382877,0.489726,Both
uthenge,ungakwazi,morphological,class11,0.347823,0.468694,Both
uqinisekise,ubungani,morphological,class11,0.153421,0.352053,Both
421),nokubambisana,cooccurrence,freq=2,0.745697,0.667418,Both
umrepha,ikhaya,semantic_across,music_vs_places,0.188197,0.232918,Both
ihlosi,izinja,semantic_within,animals,0.566826,0.640095,Both
endabuko,izicathulo,cooccurrence,freq=6,0.510447,0.526268,Both
african,ngesikhathi,cooccurrence,freq=2,0.232155,0.359293,Both
idolobha,isiteshi,semantic_within,places,0.532233,0.61934,Both
"yango-2021,",sokutakula,random_unrelated,,0.245848,0.207509,Both
ibhange,ingcebo,semantic_within,money,0.249071,0.449443,Both
inkosi,umbuso,semantic_within,government,0.507406,0.604444,Both
kanti,"nyakenye,",cooccurrence,freq=2,0.290898,0.394539,Both
ubuka,usebenze,morphological,class11,0.279276,0.427566,Both
owamanqamu,wecarling,cooccurrence,freq=4,0.815807,0.709484,Both
lapho,seliluhlaza.,cooccurrence,freq=2,0.38492,0.450952,Both
inja,izimvu,semantic_within,animals,0.406806,0.544084,Both
ukuvikela,ukarabo,morphological,class15_infinitive,0.412053,0.507232,Both
izigameko,izinkontileka,morphological,class8_plural,0.51032,0.566192,Both
bekhula,kunemiqulu,random_unrelated,,0.175037,0.165022,Both
igcina,ifaka,morphological,class5_singular,0.252478,0.411487,Both
izinga,izitimela,morphological,class8_plural,0.308795,0.445277,Both
lemoto,ngesawo.,random_unrelated,,0.535477,0.381286,Both
isinkwa,ikhukhamba,semantic_within,food,0.294887,0.476932,Both
kukamasipala,ukuduna,random_unrelated,,0.330254,0.258153,Both
"culo,",fc.,random_unrelated,,0.526871,0.376123,Both
ubonga,uzibekele,morphological,class11,0.278341,0.427004,Both
ezivela,ithimba,cooccurrence,freq=2,0.372783,0.44367,Both
imfihlo,iligi,random_unrelated,,0.528018,0.376811,Both
ukuxhumana,umabonakude,semantic_within,technology,0.365315,0.519189,Both
ukunakekelwa,ukubeka,morphological,class15_infinitive,0.497925,0.558755,Both
emhlane,makwa.,random_unrelated,,0.306489,0.243893,Both
ukuhamba,isikhungo,semantic_across,transport_vs_places,0.244515,0.266709,Both
abanye,nentshisekelo,cooccurrence,freq=2,0.241277,0.364766,Both
ukuphumula,ukudliwa,morphological,class15_infinitive,0.365689,0.479413,Both
eya,ngidlula,cooccurrence,freq=2,0.48835,0.51301,Both
"molefe,","imoto,",random_unrelated,,0.273974,0.224385,Both
beqhuba,ikuceba,random_unrelated,,0.362032,0.277219,Both
ukukulungisa,"ukuwabulala,",morphological,class15_infinitive,0.36031,0.476186,Both
4×4,fortuner,cooccurrence,freq=2,0.773213,0.683928,Both
umotala,umcabango,morphological,class1_singular,0.583559,0.610136,Both
uphinde,uyaxolisa,morphological,class11,0.375263,0.485158,Both
amakhono,amathuba,cooccurrence,freq=2,0.476557,0.505934,Both
"zicebile,",ubiza,random_unrelated,,0.221718,0.193031,Both
"kunalokho,",ukungazisoli,cooccurrence,freq=2,0.497996,0.518798,Both
zonke,elihola,random_unrelated,,0.218689,0.191213,Both
uzelule,u-eco,morphological,class11,0.437117,0.52227,Both
futhi,okholelwa,cooccurrence,freq=2,0.190436,0.334262,Both
ukubhala,ukufunda,semantic_within,education,0.500666,0.6004,Both
597),"motsei,",random_unrelated,,0.448478,0.329087,Both
nokudlisa,ewu-41,random_unrelated,,0.361267,0.27676,Both
uthanda,ufake,morphological,class11,0.198227,0.378936,Both
iqhubekile,ibhalisele,morphological,class5_singular,0.212075,0.387245,Both
enganakekile,enye,cooccurrence,freq=4,0.551967,0.55118,Both
yayinesivinini,esizobafaka,random_unrelated,,0.408143,0.304886,Both
130),emshadweni.,cooccurrence,freq=2,0.787423,0.692454,Both
ravi,izinyosi,random_unrelated,,0.272632,0.223579,Both
ezingabasiza,eziyizinkinga,random_unrelated,,0.660594,0.456356,Both
amandla,igxile,cooccurrence,freq=2,0.27979,0.387874,Both
usheleni,uboya,morphological,class11,0.351681,0.471008,Both
"izinto,",nokuthuthukisa,cooccurrence,freq=2,0.366864,0.440118,Both
ezingadingekile,ngezingxoxo,cooccurrence,freq=2,0.653239,0.611943,Both
ibingamgculisi,"ikhefu,",morphological,class5_singular,0.395371,0.497223,Both
ubukade,udadewabo,morphological,class11,0.409655,0.505793,Both
nini,nje,cooccurrence,freq=2,0.265236,0.379141,Both
"ka-matric,",kokuwanikela,random_unrelated,,0.396941,0.298165,Both
ekhipha,"ebusuku,",random_unrelated,,0.262425,0.217455,Both
ubisi,uhambo,semantic_across,food_vs_transport,0.271414,0.282848,Both
ezigqugquzela,"ukubekezelelana,",cooccurrence,freq=4,0.571506,0.562903,Both
izinkomo,ucingo,semantic_across,animals_vs_technology,0.161017,0.21661,Both
eshayela,igciwane,random_unrelated,,0.200054,0.180033,Both
isikole,ulwazi,semantic_within,education,0.390759,0.534455,Both
i-anc.,kwamanye,random_unrelated,,0.349606,0.269764,Both
isitimela,itekisi,semantic_within,transport,0.426073,0.555644,Both
ukuzilolonga,"ukuphumula,",morphological,class15_infinitive,0.360621,0.476373,Both
abapikwe,abangaphakathi.,morphological,class2_plural,0.464342,0.538605,Both
"isibindi,",isizathu,morphological,class7_singular,0.365561,0.479337,Both
ixhunywe,kahle.,cooccurrence,freq=2,0.42412,0.474472,Both
umbhalo,ukuxhumana,semantic_across,music_vs_technology,0.2682,0.28092,Both
"""konke",255),random_unrelated,,0.368391,0.281035,Both
umkhankaso,zabo,cooccurrence,freq=2,0.234656,0.360794,Both
"kanzima,",edlala,random_unrelated,,0.316842,0.250105,Both
icwecwe,umbhalo,semantic_within,music,0.37061,0.522366,Both
ebuzwa,ngesizathu,cooccurrence,freq=2,0.378312,0.446987,Both
ikhanyisa,ikhipha,morphological,class5_singular,0.313441,0.448065,Both
lezi,wonke,cooccurrence,freq=2,0.301328,0.400797,Both
"kwabantu,",nokubambisana,cooccurrence,freq=2,0.280165,0.388099,Both
inezithombe,iphepha,cooccurrence,freq=4,0.402417,0.46145,Both
ngenkani,south,random_unrelated,,0.261848,0.217109,Both
kuwumsebenzi,umngqithi,cooccurrence,freq=2,0.394544,0.456726,Both
usinokholo,ulimale,morphological,class11,0.343218,0.465931,Both
ugubha,usukume,morphological,class11,0.354905,0.472943,Both
ungena,uyaludinga,morphological,class11,0.35308,0.471848,Both
ingakapheli,yini,cooccurrence,freq=2,0.362022,0.437213,Both
lemigulukudu,walo,cooccurrence,freq=2,0.423825,0.474295,Both
bapholise,izindawo,cooccurrence,freq=2,0.459977,0.495986,Both
ukuba,ukuzelapha.,cooccurrence,freq=2,0.315597,0.409358,Both
basezindaweni,"nokwethembana,",random_unrelated,,0.210693,0.186416,Both
ukwedlula,ukujwayela,morphological,class15_infinitive,0.368964,0.481379,Both
ukuza,ukulahlekelwa,morphological,class15_infinitive,0.465866,0.539519,Both
abokufika,qoqa,random_unrelated,,0.233122,0.199873,Both
abanawo,"abalaleli,""",morphological,class2_plural,0.502567,0.56154,Both
kugcine,"sodwa,",cooccurrence,freq=2,0.51917,0.531502,Both
nalokho,wukubhukuda,cooccurrence,freq=2,0.531807,0.539084,Both
ukhumbule,ukumosha,morphological,class15_infinitive,0.389191,0.493515,Both
inqwaba,kusuke,cooccurrence,freq=2,0.437834,0.482701,Both
uhlela,uqolothakamango,morphological,class11,0.229411,0.397647,Both
emsakazweni,kwabenze,cooccurrence,freq=2,0.399751,0.459851,Both
kanti,ziphumula,cooccurrence,freq=4,0.402938,0.461763,Both
"''nakhuya,",ethi:,cooccurrence,freq=2,0.679418,0.627651,Both
"yomsindo,",clay,random_unrelated,,0.493488,0.356093,Both
inkosi,umsakazo,semantic_across,government_vs_technology,0.363349,0.338009,Both
usuvuna,uqhubeke,morphological,class11,0.547992,0.588795,Both
ukunyakaza,ukusibhala,morphological,class15_infinitive,0.516034,0.56962,Both
uphethiloli,ubengakabi,morphological,class11,0.364884,0.47893,Both
ungakanani,udokotela.,morphological,class11,0.265778,0.419467,Both
abamthanda,ababhalanga,morphological,class2_plural,0.538876,0.583325,Both
lokhu,ukuziqeqesha,cooccurrence,freq=2,0.300546,0.400327,Both
uvumelene,uzisayinele,morphological,class11,0.492726,0.555636,Both
benze,ube,cooccurrence,freq=2,0.277453,0.386472,Both
kuqale,zidala,cooccurrence,freq=2,0.436347,0.481808,Both
umfazi,mfowethu,semantic_within,family,0.380713,0.528428,Both
agcinwa,ngokucophelela.,cooccurrence,freq=2,0.606889,0.584134,Both
enkulu.,azodlala,random_unrelated,,0.267231,0.220339,Both
usale,ungazami,morphological,class11,0.522472,0.573483,Both
abangasenayo,ababukeli,morphological,class2_plural,0.549102,0.589461,Both
imfundiso,641),random_unrelated,,0.409503,0.305702,Both
asezwiswe,emuva,cooccurrence,freq=2,0.437054,0.482233,Both
"nawakhe,",nawuthando,cooccurrence,freq=2,0.557583,0.55455,Both
442),abantulayo.,random_unrelated,,0.348245,0.268947,Both
zokuziphatha,ubuchwepheshe,random_unrelated,,0.216107,0.189664,Both
"ngizokutshela,",229),random_unrelated,,0.456022,0.333613,Both
matric),ezingakhokhi,random_unrelated,,0.298172,0.238903,Both
uziqambela,ujabula,morphological,class11,0.451387,0.530832,Both
amaphoyisa,inhlamvu,semantic_within,police_law,0.377132,0.526279,Both
amacala,541),random_unrelated,,0.363534,0.27812,Both
isikole,umbuso,semantic_across,education_vs_government,0.177702,0.226621,Both
azoshayela,besengamabamba,cooccurrence,freq=2,0.535234,0.54114,Both
"""lokhu",ezizokwenza,random_unrelated,,0.28254,0.229524,Both
maqondana,senona,cooccurrence,freq=2,0.52283,0.533698,Both
futhi,izigcawu,cooccurrence,freq=2,0.276548,0.385929,Both
iqembu,ikakhulukazi,morphological,class5_singular,0.328893,0.457336,Both
iqoqe,iwest,morphological,class5_singular,0.380671,0.488403,Both
uphunyuke.,udisemba,morphological,class11,0.377359,0.486415,Both
ngokushesha.,wakho,cooccurrence,freq=2,0.287706,0.392624,Both
sabo.,454),random_unrelated,,0.325665,0.255399,Both
ezihlonipha,obuhle.,cooccurrence,freq=2,0.415333,0.4692,Both
umculo,umbhalo,semantic_within,music,0.439071,0.563443,Both
idolobha,ihhotela,semantic_within,places,0.493845,0.596307,Both
inkosi,ingoma,semantic_across,government_vs_music,0.373856,0.344313,Both
kwithelevishini.,"kwesitolo,",random_unrelated,,0.335489,0.261293,Both
yokukhula,laseningizimu,random_unrelated,,0.268068,0.220841,Both
abheke,kule,cooccurrence,freq=2,0.367612,0.440567,Both
imali,ukonga,semantic_within,money,0.355653,0.513392,Both
umrepha,umculi,semantic_within,music,0.443736,0.566242,Both
abagibeli,abafuna,morphological,class2_plural,0.446824,0.528094,Both
izindaba,zikhuluma,cooccurrence,freq=4,0.365068,0.439041,Both
esikoleni,isikhalazo,cooccurrence,freq=2,0.435925,0.481555,Both
ezihamba,izingane,cooccurrence,freq=2,0.323908,0.414345,Both
eqhubeka,ngabazali,cooccurrence,freq=2,0.317951,0.410771,Both
abadlali,sikweleta,cooccurrence,freq=2,0.513749,0.528249,Both
izinkomba,udalule,cooccurrence,freq=2,0.423387,0.474032,Both
nonaledi,bami,random_unrelated,,0.100919,0.120551,Both
esihle,yisikhathi,cooccurrence,freq=6,0.408911,0.465346,Both
eziphendulela,664),random_unrelated,,0.275963,0.225578,Both
elaqala,nokusiza,random_unrelated,,0.296618,0.237971,Both
izintaba,"izincwadi,",morphological,class8_plural,0.422557,0.513534,Both
lapho,yobuciko,cooccurrence,freq=2,0.286803,0.392082,Both
ukuzilungiselela,ukucabanga,morphological,class15_infinitive,0.321604,0.452962,Both
ngacela,510),random_unrelated,,0.438247,0.322948,Both
cup,okudlulela,cooccurrence,freq=2,0.55257,0.551542,Both
uhambo,uyaminza,morphological,class11,0.419388,0.511633,Both
umbuso,indlovukazi,semantic_within,government,0.532296,0.619377,Both
ubumnandi,u-zero,morphological,class11,0.377066,0.48624,Both
uyisebenzisa,ususegunjini,morphological,class11,0.329535,0.457721,Both
mdlali,wethenisi,random_unrelated,,0.510248,0.366149,Both
awina,"ekugcineni,""",random_unrelated,,0.411614,0.306968,Both
igada,ifaka,morphological,class5_singular,0.267048,0.420229,Both
"izivakashi,",zonke,cooccurrence,freq=2,0.320631,0.412378,Both
nje,umkhuleko,cooccurrence,freq=2,0.339278,0.423567,Both
nokuzobandakanya,asiza,random_unrelated,,0.314526,0.248716,Both
mhla,"bekhaliphile,""",random_unrelated,,0.252231,0.211338,Both
ukuphepha.,"ukunikela,",morphological,class15_infinitive,0.470989,0.542593,Both
ufuna,uthola,morphological,class11,0.189248,0.373549,Both
ibingamgculisi,i-advanced,morphological,class5_singular,0.495977,0.557586,Both
engu-1.5,488),random_unrelated,,0.411718,0.307031,Both
ukaze,ukhiphe,morphological,class15_infinitive,0.385257,0.491154,Both
ubemthandazela,ubathintile,morphological,class11,0.447354,0.528412,Both
uhewlett.,uhlonishwe,morphological,class11,0.487745,0.552647,Both
abalulekile,abazama,morphological,class2_plural,0.511817,0.56709,Both
ubudokotela,"u-anthony,",morphological,class11,0.341136,0.464682,Both
noluthando,ukuthi,cooccurrence,freq=2,0.188521,0.333113,Both
nezihlahla,ubuso,cooccurrence,freq=2,0.425157,0.475094,Both
usuku,ulayini,morphological,class11,0.355574,0.473344,Both
esenzeka,825),random_unrelated,,0.323688,0.254213,Both
mbokodo,"ngaphandle,",random_unrelated,,0.260847,0.216508,Both
erick,izolo,cooccurrence,freq=2,0.608852,0.585311,Both
"ligi,",nobuhlungu,random_unrelated,,0.456886,0.334132,Both
sokuthi,omncane.,random_unrelated,,0.159684,0.15581,Both
izincwadi,izinhlelo,morphological,class8_plural,0.328692,0.457215,Both
bezifuqa,online,random_unrelated,,0.317149,0.250289,Both
bomdlalo,kungenze,cooccurrence,freq=2,0.410393,0.466236,Both
"esayidlalie,",kanye,cooccurrence,freq=2,0.309419,0.405652,Both
umhlengikazi,impilo,semantic_within,health,0.184023,0.410414,Both
izintaba,imithi,semantic_within,nature,0.479716,0.58783,Both
kanje.,"kusenesikhathi,”",cooccurrence,freq=2,0.475499,0.505299,Both
ngokuvubela,sokudubulana.,random_unrelated,,0.325564,0.255339,Both
inja,lendlu.,cooccurrence,freq=2,0.736965,0.662179,Both
umfundi,imfundo,semantic_within,education,0.517438,0.610463,Both
isilonda,kuchaza,random_unrelated,,0.315187,0.249112,Both
wukubuyekeza,850),random_unrelated,,0.474827,0.344896,Both
enye,nansi,cooccurrence,freq=4,0.48407,0.510442,Both
umcimbi,wakhe,cooccurrence,freq=4,0.3563,0.43378,Both
amabhayisikili,amathuba.,morphological,class6_plural,0.554286,0.592572,Both
inkampani,ukudlala,semantic_across,money_vs_sport,0.172686,0.223611,Both
elincane.,"izingoma,",random_unrelated,,0.213012,0.187807,Both
nokuzidela,ezimpilweni,random_unrelated,,0.328983,0.25739,Both
ekufeni,iyakwazi,random_unrelated,,0.166633,0.15998,Both
uhulumeni,umbuso,semantic_within,government,0.473372,0.584023,Both
kodwa,kungani,cooccurrence,freq=4,0.317211,0.410327,Both
nokunika,inkanyezi,random_unrelated,,0.25538,0.213228,Both
izingane,zihleka.,cooccurrence,freq=2,0.521094,0.532657,Both
ukuphinde,ukubhalwa,morphological,class15_infinitive,0.410735,0.506441,Both
emjahweni,owahlangabezana,cooccurrence,freq=144,0.681021,0.628613,Both
ithumele,i-arrows,random_unrelated,,0.184583,0.17075,Both
ukuveza,ukuthuthukiswa,morphological,class15_infinitive,0.386359,0.491816,Both
inkakha,inohlelo,morphological,class9_singular,0.392875,0.495725,Both
ngasethunjini,olwandulela,cooccurrence,freq=4,0.58918,0.573508,Both
yamagcokama,amavithamini,random_unrelated,,0.391927,0.295156,Both
obekwenza,"emfundweni,",random_unrelated,,0.292278,0.235367,Both
uhloniphe,uxhaso.,morphological,class11,0.256189,0.413713,Both
uwela,uphumelele,morphological,class11,0.251633,0.41098,Both
obekusobala,kufukuleka,random_unrelated,,0.269168,0.221501,Both
i-edendale,ilwe,morphological,class5_singular,0.324807,0.454884,Both
abafazi,abahlakaniphile,morphological,class2_plural,0.589506,0.613703,Both
isinkwa,ukuphuza,semantic_within,food,0.250495,0.450297,Both
udweshu,ungeniswe,morphological,class11,0.367155,0.480293,Both
okumenze,sokuhosha,cooccurrence,freq=2,0.551832,0.551099,Both
ilokishi,indlu,semantic_within,places,0.321481,0.492889,Both
ubuyela,ushukela,morphological,class11,0.631045,0.638627,Both
ethaveni.,zishabalalise,random_unrelated,,0.22342,0.194052,Both
afisa,ukusebenza,cooccurrence,freq=2,0.344251,0.426551,Both
sesibuka,zobubambo,random_unrelated,,0.331863,0.259118,Both
ukumiswa,ukuvuselelwa,morphological,class15_infinitive,0.572384,0.60343,Both
ikhibhodi,theknoloji,semantic_within,technology,0.554959,0.632975,Both
uhlele,ugqwaba,morphological,class11,0.325043,0.455026,Both
ezokhonjiswa,i-culinary,random_unrelated,,0.404444,0.302666,Both
idola,ingcebo,semantic_within,money,0.42895,0.55737,Both
nasezweni,"owayazi,",random_unrelated,,0.24357,0.206142,Both
idinga,nokuzethemba.,cooccurrence,freq=4,0.46587,0.499522,Both
kwafakwa,lokuhlakazwa,cooccurrence,freq=2,0.418083,0.47085,Both
"senona,","ingoma,",random_unrelated,,0.299829,0.239897,Both
"kwamathenda,",yokukhishwa,cooccurrence,freq=2,0.523664,0.534198,Both
abathandanayo,abavakasha,morphological,class2_plural,0.404676,0.502805,Both
ibay,incwadi.,random_unrelated,,0.397608,0.298565,Both
sizodonsa,wayo.,random_unrelated,,0.303993,0.242396,Both
"unakekeleke,",ushukela,morphological,class11,0.48393,0.550358,Both
kuleli,kusukela,cooccurrence,freq=2,0.385507,0.451304,Both
973),emshadweni.,cooccurrence,freq=2,0.784198,0.690519,Both
luphumelele,ekutholeni,random_unrelated,,0.271194,0.222716,Both
ekuphothuleni,ukucebisa,cooccurrence,freq=2,0.463063,0.497838,Both
yomsebenzi.,"esimisiwe,",random_unrelated,,0.35455,0.27273,Both
isithintwe,anikeza,random_unrelated,,0.198716,0.17923,Both
ngokudla,"umgwaqo,",cooccurrence,freq=2,0.385702,0.451421,Both
imoto,umabonakude,semantic_across,transport_vs_technology,0.348849,0.32931,Both
ubunjalo,ungazami,morphological,class11,0.41932,0.511592,Both
ngozankosi,izici,random_unrelated,,0.357603,0.274562,Both
871),zonke,cooccurrence,freq=2,0.627397,0.596438,Both
ugila,uqhube,morphological,class11,0.286921,0.432153,Both
kubheke,okuningi,cooccurrence,freq=2,0.390167,0.4541,Both
"zokuvota,",amakhambi,random_unrelated,,0.323841,0.254304,Both
ubusuku,uxhumano,morphological,class11,0.143799,0.346279,Both
okusho,oyi-aquatic,cooccurrence,freq=2,0.468403,0.501042,Both
baxhumana,oluhlaza.,random_unrelated,,0.176999,0.1662,Both
nokabza,bezofuna,random_unrelated,,0.345061,0.267037,Both
udkt,ucolonel,morphological,class11,0.378306,0.486984,Both
lo,mdlali,cooccurrence,freq=2,0.397119,0.458271,Both
abazange,abanentshisekelo,morphological,class2_plural,0.459364,0.535618,Both
futhi,ne-grille,cooccurrence,freq=2,0.198822,0.339293,Both
nengenabo,ugogo,random_unrelated,,0.35492,0.272952,Both
ixoxa,"ukuxhumana,",random_unrelated,,0.423569,0.314141,Both
"ezine,","ukuwabulala,",random_unrelated,,0.322161,0.253296,Both
amandla,ezempilo,cooccurrence,freq=2,0.265695,0.379417,Both
u-matric,ulieutenant,morphological,class11,0.42414,0.514484,Both
babeyigila,kwalokho,cooccurrence,freq=2,0.523489,0.534093,Both
imeya,uhulumeni,semantic_within,government,0.329506,0.497704,Both
ulishebe,uweisy,morphological,class11,0.481119,0.548671,Both
ivula,ihanjwe,morphological,class5_singular,0.439217,0.52353,Both
cishe,usuqede,cooccurrence,freq=2,0.692174,0.635304,Both
udokotela,ukugula,semantic_within,health,0.400262,0.540157,Both
indoda,umndeni,semantic_within,family,0.478175,0.586905,Both
uyamaniswa,"ubumningi,",morphological,class11,0.326637,0.455982,Both
ukusebenzisana,ukuyithwalisa,morphological,class15_infinitive,0.396968,0.498181,Both
kwathi,zagcinwa,cooccurrence,freq=2,0.396301,0.457781,Both
uzizwa,uvakashela,morphological,class11,0.225065,0.395039,Both
udkt,ult,morphological,class11,0.402923,0.501754,Both
benengoma,ingoma,cooccurrence,freq=2,0.761837,0.677102,Both
sihlala,"okunamafutha,",random_unrelated,,0.250922,0.210553,Both
ihlosi,isitimela,semantic_across,animals_vs_transport,0.367218,0.340331,Both
endleleni,eya,cooccurrence,freq=2,0.337121,0.422273,Both
ngimbonile,abathengi,random_unrelated,,0.510534,0.36632,Both
ayenze,abequlwa,random_unrelated,,0.381267,0.28876,Both
usikhulisile,u-r5,morphological,class11,0.441555,0.524933,Both
incike,infotainment,morphological,class9_singular,0.494947,0.556968,Both
kukhulu,ukuncintisana,cooccurrence,freq=2,0.31648,0.409888,Both
isinkwa,indishi,semantic_within,food,0.472473,0.583484,Both
iqale,ihlanziwe,morphological,class5_singular,0.372137,0.483282,Both
anciphise,ukuba,cooccurrence,freq=2,0.33312,0.419872,Both
lesishayamthetho,umahlaba,cooccurrence,freq=4,0.630611,0.598367,Both
ukuya,"yakamuva,",cooccurrence,freq=30,0.454846,0.492907,Both
enkantolo,umbuso,cooccurrence,freq=2,0.485622,0.511373,Both
ukukhulume,nabungozi,random_unrelated,,0.363154,0.277893,Both
ibhotela,isitsha,semantic_within,food,0.481902,0.589141,Both
sabo,ukubaluleka,cooccurrence,freq=4,0.428515,0.477109,Both
kunikeze,"ngolwesithathu,",random_unrelated,,0.233263,0.199958,Both
insizwa,oluqhubekayo.,random_unrelated,,0.306645,0.243987,Both
kumnikeza,iyakhathaza.,random_unrelated,,0.276712,0.226027,Both
nokuzigoqa,zamaciko,random_unrelated,,0.263004,0.217803,Both
uzama,ucaciseleka,morphological,class11,0.430983,0.51859,Both
iphepha,ukubhala,semantic_within,education,0.475017,0.58501,Both
sokutakula,akahle,random_unrelated,,0.244875,0.206925,Both
usemncane,uvuleke,morphological,class11,0.373403,0.484042,Both
unontokozo,izinkomo.,random_unrelated,,0.219893,0.191936,Both
bedubulana,namaphoyisa,cooccurrence,freq=4,0.644116,0.60647,Both
usukume,uqinisa,morphological,class11,0.267168,0.420301,Both
"printing,",yokwakha,cooccurrence,freq=2,0.555508,0.553305,Both
"kuzwelonke,",wezokubusa,cooccurrence,freq=2,0.568898,0.561339,Both
uthubeleza,uzandile,morphological,class11,0.365256,0.479154,Both
ivela,idolo,morphological,class5_singular,0.340965,0.464579,Both
uyamaniswa,uchilize,morphological,class11,0.407265,0.504359,Both
inyama,imifino,semantic_within,food,0.444594,0.566756,Both
amaholidi,njengoba,cooccurrence,freq=2,0.258246,0.374948,Both
usemusha,uyazilungiselela,morphological,class11,0.396508,0.497905,Both
usuqede,uwubudlelwane,morphological,class11,0.357575,0.474545,Both
imfundo,ukukulungisa,cooccurrence,freq=4,0.434353,0.480612,Both
zefirst,kuveziwe,random_unrelated,,0.452464,0.331479,Both
bhizinisi,kungaholeli,random_unrelated,,0.224723,0.194834,Both
865),"ambalwa,",random_unrelated,,0.343514,0.266108,Both
zangemuva,ukubhalwa,random_unrelated,,0.244752,0.206851,Both
uthando,ungayi,morphological,class11,0.248406,0.409043,Both
nebanga,942),random_unrelated,,0.330208,0.258125,Both
zenjabulo,kangcono.,random_unrelated,,0.392865,0.295719,Both
sakhe,iziqu,random_unrelated,,0.273972,0.224383,Both
unkk,udale,morphological,class11,0.326189,0.455713,Both
thokozani,uqale,cooccurrence,freq=2,0.413982,0.468389,Both
ngokumbuyisela,izinkinga,random_unrelated,,0.245004,0.207002,Both
"ukuzijabulisa,",ukukwelapha.,morphological,class15_infinitive,0.333724,0.460234,Both
izithelo,nendaba,random_unrelated,,0.286025,0.231615,Both
ukhuni,imithi,semantic_within,nature,0.263814,0.458288,Both
ubumnandi,uzwe,cooccurrence,freq=2,0.399661,0.459796,Both
sekucaca,libuze,random_unrelated,,0.429732,0.317839,Both
uwucishe,ur20,morphological,class11,0.529611,0.577766,Both
ebebhekene,necala,cooccurrence,freq=2,0.661078,0.616647,Both
moh,umawhoo,cooccurrence,freq=2,0.818571,0.711143,Both
uzimisele,usiba,morphological,class11,0.192716,0.37563,Both
ukhohlwe,ukhululeke.,morphological,class15_infinitive,0.425912,0.515547,Both
amaciko,iciko,cooccurrence,freq=2,0.801647,0.700988,Both
impumelelo,ngokuhleleka,cooccurrence,freq=2,0.409674,0.465804,Both
ufunda,uvezele,morphological,class11,0.284208,0.430525,Both
ibe,ibimayelana,morphological,class5_singular,0.296073,0.437644,Both
uzobusebenzisa,usehoxa,morphological,class11,0.478588,0.547153,Both
umtapo,imidlalo,semantic_across,education_vs_sport,0.197536,0.238522,Both
"usithole,",usungayisebenzisa,morphological,class11,0.360603,0.476362,Both
zokubambelela,yisikhulu,random_unrelated,,0.190473,0.174284,Both
amava,angisize,cooccurrence,freq=2,0.492909,0.515745,Both
"uuzovakasha,",ukunikeza,random_unrelated,,0.312926,0.247756,Both
iphezulu,iwest.,morphological,class5_singular,0.450079,0.530048,Both
abadlali,esuka,cooccurrence,freq=2,0.39571,0.457426,Both
ibhange,ukonga,semantic_within,money,0.380724,0.528435,Both
ukuthi,uramaphosa,cooccurrence,freq=4,0.180086,0.328052,Both
behlanganyela,umfundi,cooccurrence,freq=2,0.367735,0.440641,Both
wezindawo,zasemalokishini,cooccurrence,freq=4,0.579797,0.567878,Both
ukugwema,ukuhola,morphological,class15_infinitive,0.471498,0.542899,Both
ngenye,ubuye,cooccurrence,freq=2,0.38905,0.45343,Both
icala,isizwe,semantic_within,government,0.211801,0.427081,Both
ulayini,uzolimala,morphological,class11,0.522721,0.573633,Both
uphiko,ubudokotela.”,morphological,class11,0.27326,0.423956,Both
ubelimele,ubesebenza,morphological,class11,0.338673,0.463204,Both
ikhumalo's,ibanyana,morphological,class5_singular,0.460188,0.536113,Both
umndeni,abantu,semantic_within,family,0.219334,0.431601,Both
wafika,zalo,random_unrelated,,0.279821,0.227893,Both
ingane,abantu,semantic_within,family,0.19265,0.41559,Both
umkhankaso,umndeni.,morphological,class1_singular,0.147677,0.348606,Both
ipastors,"itheku,",morphological,class5_singular,0.375165,0.485099,Both
yetheku,babo,random_unrelated,,0.245309,0.207185,Both
womndeni.,okuzoba,random_unrelated,,0.175589,0.165353,Both
paramedics,owesifazane,random_unrelated,,0.319755,0.251853,Both
imali,amasheya,semantic_within,money,0.21833,0.430998,Both
balapha,"zonke,",cooccurrence,freq=2,0.377785,0.446671,Both
izinto,yini,cooccurrence,freq=2,0.225256,0.355154,Both
umvuzo,umkhumbi,morphological,class1_singular,0.497423,0.558454,Both
kwesimemezelo,enganeni,random_unrelated,,0.283995,0.230397,Both
isimo,kusho,cooccurrence,freq=2,0.293411,0.396047,Both
ukulandela,ukuzibophezela,morphological,class15_infinitive,0.579885,0.607931,Both
"i-addington,",kulandela,cooccurrence,freq=2,0.479873,0.507924,Both
isizwe,imidlalo,semantic_across,government_vs_sport,0.144372,0.206623,Both
ubungazinakile,ngodedangendlale,random_unrelated,,0.50282,0.361692,Both
elahlwa,enkantolo,cooccurrence,freq=2,0.565887,0.559532,Both
ukumsiza,ukudayisa,morphological,class15_infinitive,0.391101,0.494661,Both
kwirhod,ayigomela,random_unrelated,,0.415958,0.309575,Both
imifino,incwadi,semantic_across,food_vs_education,0.405693,0.363416,Both
ukuze,esihle.,random_unrelated,,0.254542,0.212725,Both
i-video,ibonise,morphological,class5_singular,0.278029,0.426817,Both
obuhle.,asingenanga,random_unrelated,,0.265505,0.219303,Both
ngokubhekana,ngokuzethemba.,cooccurrence,freq=2,0.621742,0.593045,Both
sesacp,kufakazela,random_unrelated,,0.420171,0.312103,Both
umfana,abantu,semantic_within,family,0.264191,0.458514,Both
ibheyili,seluzohambisana,random_unrelated,,0.28809,0.232854,Both
engizoba,mina,cooccurrence,freq=2,0.570825,0.562495,Both
agwetshwe,bobunzima,random_unrelated,,0.201903,0.181142,Both
inyuvesi,ulwazi,semantic_within,education,0.511077,0.606646,Both
ukwandisa,ukuphelelwa,morphological,class15_infinitive,0.264802,0.418881,Both
"usithole,","ungowakho,",morphological,class11,0.381234,0.48874,Both
uphiko,ulwazi.,morphological,class11,0.241443,0.404866,Both
kanzima,kungaholeli,cooccurrence,freq=2,0.37374,0.444244,Both
kumenywe,endala,random_unrelated,,0.240443,0.204266,Both
baphumelele,ngokuzethemba.,random_unrelated,,0.336913,0.262148,Both
kuzisize,nezingane,cooccurrence,freq=2,0.277399,0.38644,Both
uzizwa,"ibandla,",random_unrelated,,0.30248,0.241488,Both
ubheka,sakusihlwa,random_unrelated,,0.381476,0.288885,Both
efika,walithatha.,cooccurrence,freq=2,0.52733,0.536398,Both
izakhamizi,phakathi,cooccurrence,freq=2,0.261766,0.37706,Both
uhalalisele,ubengakabi,morphological,class11,0.235456,0.401274,Both
ubengakabi,ubungayi,morphological,class11,0.419314,0.511588,Both
akatholakalanga,ukungcola,random_unrelated,,0.288165,0.232899,Both
ubisi,u-r32,morphological,class11,0.370279,0.482167,Both
icala,isibhamu,semantic_within,police_law,0.393337,0.536002,Both
kweqe,ifundwe,random_unrelated,,0.282445,0.229467,Both
amaciko,amarobhothi,morphological,class6_plural,0.649985,0.649991,Both
inkosi,icala,semantic_within,government,0.518746,0.611248,Both
cape,ezindaweni,cooccurrence,freq=4,0.313547,0.408128,Both
kuka-60,kule,cooccurrence,freq=2,0.512544,0.527527,Both
emoto,esihle.,cooccurrence,freq=2,0.30415,0.40249,Both
"unwabu,",unikele,morphological,class11,0.312326,0.447395,Both
ukuqinisa,ukucebisa,morphological,class15_infinitive,0.624097,0.634458,Both
izindlu,izinsuku,morphological,class8_plural,0.426473,0.515884,Both
bale,nokubekezelelana.,random_unrelated,,0.365191,0.279114,Both
izikhalo,ukuze,cooccurrence,freq=16,0.34699,0.428194,Both
ukuphazanyiswa,ukuzibophezela,morphological,class15_infinitive,0.292001,0.4352,Both
ngaleso,zithuthuke.,random_unrelated,,0.303818,0.242291,Both
ukusekela,ukumelana,morphological,class15_infinitive,0.469096,0.541457,Both
enyuvesi.,ukuya,cooccurrence,freq=2,0.493992,0.516395,Both
(ports),base-umlazi,random_unrelated,,0.44612,0.327672,Both
uvala,unikwa,morphological,class11,0.340409,0.464246,Both
elikhulu.,591),random_unrelated,,0.325676,0.255406,Both
ubuhlobo,utsepang,morphological,class11,0.347664,0.468598,Both
ulwazi,uvala,morphological,class11,0.110233,0.32614,Both
iconstruction,ijaha,morphological,class5_singular,0.358453,0.475072,Both
umr,uxaba,morphological,class11,0.345464,0.467278,Both
nokungapheli,zikhula.,cooccurrence,freq=2,0.434883,0.48093,Both
kuqinisekiswe,ukuze,cooccurrence,freq=6,0.332637,0.419582,Both
"eziqinile,",ziphumula,random_unrelated,,0.506068,0.363641,Both
"lwamacala,",bakugweme,random_unrelated,,0.254991,0.212995,Both
lwegazi,apike,random_unrelated,,0.322509,0.253506,Both
inja,izinja,semantic_within,animals,0.573282,0.643969,Both
yisamro.,wathola,random_unrelated,,0.335726,0.261436,Both
banyana,kudingeka,random_unrelated,,0.224779,0.194867,Both
"abesifazane,",ushelele,random_unrelated,,0.205866,0.18352,Both
isizwe,inkantolo,semantic_across,government_vs_police_law,0.337628,0.322577,Both
unontokozo,sezibhamu,random_unrelated,,0.358495,0.275097,Both
ibhange,umrepha,semantic_across,money_vs_music,0.486598,0.411959,Both
kwabanye,ngezinyawo,cooccurrence,freq=4,0.416331,0.469799,Both
azibeke,nodumo,random_unrelated,,0.350166,0.2701,Both
ezihlonipha,"ngizokutshela,",random_unrelated,,0.328472,0.257083,Both
ukungenami,ukwesekana,morphological,class15_infinitive,0.399692,0.499815,Both
izikole,kahle.,cooccurrence,freq=4,0.273405,0.384043,Both
isinqumo,isivela,morphological,class7_singular,0.433814,0.520288,Both
ziphilile,ipaki,random_unrelated,,0.407568,0.304541,Both
wenjini,yezinkomo,random_unrelated,,0.329561,0.257737,Both
ethi,uyayithanda,cooccurrence,freq=2,0.388568,0.453141,Both
ngigabe,isiguli,random_unrelated,,0.337343,0.262406,Both
ummangalewa,umsunguli,morphological,class1_singular,0.52922,0.577532,Both
enakho,quthu,random_unrelated,,0.169499,0.161699,Both
izethameli,783),random_unrelated,,0.431775,0.319065,Both
osomabhizinisi,ukuqhamuka,cooccurrence,freq=2,0.41495,0.46897,Both
lokho,naye,cooccurrence,freq=2,0.305058,0.403035,Both
uthumela,usesize,morphological,class11,0.292051,0.435231,Both
ukuzijabulisa,zingubo,cooccurrence,freq=278,0.515497,0.529298,Both
"nohulumeni,",okwenza,cooccurrence,freq=4,0.250268,0.370161,Both
enew,"york,",cooccurrence,freq=2,0.749148,0.669489,Both
ezindaweni,kwa-34,cooccurrence,freq=2,0.267645,0.380587,Both
eziveza,webig,random_unrelated,,0.378342,0.287005,Both
umuntu,yomsebenzi,cooccurrence,freq=2,0.336739,0.422044,Both
emiqhudelwaneni,isikhathi,cooccurrence,freq=2,0.218397,0.351038,Both
idinga,umntwana,cooccurrence,freq=2,0.330051,0.418031,Both
imicabango,yawo,cooccurrence,freq=2,0.453898,0.492339,Both
esifuna,uphahla.,random_unrelated,,0.412846,0.307708,Both
abalimi,ukuze,cooccurrence,freq=4,0.331124,0.418674,Both
"ukuqonda,",ukuwuphuza,morphological,class15_infinitive,0.418991,0.511395,Both
ukubekezela,okubonakala,random_unrelated,,0.231599,0.198959,Both
indlovukazi,inkohlakalo,semantic_within,government,0.568398,0.641039,Both
iphepha,isivivinyo,semantic_within,education,0.515283,0.60917,Both
644),kwezihlahla,random_unrelated,,0.394025,0.296415,Both
ochaza,kwikhomishini.,random_unrelated,,0.284968,0.230981,Both
uradebe,ubizo,morphological,class11,0.26192,0.417152,Both
izicelo,izinhlamvu,morphological,class8_plural,0.498739,0.559243,Both
zindlu,igama,random_unrelated,,0.246529,0.207917,Both
bebanga,maskandi,cooccurrence,freq=2,0.37298,0.443788,Both
kungenwa,ngiyenza,random_unrelated,,0.211009,0.186606,Both
ngoba,sizibona,cooccurrence,freq=2,0.298212,0.398927,Both
ibandla,ithengwe,morphological,class5_singular,0.307146,0.444288,Both
imimoya,uma,cooccurrence,freq=2,0.303083,0.40185,Both
"asebuhleni,",umnuz,cooccurrence,freq=2,0.478637,0.507182,Both
general,lenhloko,cooccurrence,freq=2,0.573468,0.564081,Both
ucingo,umsakazo,semantic_within,technology,0.227983,0.43679,Both
wayeqaphela,bagcina,random_unrelated,,0.176006,0.165603,Both
engabona,eziyisishiyagalombili.,random_unrelated,,0.279111,0.227467,Both
uhambisa,ubhekani,morphological,class11,0.269221,0.421532,Both
eliyisikhasimende,kunoma,random_unrelated,,0.394402,0.296641,Both
inkampani,idola,semantic_within,money,0.392241,0.535344,Both
ubizo,udadewabo,morphological,class11,0.168055,0.360833,Both
igcine,iqala,morphological,class5_singular,0.394938,0.496963,Both
ngafundiswa,ezinamathuba,random_unrelated,,0.211767,0.18706,Both
kodwa,lezi,cooccurrence,freq=4,0.293936,0.396361,Both
aduduze,ephephile,cooccurrence,freq=2,0.560138,0.556083,Both
miningi.,okuvotwa,cooccurrence,freq=2,0.486437,0.511862,Both
amasheya,idola,semantic_within,money,0.289339,0.473603,Both
ukonga,ingcebo,semantic_within,money,0.410027,0.546016,Both
yasala,"ethekwini,",random_unrelated,,0.206545,0.183927,Both
"africa,",70),random_unrelated,,0.305158,0.243095,Both
thokozani,"wabazali,",cooccurrence,freq=2,0.58744,0.572464,Both
ihlathi,imifula,semantic_within,nature,0.461837,0.577102,Both
ingoma,ikhwaya,semantic_within,music,0.381244,0.528746,Both
isitimela,uhambo,semantic_within,transport,0.345948,0.507569,Both
idolo,iphoyisa,morphological,class5_singular,0.284319,0.430591,Both
ngakho,ngingafakwanga,cooccurrence,freq=2,0.520398,0.532239,Both
uzwe,uyogubha,morphological,class11,0.523867,0.57432,Both
okumele,osuke,cooccurrence,freq=2,0.259205,0.375523,Both
engu-30,nomakhalekhukhwini,random_unrelated,,0.342795,0.265677,Both
benze,imisebenzi,cooccurrence,freq=4,0.482632,0.509579,Both
okubhekwe,"amaphupho,",random_unrelated,,0.260123,0.216074,Both
859),engazi,random_unrelated,,0.393263,0.295958,Both
esiphezulu.,izigodi,random_unrelated,,0.235024,0.201015,Both
nasezindaweni,okwenza,cooccurrence,freq=2,0.281842,0.389105,Both
senza,ngisenga,random_unrelated,,0.435495,0.321297,Both
uyazilungiselela,usanethuba,morphological,class11,0.202966,0.38178,Both
uze,"usebenzile,""",morphological,class11,0.420203,0.512122,Both
inyoni,izinja,semantic_within,animals,0.344676,0.506805,Both
incwadi,imfundo,semantic_within,education,0.21403,0.428418,Both
umama,umqeqeshi,morphological,class1_singular,0.268604,0.421162,Both
usinokholo.,ungayi,morphological,class11,0.270173,0.422104,Both
unginikeze,uwumholi,morphological,class11,0.380805,0.488483,Both
management.,amagatsha,random_unrelated,,0.282605,0.229563,Both
engibona,lula.,cooccurrence,freq=2,0.41514,0.469084,Both
kuyisifundo,ukuzimisela,cooccurrence,freq=98,0.519329,0.531597,Both
unkk,ugcizelele,morphological,class11,0.369416,0.481649,Both
ukwelapha,impilo,semantic_within,health,0.375248,0.525149,Both
imifino,indishi,semantic_within,food,0.405176,0.543106,Both
inomsindo,yesizulu.,random_unrelated,,0.308739,0.245243,Both
efike,871),random_unrelated,,0.32356,0.254136,Both
ze-computer,3-0,random_unrelated,,0.343836,0.266302,Both
ilanga,amafasitela,random_unrelated,,0.433836,0.320302,Both
kudalulwe,umr,cooccurrence,freq=2,0.529224,0.537535,Both
ibhizinisi,ukuhhubhuza,random_unrelated,,0.297815,0.238689,Both
gobi,wumaphorisa,cooccurrence,freq=2,0.615172,0.589103,Both
ilambile,ibhalisele,morphological,class5_singular,0.332948,0.459769,Both
ukwehluleka,iveni.,random_unrelated,,0.342689,0.265613,Both
stellenbosch;,ukuxinwa,random_unrelated,,0.381072,0.288643,Both
unesiyezi,uphumelele,morphological,class11,0.315248,0.449149,Both
ikhibhodi,ucingo,semantic_within,technology,0.416563,0.549938,Both
nemthetho,ogwini,random_unrelated,,0.377134,0.28628,Both
kodwa,induna,random_unrelated,,0.247549,0.208529,Both
awusenzi,"ngemvelo,",random_unrelated,,0.263201,0.217921,Both
nemincintiswano,abantu,random_unrelated,,0.236975,0.202185,Both
kwazulu-natal.,nemisipha,random_unrelated,,0.256098,0.213659,Both
ukudla,isinkwa,semantic_within,food,0.362263,0.517358,Both
emphakathini.,izinkinga,cooccurrence,freq=4,0.426601,0.47596,Both
amanzi,ezitshalweni,cooccurrence,freq=2,0.443859,0.486316,Both
adayiswa,imikhiqizo,cooccurrence,freq=2,0.490712,0.514427,Both
"ekwakheni,”",yomakhelwane,random_unrelated,,0.401147,0.300688,Both
"izinto,",ukugxila,random_unrelated,,0.331422,0.258853,Both
ucingo,ungayi,morphological,class11,0.309587,0.445752,Both
nabantwana.,osemusha,cooccurrence,freq=2,0.480505,0.508303,Both
imali,inkampani,semantic_within,money,0.303668,0.482201,Both
amasimu,amatafula,morphological,class6_plural,0.617189,0.630313,Both
izivivinyo.,yakhe,cooccurrence,freq=2,0.369184,0.44151,Both
ucingo,isiko,semantic_across,technology_vs_culture,0.217304,0.250382,Both
ekhiqiza,usalinde,random_unrelated,,0.317527,0.250516,Both
ngobuqotho.,yokuthandana,cooccurrence,freq=2,0.522694,0.533616,Both
"ubufakazi,",ungalihloniphi,morphological,class11,0.382062,0.489237,Both
izintaba,ilokishi,semantic_across,nature_vs_places,0.353616,0.332169,Both
bazoyithathaphi,nokuthi,cooccurrence,freq=4,0.384133,0.45048,Both
isibhamu,isiteshi,semantic_within,police_law,0.58628,0.651768,Both
kwabanye,okukhulu,cooccurrence,freq=2,0.271208,0.382725,Both
“sengithi,izifiso,random_unrelated,,0.37268,0.283608,Both
uzobe,uvumelene,morphological,class11,0.269634,0.42178,Both
ngayo,yini.,cooccurrence,freq=2,0.295929,0.397557,Both
uzwa,udadewabo,morphological,class11,0.330278,0.458167,Both
uhulumeni,icala,semantic_within,government,0.22664,0.435984,Both
ulimit,uvuke,morphological,class11,0.240026,0.404015,Both
ukuzethemba.,ukudlalwa,morphological,class15_infinitive,0.271294,0.422777,Both
isiqashe,iseqophelweni,morphological,class7_singular,0.374463,0.484678,Both
ufike,usasebenza.,morphological,class11,0.366322,0.479793,Both
"kwekhofi,",lokuqonda,cooccurrence,freq=2,0.552607,0.551564,Both
evimbela,zase-eastern,random_unrelated,,0.446545,0.327927,Both
"uuzovakasha,",uyijeqeza,morphological,class11,0.366433,0.47986,Both
izintaba,imifula,semantic_within,nature,0.521038,0.612623,Both
kushone,yibona,random_unrelated,,0.549044,0.389426,Both
ezisalindile,kukhona,cooccurrence,freq=2,0.413249,0.467949,Both
ezidinga,ngaphandle,cooccurrence,freq=2,0.271565,0.382939,Both
317),zonke,cooccurrence,freq=2,0.641442,0.604865,Both
"zinselelo,",bekwazisa,random_unrelated,,0.349459,0.269675,Both
izimbangi,pajero,cooccurrence,freq=2,0.691001,0.6346,Both
unosipho.,ulalelwa,morphological,class11,0.367067,0.48024,Both
(esho,sendlu,random_unrelated,,0.309849,0.245909,Both
abantu,beziphumulela,cooccurrence,freq=2,0.329454,0.417673,Both
owayengekho,yomuntu.,random_unrelated,,0.28738,0.232428,Both
ibizimali,"i-mathemetics,",morphological,class5_singular,0.395939,0.497563,Both
mfowethu,umabonakude,semantic_across,family_vs_technology,0.311665,0.306999,Both
abaningi,abangayeki,morphological,class2_plural,0.51425,0.56855,Both
ngokuhlaba,olufinyelela,random_unrelated,,0.262883,0.21773,Both
ungeneme,uqinisa,morphological,class11,0.360105,0.476063,Both
mgudu,nezintaba,random_unrelated,,0.373232,0.283939,Both
ezingalweni,wayeyilawula,random_unrelated,,0.153092,0.151855,Both
ugila,ubesebenza,morphological,class11,0.236024,0.401615,Both
abakhulekeli.,abazimisele,morphological,class2_plural,0.498431,0.559058,Both
okuhle,phakathi,cooccurrence,freq=12,0.274219,0.384531,Both
nomthetho,"ukunikela,",random_unrelated,,0.355432,0.273259,Both
abadubulekile,abangu-10.,morphological,class2_plural,0.516588,0.569953,Both
kusemqondweni,nohlelo,cooccurrence,freq=4,0.540547,0.544328,Both
"emisebenzi,",zithinta,cooccurrence,freq=2,0.429215,0.477529,Both
ukusola,ukushesha,morphological,class15_infinitive,0.569008,0.601405,Both
emikhulu.,engaliculanga.,cooccurrence,freq=2,0.465596,0.499358,Both
ilokhu,i-3d,morphological,class5_singular,0.344421,0.466653,Both
amazinga,ngiqinisekise,cooccurrence,freq=2,0.396838,0.458103,Both
imali,ingcebo,semantic_within,money,0.367345,0.520407,Both
bona,kusizwe,cooccurrence,freq=4,0.4425,0.4855,Both
ukuhamba,uhambo,semantic_within,transport,0.649141,0.689484,Both
iciko,ibhotela,morphological,class5_singular,0.314623,0.448774,Both
ukuphasa,ukuhlunga,morphological,class15_infinitive,0.349065,0.469439,Both
uhulumeni,inkohlakalo,semantic_within,government,0.287036,0.472222,Both
enyuvesi,nemfundo,cooccurrence,freq=4,0.524421,0.534653,Both
lukazwelonke,ukushaqeka,random_unrelated,,0.443656,0.326193,Both
797),ekwebiweni,random_unrelated,,0.305893,0.243536,Both
usemncane,bafaka,random_unrelated,,0.220532,0.192319,Both
"people,",uze,cooccurrence,freq=2,0.56887,0.561322,Both
ubunjalo,ufebhuwari,morphological,class11,0.264064,0.418439,Both
lwabo,ngenkathi,cooccurrence,freq=2,0.311926,0.407155,Both
ukuyozijabulisa,uma,cooccurrence,freq=2,0.248515,0.369109,Both
nokwe.,"arrows,",random_unrelated,,0.330718,0.258431,Both
izinyathelo,izikebhe,morphological,class8_plural,0.550357,0.590214,Both
ukudla,ukuphuza,semantic_within,food,0.450529,0.570317,Both
bebona,nokusetshenziswa,random_unrelated,,0.299192,0.239515,Both
indoda,ubuntu,semantic_across,family_vs_culture,0.357167,0.3343,Both
ugogo,upikwe,morphological,class11,0.23477,0.400862,Both
umhlengikazi,umculo,semantic_across,health_vs_music,0.211919,0.247152,Both
ngebhodwe,abalimi,random_unrelated,,0.330359,0.258215,Both
ukuphuza,umfula,semantic_across,food_vs_nature,0.491029,0.414617,Both
ibhakede.,imi,morphological,class5_singular,0.216617,0.38997,Both
iziqholo,sonto.,random_unrelated,,0.376639,0.285983,Both
izinkomba,mutyaba,cooccurrence,freq=2,0.563795,0.558277,Both
unasty,uhambele,morphological,class11,0.329097,0.457458,Both
ebhilodini.,"zakho?""",random_unrelated,,0.289142,0.233485,Both
kufakwa,"zabo,",cooccurrence,freq=2,0.315337,0.409202,Both
seyithola,kuchaza,random_unrelated,,0.354823,0.272894,Both
nasekilasini,wachitha.,random_unrelated,,0.31051,0.246306,Both
ikhompiyutha,ikhibhodi,semantic_within,technology,0.748552,0.749131,Both
nezibonelo,ezingasetshenziswa,random_unrelated,,0.416699,0.31002,Both
ngokusigxeka,imaskandi,random_unrelated,,0.420973,0.312584,Both
lwesizulu.,umbono,cooccurrence,freq=2,0.497501,0.5185,Both
yena,493),random_unrelated,,0.359194,0.275516,Both
lokufinyelela,nokwakha,cooccurrence,freq=2,0.331004,0.418602,Both
law,the,cooccurrence,freq=2,0.542914,0.545749,Both
edlala,okuyi-signature,random_unrelated,,0.308068,0.244841,Both
umasipala,icala,semantic_within,government,0.529349,0.617609,Both
599),emshadweni.,cooccurrence,freq=2,0.768796,0.681278,Both
amakhompyutha,amarimu,morphological,class6_plural,0.569314,0.601589,Both
ibhola,imidlalo,semantic_within,sport,0.342434,0.50546,Both
"u-anthony,",ungumuntu,morphological,class11,0.492166,0.5553,Both
imeya,umbuso,semantic_within,government,0.514756,0.608854,Both
ukuzilolonga,"ukuhloniphana,",morphological,class15_infinitive,0.460269,0.536161,Both
usipho,ucic,morphological,class11,0.405744,0.503446,Both
amanzi,imvelo,semantic_within,nature,0.307591,0.484555,Both
ufundisa,uvakashela,morphological,class11,0.23147,0.398882,Both
zakamuva.,kusese,random_unrelated,,0.366579,0.279947,Both
ubonane,usewole,morphological,class11,0.3339,0.46034,Both
umgodi,umlando,morphological,class1_singular,0.457819,0.534692,Both
kwathathwa,ezifundile,random_unrelated,,0.270758,0.222455,Both
uthisha,ukufunda,semantic_within,education,0.350902,0.510541,Both
okwabulawa,umahlaba,cooccurrence,freq=4,0.611559,0.586935,Both
amazambane,ikhukhamba,semantic_within,food,0.550683,0.63041,Both
elivele,efunekayo,random_unrelated,,0.396084,0.29765,Both
uhla,uhlolwe,morphological,class11,0.496818,0.558091,Both
ukwelapha,isifo,semantic_within,health,0.587756,0.652654,Both
lwamaphepha,uxhaxha,cooccurrence,freq=2,0.607857,0.584714,Both
ilanga,kwezamabhizinisi,random_unrelated,,0.100474,0.120284,Both
wukumila,ukuwela,random_unrelated,,0.571322,0.402793,Both
iqhude,ihlosi,semantic_within,animals,0.393162,0.535897,Both
"u-amandlenkosi,",usetshenziswa,morphological,class11,0.293052,0.435831,Both
kokulungisa,umshayeli,cooccurrence,freq=2,0.302968,0.401781,Both
uqinise,ugqwaba,morphological,class11,0.229446,0.397668,Both
kanye,"nabanye,",cooccurrence,freq=2,0.394949,0.456969,Both
elizohambisana,sezingeni,cooccurrence,freq=2,0.404044,0.462426,Both
uhlale,ukuthi,cooccurrence,freq=6,0.228873,0.357324,Both
mfowethu,umuntu,semantic_within,family,0.168103,0.400862,Both
ukuphelelwa,177),random_unrelated,,0.239767,0.20386,Both
ibhekene,"kwamashu,",random_unrelated,,0.320113,0.252068,Both
isinkwa,inyama,semantic_within,food,0.367856,0.520714,Both
esingakhonjiswanga,pajero,random_unrelated,,0.405712,0.303427,Both
izihlalo,zifakwe,cooccurrence,freq=2,0.507927,0.524756,Both
aphathwe,zebhayibheli,random_unrelated,,0.184317,0.17059,Both
wakhe.,enyuvesi.,random_unrelated,,0.333928,0.260357,Both
iqembu,iyashesha,morphological,class5_singular,0.353969,0.472381,Both
novirginia,nemicimbi,random_unrelated,,0.337045,0.262227,Both
wezinhliziyo,emfuleni.,random_unrelated,,0.354127,0.272476,Both
"impilo,",lokuba,cooccurrence,freq=2,0.274668,0.384801,Both
"obuhle,",zabo,cooccurrence,freq=4,0.2704,0.38224,Both
umakhalekhukhwini,umlobi,morphological,class1_singular,0.53905,0.58343,Both
inyoni,izimvu,semantic_within,animals,0.439359,0.563615,Both
abanginikeza,abangavunyelwe,morphological,class2_plural,0.539671,0.583803,Both
sedatha,sikhuluma,random_unrelated,,0.237786,0.202671,Both
ngicabanga,bawenza,random_unrelated,,0.377426,0.286455,Both
ihlathi,umfula,semantic_within,nature,0.458807,0.575284,Both
312),emshadweni.,cooccurrence,freq=2,0.793288,0.695973,Both
azosebenzisa,indlela,cooccurrence,freq=2,0.349823,0.429894,Both
ezemidlalo,kubongwe,random_unrelated,,0.182385,0.169431,Both
zokuphumula,ihollywoodbets,random_unrelated,,0.333164,0.259898,Both
kumfundisa,"ukubekezelelana,",cooccurrence,freq=2,0.521246,0.532747,Both
u-ouaddou,uphumelele,morphological,class11,0.371212,0.482727,Both
udinga,ucabanga,morphological,class11,0.490116,0.55407,Both
selby,umklomelo,random_unrelated,,0.371353,0.282812,Both
kakhulu,womayelana,cooccurrence,freq=2,0.291149,0.39469,Both
esebenzisa,lokubona,cooccurrence,freq=2,0.256444,0.373867,Both
ukuhamba,isiteshi,semantic_across,transport_vs_police_law,0.285182,0.291109,Both
uramaphosa,18),random_unrelated,,0.390965,0.294579,Both
amanzi,amasudi,morphological,class6_plural,0.491094,0.554656,Both
mchunu,kwi-orlando,random_unrelated,,0.486564,0.351939,Both
"abazithandayo,",abafana,morphological,class2_plural,0.4668,0.54008,Both
abasebenzi,ligcwele,cooccurrence,freq=12,0.423208,0.473925,Both
izibalo,izingabunjalo,morphological,class8_plural,0.391967,0.49518,Both
"nezamaqanda,",namazwe,random_unrelated,,0.394562,0.296737,Both
isivela,isitsha,morphological,class7_singular,0.575749,0.605449,Both
yokufaka,amabhande,random_unrelated,,0.382529,0.289517,Both
"siyacela,""",ngifunda,random_unrelated,,0.34177,0.265062,Both
ukudla,inyama,semantic_within,food,0.389764,0.533858,Both
ubungayi,"ungowakho,",morphological,class11,0.530006,0.578003,Both
inqwaba,mgadli,cooccurrence,freq=2,0.592488,0.575493,Both
nomphumela,abawenzayo,random_unrelated,,0.279834,0.227901,Both
uvusa,ungakhohlwa,morphological,class11,0.161547,0.356928,Both
esihle.,921),random_unrelated,,0.271049,0.22263,Both
ntambama.,abawu-20,random_unrelated,,0.268814,0.221289,Both
"kolwandle,",ngolwesine.,random_unrelated,,0.394184,0.29651,Both
ukuzelapha.,ukuqeda,morphological,class15_infinitive,0.469678,0.541807,Both
usehoxa,uthandana,morphological,class11,0.343016,0.465809,Both
umfundi,impumelelo,semantic_within,education,0.321968,0.493181,Both
ihlosi,izimvu,semantic_within,animals,0.507496,0.604497,Both
abamthanda,abacwaningi,morphological,class2_plural,0.480861,0.548517,Both
wukuqinisekisa,othandwa,random_unrelated,,0.2631,0.21786,Both
umfundi,ulwazi,semantic_within,education,0.376823,0.526094,Both
imoto,uhambo,semantic_within,transport,0.31912,0.491472,Both
enenjini,"ukwethembana,",random_unrelated,,0.296387,0.237832,Both
azokhipha,ivame,random_unrelated,,0.115498,0.129299,Both
nabadala,"ukholo,",cooccurrence,freq=2,0.430804,0.478482,Both
itholakala,idlala.,morphological,class5_singular,0.309008,0.445405,Both
"ukuwabulala,",ukukhokha,morphological,class15_infinitive,0.354052,0.472431,Both
zuma.,inakho,random_unrelated,,0.319646,0.251788,Both
anomoya,elishisayo.,random_unrelated,,0.485977,0.351586,Both
yasebenza,istandard,random_unrelated,,0.356812,0.274087,Both
inkosi,umasipala,semantic_within,government,0.423417,0.55405,Both
ingene,ingud,morphological,class9_singular,0.626439,0.635863,Both
"izolo,",ukuzozibonela,cooccurrence,freq=2,0.536803,0.542082,Both
mandla,xaba,random_unrelated,,0.31925,0.25155,Both
ukubambisana.,ukungawubukeli,morphological,class15_infinitive,0.335544,0.461326,Both
usuvuleke,baveza,random_unrelated,,0.27883,0.227298,Both
ulwandle,imifula,semantic_within,nature,0.354428,0.512657,Both
basebenza,"umkhondo,",cooccurrence,freq=2,0.317558,0.410535,Both
yokulungiselela,zabasebenzi,random_unrelated,,0.337311,0.262387,Both
96),nokubambisana,cooccurrence,freq=2,0.750441,0.670265,Both
izihlalo,izithandazo,morphological,class8_plural,0.42615,0.51569,Both
nabadala.,ngezindlela,cooccurrence,freq=2,0.396408,0.457845,Both
kusisiza,zomshuwalense,random_unrelated,,0.413878,0.308327,Both
yokubamba,"naye,",random_unrelated,,0.208075,0.184845,Both
ihhotela,isiteshi,semantic_within,places,0.454936,0.572962,Both
ukufika,ukuhlukumeza,morphological,class15_infinitive,0.473843,0.544306,Both
kugrade,zami,cooccurrence,freq=4,0.629929,0.597957,Both
i-video,ivehicle,morphological,class5_singular,0.469053,0.541432,Both
yokubhala,zemisebenzi,cooccurrence,freq=4,0.501095,0.520657,Both
i-addington,ivehicle,morphological,class5_singular,0.320198,0.452119,Both
zekusasa,yokudlala,random_unrelated,,0.21133,0.186798,Both
isinkwa,isitsha,semantic_within,food,0.69016,0.714096,Both
unota,uzobusebenzisa,morphological,class11,0.351261,0.470756,Both
esuke,bacindezeleke,random_unrelated,,0.48403,0.350418,Both
607),okukhathazeka,random_unrelated,,0.325904,0.255542,Both
yokusebenzisa,ezinomoya,random_unrelated,,0.172292,0.163375,Both
"isikhathi,",isikhangiso,morphological,class7_singular,0.620538,0.632323,Both
inyoni,izinkomo,semantic_within,animals,0.381973,0.529184,Both
umaj,linamandla,random_unrelated,,0.202661,0.181596,Both
amasiko,imidlalo,semantic_across,culture_vs_sport,0.232267,0.25936,Both
iqinise,iyisihlangu,morphological,class5_singular,0.381012,0.488607,Both
olwandle.,esiguquguqukayo,random_unrelated,,0.359644,0.275786,Both
nezibonelo,ngokucacile,cooccurrence,freq=2,0.445755,0.487453,Both
indawo,unikeza,cooccurrence,freq=22,0.322343,0.413406,Both
umtapo,ulwazi,semantic_within,education,0.339742,0.503845,Both
ubuyise,u-abdeslam,morphological,class11,0.509864,0.565918,Both
esouthern,bedinga,random_unrelated,,0.415659,0.309396,Both
aqinile,izitolo,random_unrelated,,0.316964,0.250178,Both
"egauteng,","e-usa,",random_unrelated,,0.507827,0.364696,Both
ukukhathazeka,ukuphambuka,morphological,class15_infinitive,0.258276,0.414966,Both
uthole,usecape,morphological,class11,0.373526,0.484116,Both
amaphoyisa,isibhamu,semantic_within,police_law,0.342303,0.505382,Both
anezinsuku,ezibhalwe,cooccurrence,freq=2,0.523318,0.533991,Both
"ezinjani,",nokumele,cooccurrence,freq=2,0.440829,0.484497,Both
yangempela,"enhlangano,",random_unrelated,,0.438688,0.323213,Both
i-diffuser,ubuhle,cooccurrence,freq=2,0.557333,0.5544,Both
54),ziqiwu,random_unrelated,,0.422262,0.313357,Both
e-idols,“isivakashi,random_unrelated,,0.46689,0.340134,Both
lokuxhumana,nezobudlelwano,cooccurrence,freq=2,0.438172,0.482903,Both
ihlangana,"iphathwe,",morphological,class5_singular,0.454788,0.532873,Both
iziguli,ziqedele,cooccurrence,freq=2,0.666312,0.619787,Both
sizibona,ukuthi,cooccurrence,freq=2,0.215182,0.349109,Both
ubuso,228),random_unrelated,,0.360264,0.276158,Both
durban,housewives,cooccurrence,freq=4,0.801183,0.70071,Both
wonduh,siya,random_unrelated,,0.233983,0.20039,Both
u-amahle,ushukela,morphological,class11,0.288343,0.433006,Both
e-university,zobuthishela,cooccurrence,freq=4,0.726435,0.655861,Both
896),sokubuyela,random_unrelated,,0.44279,0.325674,Both
"sakudlala,",usemusha,random_unrelated,,0.421864,0.313119,Both
u-matric.,uzwakale,morphological,class11,0.352851,0.471711,Both
ngokuthi,"ukwakha,",cooccurrence,freq=2,0.305763,0.403458,Both
ngodisemba,yingaphakathi,random_unrelated,,0.270976,0.222586,Both
i-african,igroovers,morphological,class5_singular,0.613244,0.627946,Both
"zasemaphandleni,",717),random_unrelated,,0.394457,0.296674,Both
uzitshele,ubesevele,morphological,class11,0.611235,0.626741,Both
ngizommela,bamandla,random_unrelated,,0.241742,0.205045,Both
abantu,okufakazelwa,cooccurrence,freq=2,0.180142,0.328085,Both
isiqiniseko,isithenjwa,morphological,class7_singular,0.459033,0.53542,Both
ikhaya,ihhotela,semantic_within,places,0.257774,0.454664,Both
sigcine,"angcono,”",random_unrelated,,0.504205,0.362523,Both
"ukubekezela,",ukuqoqa,morphological,class15_infinitive,0.429915,0.517949,Both
imeya,icala,semantic_within,government,0.442828,0.565697,Both
uba,ucaciseleka,morphological,class11,0.345793,0.467476,Both
kwamahlamvu,phakathi,cooccurrence,freq=4,0.521703,0.533022,Both
iwumphumela,"kuphela,",cooccurrence,freq=4,0.538706,0.543224,Both
wezokuphepha,"kwabanye,”",random_unrelated,,0.356799,0.274079,Both
(steroids),bafuna,random_unrelated,,0.277269,0.226361,Both
zenza,"lucia,",random_unrelated,,0.302738,0.241643,Both
angizange,ngangihamba,cooccurrence,freq=2,0.719319,0.651591,Both
izibopho,izikebhe,morphological,class8_plural,0.683785,0.670271,Both
ukukhulekela,bakwazi,random_unrelated,,0.308698,0.245219,Both
zakhona.,zokusiza,random_unrelated,,0.337586,0.262552,Both
ukunika,ukungawubukeli,morphological,class15_infinitive,0.603245,0.621947,Both
okungenzeka,uze,cooccurrence,freq=2,0.422067,0.47324,Both
ebaluleke,kakhulu,cooccurrence,freq=2,0.457218,0.494331,Both
zasethekwini,ubonge,random_unrelated,,0.285387,0.231232,Both
bekhululekile.,ukuhlanganyela,random_unrelated,,0.296057,0.237634,Both
ababuthakathaka,abangasenayo,morphological,class2_plural,0.4692,0.54152,Both
ezazakhela,kwezingane,random_unrelated,,0.262806,0.217683,Both
amaphoyisa,icala,semantic_within,police_law,0.185038,0.411023,Both
usehoxa,"u-2023,",morphological,class11,0.519558,0.571735,Both
uveze,usuxoshiwe.,morphological,class11,0.431967,0.51918,Both
inkinga,inkanyezi.,morphological,class9_singular,0.308835,0.445301,Both
ukukhula,ukungenisa,morphological,class15_infinitive,0.433799,0.520279,Both
ogcina,zemidlalo,cooccurrence,freq=18,0.48279,0.509674,Both
amaningi.,amavidiyo,morphological,class6_plural,0.356423,0.473854,Both
ufake,uwashiye,morphological,class11,0.511414,0.566849,Both
mayelana,ngumnuz,cooccurrence,freq=2,0.357932,0.434759,Both
kuyo,"ligi,",random_unrelated,,0.185801,0.17148,Both
bamfunele,"semoto,",random_unrelated,,0.443653,0.326192,Both
nemininingwane.,ngiyanxusa,random_unrelated,,0.191578,0.174947,Both
udumakude,ucwaningo.,morphological,class11,0.407579,0.504548,Both
upheka,uyayithanda,morphological,class11,0.277586,0.426552,Both
ngabo-ephreli,noma,cooccurrence,freq=2,0.367908,0.440745,Both
ezingu-66,eyobamba,random_unrelated,,0.16774,0.160644,Both
669),"sasedanganya,",random_unrelated,,0.335716,0.26143,Both
esephetha,ulale,random_unrelated,,0.231306,0.198784,Both
inyama,ukuphuza,semantic_within,food,0.344053,0.506432,Both
202),emshadweni.,cooccurrence,freq=2,0.764107,0.678464,Both
indlu,isiteshi,semantic_within,places,0.335774,0.501464,Both
usheleni,ziphatheka,random_unrelated,,0.374165,0.284499,Both
ingane,ingqayizivele,morphological,class9_singular,0.236722,0.402033,Both
inyuvesi,incwadi,semantic_within,education,0.367453,0.520472,Both
udlala,udle,morphological,class11,0.436112,0.521667,Both
unosipho,ult,morphological,class11,0.461648,0.536989,Both
likuhloniphe.”,simazi,random_unrelated,,0.498734,0.359241,Both
flusk,upatrick,cooccurrence,freq=2,0.883672,0.750203,Both
esinzima,904),random_unrelated,,0.355268,0.273161,Both
aphindisela,ukukulungisa,random_unrelated,,0.356598,0.273959,Both
uzimisele,udlondlobale,morphological,class11,0.378159,0.486895,Both
benza,egaraji,random_unrelated,,0.226804,0.196082,Both
izinkomo,izinja,semantic_within,animals,0.70601,0.723606,Both
osegazini,ushukela,cooccurrence,freq=2,0.512043,0.527226,Both
uphumule,uzobhekana,morphological,class11,0.161199,0.35672,Both
izifundo,nesayensi,cooccurrence,freq=2,0.569643,0.561786,Both
ufune,uyikhiphe,morphological,class11,0.379436,0.487662,Both
876),ne-operation,random_unrelated,,0.382195,0.289317,Both
ukucabanga,ukuqhuba,morphological,class15_infinitive,0.438897,0.523338,Both
pop,"usbahle,",cooccurrence,freq=2,0.685311,0.631187,Both
bekungokokuqala,ukuba,cooccurrence,freq=2,0.241264,0.364758,Both
ukubona,ukuphinde,morphological,class15_infinitive,0.409997,0.505998,Both
itheku,njengoba,cooccurrence,freq=2,0.235173,0.361104,Both
kwi-podcast,umqeqeshi,cooccurrence,freq=2,0.650809,0.610486,Both
abakwasamro,abanombono,morphological,class2_plural,0.638942,0.643365,Both
besebancane.,sikamama,cooccurrence,freq=2,0.52203,0.533218,Both
uwe,uyamvumela,morphological,class11,0.338002,0.462801,Both
zidalwa,usuke,random_unrelated,,0.376396,0.285837,Both
lwegazi,yokuhlakanipha,random_unrelated,,0.314355,0.248613,Both
ukubhala,impumelelo,semantic_within,education,0.263063,0.457838,Both
likamasipala,ngezinhlelo,cooccurrence,freq=4,0.416465,0.469879,Both
ujaji,uwela,morphological,class11,0.425746,0.515448,Both
kunezikhala,ngisusa,random_unrelated,,0.354448,0.272669,Both
yenze,i-i,random_unrelated,,0.44423,0.326538,Both
ukubheka,ukonga,morphological,class15_infinitive,0.368883,0.48133,Both
ezizomholela,kuphakame,random_unrelated,,0.300028,0.240017,Both
uthisha,incwadi,semantic_within,education,0.535358,0.621215,Both
ubone,ubuntu.,morphological,class11,0.452477,0.531486,Both
kuwena,namakhasimende,cooccurrence,freq=2,0.503913,0.522348,Both
ukuvimbela,zokudilika,random_unrelated,,0.226383,0.19583,Both
inyuvesi,imfundo,semantic_within,education,0.438682,0.563209,Both
"starr,",abakwazi,random_unrelated,,0.239854,0.203912,Both
ukwelapha,ukugula,semantic_within,health,0.49928,0.599568,Both
ilokhu,"isizini,",cooccurrence,freq=2,0.433613,0.480168,Both
"kwesikhathi,”",upikwe,random_unrelated,,0.34727,0.268362,Both
sase,ukwehlisa,random_unrelated,,0.216295,0.189777,Both
bayakwazi,bazisebenzise,cooccurrence,freq=6,0.448782,0.489269,Both
benamanxeba,engazi,random_unrelated,,0.256138,0.213683,Both
futhi,njengomlingisi,cooccurrence,freq=2,0.143873,0.306324,Both
"ngobuqotho,","olungenakulinganiswa,",cooccurrence,freq=2,0.620426,0.592256,Both
igceke.,"itheku,",morphological,class5_singular,0.377438,0.486463,Both
eyenziwa,wathi,cooccurrence,freq=2,0.320485,0.412291,Both
ukwelapha,ibhola,semantic_across,health_vs_sport,0.3491,0.32946,Both
umfundi,umtapo,semantic_within,education,0.563298,0.637979,Both
"amathathu,",amabhayisikili,morphological,class6_plural,0.508939,0.565363,Both
sokuzibandakanya,lokuvala,random_unrelated,,0.445084,0.32705,Both
isitsha,indishi,semantic_within,food,0.486301,0.59178,Both
inkosi,inkohlakalo,semantic_within,government,0.605119,0.663071,Both
kuphele,ngaphambi,cooccurrence,freq=2,0.30523,0.403138,Both
"kohambo,",isoccerbeat,random_unrelated,,0.360386,0.276232,Both
bawagcina,ukuphuza,cooccurrence,freq=2,0.486119,0.511672,Both
bephakamisa,inhliziyo,cooccurrence,freq=4,0.430047,0.478028,Both
kukhona,lakhe,cooccurrence,freq=2,0.217034,0.35022,Both
70),ziqhubeke,random_unrelated,,0.27724,0.226344,Both
amabhizinisi,emva,cooccurrence,freq=2,0.20154,0.340924,Both
amaningi,amanzi,cooccurrence,freq=20,0.534342,0.540605,Both
isenzakalo,isikhashana.,morphological,class7_singular,0.364394,0.478636,Both
"sinjani,",eseyonakaliswe,random_unrelated,,0.414426,0.308656,Both
"izingane,",yagcwala,cooccurrence,freq=2,0.423184,0.47391,Both
ugesi,"u-matric,",morphological,class11,0.210017,0.38601,Both
ukuqina,ukuncika,morphological,class15_infinitive,0.573424,0.604054,Both
ukufunda,impumelelo,semantic_within,education,0.277291,0.466375,Both
"labantwana,","ukufunda,",cooccurrence,freq=2,0.373991,0.444395,Both
ukunikela,ukuqopha,morphological,class15_infinitive,0.452938,0.531763,Both
abathenjwayo,ukuthi,cooccurrence,freq=2,0.119891,0.291934,Both
umfula,imithi,semantic_within,nature,0.425541,0.555325,Both
ababheka,ukuyenza,cooccurrence,freq=2,0.366123,0.439674,Both
"efanele,",nokuzivocavoca,cooccurrence,freq=2,0.487123,0.512274,Both
abavelele,esikoleni,cooccurrence,freq=2,0.375038,0.445023,Both
uyijeqeza,"nelokishi,",random_unrelated,,0.277903,0.226742,Both
umuntu,uhambo,semantic_across,family_vs_transport,0.306365,0.303819,Both
lethu,abakufisayo,random_unrelated,,0.325717,0.25543,Both
sebushintshe,ugesi,cooccurrence,freq=2,0.528021,0.536813,Both
ebikhanya,ebezinganakwa,random_unrelated,,0.277449,0.226469,Both
ukuziphilisa,ukungayihloniphi,morphological,class15_infinitive,0.359219,0.475531,Both
udlubu,uvamise,morphological,class11,0.340216,0.464129,Both
ukuphumelela,ukukhulisa,morphological,class15_infinitive,0.251148,0.410689,Both
iyahleka,ifundisa,morphological,class5_singular,0.306697,0.444018,Both
"ndlela,","ngesonto,",random_unrelated,,0.225479,0.195288,Both
"kwihilux,",ezifanayo,random_unrelated,,0.251149,0.210689,Both
"ulwazi,",ubanike,morphological,class11,0.422221,0.513333,Both
ibanga,kwayo,cooccurrence,freq=2,0.332787,0.419672,Both
uhlale,u-zero,morphological,class11,0.231939,0.399163,Both
"iselula,",nesibhamu,cooccurrence,freq=2,0.487881,0.512729,Both
usanda,ubonane,morphological,class11,0.376504,0.485902,Both
iqhude,icwecwe,semantic_across,animals_vs_music,0.282053,0.289232,Both
ezizithengela,ngosuku,cooccurrence,freq=2,0.467666,0.5006,Both
bakhe,ubafundisa,cooccurrence,freq=2,0.384044,0.450426,Both
esitolo,"sasekuhlaleni,",cooccurrence,freq=2,0.467512,0.500507,Both
isikweletu,ingcebo,semantic_within,money,0.3381,0.50286,Both
eside,uyakholelwa,cooccurrence,freq=2,0.392546,0.455528,Both
ikusasa,iyodwa,morphological,class5_singular,0.17955,0.36773,Both
le,likasawoti,cooccurrence,freq=2,0.526734,0.536041,Both
ukusebenza,ukubeke,morphological,class15_infinitive,0.388871,0.493322,Both
ukusiza,ukhuza,morphological,class15_infinitive,0.456987,0.534192,Both
idlula,iquantum.,morphological,class5_singular,0.283425,0.430055,Both
iluthuli,kuvele,cooccurrence,freq=2,0.428742,0.477245,Both
ububha,ubuyise,morphological,class11,0.510113,0.566068,Both
izimpawu,ziyaziqaphela,random_unrelated,,0.505847,0.363508,Both
ezibalulekile.,amabhayisikili,random_unrelated,,0.338734,0.263241,Both
indlela,nobunye.,cooccurrence,freq=4,0.449824,0.489895,Both
ikzn.,ngokudayisela,random_unrelated,,0.353011,0.271806,Both
kwabaqeqeshi,luzobandakanya,cooccurrence,freq=2,0.380736,0.448442,Both
wagxila,wahosha,cooccurrence,freq=2,0.67934,0.627604,Both
bezilalela,uviggy,random_unrelated,,0.306712,0.244027,Both
usungathi,ugeza,random_unrelated,,0.350761,0.270456,Both
icwecwe,umrepha,semantic_within,music,0.353973,0.512384,Both
ukukhuphuka,ukuvezwa,morphological,class15_infinitive,0.46911,0.541466,Both
ukunqwaha,ukukusiza.,morphological,class15_infinitive,0.653741,0.652245,Both
likhula,nsuku,cooccurrence,freq=4,0.330515,0.418309,Both
51(2),ngalolo,random_unrelated,,0.438234,0.32294,Both
amazambane,ukuphuza,semantic_within,food,0.429774,0.557865,Both
ukulibona,"ukunikela,",morphological,class15_infinitive,0.486691,0.552015,Both
sijabula,ukuthi,cooccurrence,freq=2,0.159494,0.315697,Both
njengobuchwepheshe,yomphakathi.,cooccurrence,freq=4,0.416847,0.470108,Both
amakhaya.,amandla.,morphological,class6_plural,0.482182,0.549309,Both
ngangabe,uzokhomba,random_unrelated,,0.327839,0.256703,Both
nempilo.,"umgibeli,",random_unrelated,,0.325339,0.255203,Both
kukhulu,"eklasini,",random_unrelated,,0.332291,0.259375,Both
unjinji,usawoti,morphological,class11,0.518225,0.570935,Both
omubi,singabaholi,cooccurrence,freq=2,0.512979,0.527788,Both
uhlela,ugumede,morphological,class11,0.338011,0.462807,Both
uramaphosa,uqhube,morphological,class11,0.359103,0.475462,Both
uthisha,iphepha,semantic_within,education,0.502016,0.60121,Both
yenhliziyo,osezingeni,random_unrelated,,0.339381,0.263628,Both
ulaura,unhlanhla,morphological,class11,0.391366,0.494819,Both
abasizile,eyahlukene,random_unrelated,,0.273489,0.224093,Both
uwumholi,"buyayeka,",random_unrelated,,0.505498,0.363299,Both
ehlukene.,nemikhiqizo,cooccurrence,freq=2,0.372042,0.443225,Both
basathukile,yokugula,random_unrelated,,0.244569,0.206742,Both
unina.,usafuna,morphological,class11,0.430977,0.518586,Both
ngobuqotho.,nokubakhombisa,cooccurrence,freq=2,0.517377,0.530426,Both
namuhla,ngiyeke.,random_unrelated,,0.384174,0.290504,Both
(isisho,938),cooccurrence,freq=2,0.814277,0.708566,Both
"nokuphumula,",439),random_unrelated,,0.457265,0.334359,Both
unota,u-r5,morphological,class11,0.55733,0.594398,Both
izithelo,ukuthi,cooccurrence,freq=8,0.215743,0.349446,Both
lesikole,yokucobelana,random_unrelated,,0.212197,0.187318,Both
uqikelele,u-amahle,morphological,class11,0.26979,0.421874,Both
ekupheka,ithenga,cooccurrence,freq=2,0.414685,0.468811,Both
"konyaka,",ushikishi,cooccurrence,freq=2,0.521463,0.532878,Both
eshalofini,ezivivinyweni,cooccurrence,freq=2,0.542925,0.545755,Both
baqonde,zemisebenzi,cooccurrence,freq=2,0.438582,0.483149,Both
ejikeleza,kwezokuvakasha,random_unrelated,,0.424096,0.314458,Both
abafaka,ngokushesha.,cooccurrence,freq=2,0.411942,0.467165,Both
izindlela,okumele,cooccurrence,freq=2,0.275257,0.385154,Both
ihlathi,imithi,semantic_within,nature,0.498146,0.598888,Both
ukuqala,"ukunakekela,",morphological,class15_infinitive,0.234739,0.400843,Both
umfundi,uyakwazi,cooccurrence,freq=2,0.322381,0.413428,Both
ubungozi,ubryan,morphological,class11,0.359472,0.475683,Both
izingane,udlula,cooccurrence,freq=2,0.322673,0.413604,Both
abakhulu,bahlangana,cooccurrence,freq=6,0.516177,0.529706,Both
ukuphela,ukudweba,morphological,class15_infinitive,0.304877,0.442926,Both
isivakashi,amatekisi,random_unrelated,,0.408469,0.305082,Both
umfula,amanzi,semantic_within,nature,0.642119,0.685271,Both
"ukuthandaza,",ukaze,morphological,class15_infinitive,0.260359,0.416216,Both
kuthisha.,157),random_unrelated,,0.398895,0.299337,Both
ukuthwebula,esiholela,random_unrelated,,0.358452,0.275071,Both
usipho,udj,morphological,class11,0.544652,0.586791,Both
amantombazane,ngokuzikhandla.,random_unrelated,,0.257636,0.214581,Both
ikhwaya,ubuntu,semantic_across,music_vs_culture,0.194484,0.23669,Both
u-ouaddou.,uqhube,morphological,class11,0.464479,0.538688,Both
ngolwesithathu,olwedlule.,cooccurrence,freq=2,0.678396,0.627038,Both
adingekayo,nokwakha,cooccurrence,freq=2,0.394854,0.456913,Both
iqhubeka,ifundwe,morphological,class5_singular,0.30883,0.445298,Both
wemfanelo,ukuqopha,random_unrelated,,0.278327,0.226996,Both
nohambo,abathathu,random_unrelated,,0.235236,0.201142,Both
bakwamemela.,nomcebo,random_unrelated,,0.286835,0.232101,Both
unosipho.,ubudala.,morphological,class11,0.277739,0.426643,Both
ezinhle,"yomndeni,",cooccurrence,freq=2,0.348132,0.428879,Both
ibhotela,ukuphuza,semantic_within,food,0.331064,0.498639,Both
ujanuwari,unzama,morphological,class11,0.300127,0.440076,Both
ukudla,indishi,semantic_within,food,0.258727,0.455236,Both
ukuzama,ukushonelwa.,morphological,class15_infinitive,0.525213,0.575128,Both
ukusekela,ukuzovakasha,morphological,class15_infinitive,0.38487,0.490922,Both
"ukwakha,","okunjalo,”",random_unrelated,,0.341895,0.265137,Both
bethola,ngithi,random_unrelated,,0.3035,0.2421,Both
executive,nama-roof,random_unrelated,,0.526798,0.376079,Both
house,kule,cooccurrence,freq=2,0.400648,0.460389,Both
english,nesizulu.,cooccurrence,freq=2,0.454872,0.492923,Both
sohlelweni,498),random_unrelated,,0.287064,0.232238,Both
ezihlukahlukene,ngolaka,random_unrelated,,0.233898,0.200339,Both
umndeni,umuntu,semantic_within,family,0.383888,0.530333,Both
"omukayo,",ukuphinde,random_unrelated,,0.217978,0.190787,Both
izintengo,yezokuvakasha.,random_unrelated,,0.338641,0.263185,Both
zidlala.,kwezintathu,random_unrelated,,0.325913,0.255548,Both
ubuka,uletha,morphological,class11,0.315948,0.449569,Both
okuningi,"ukulima,",cooccurrence,freq=2,0.390723,0.454434,Both
ikhasimende,kungakanani,cooccurrence,freq=2,0.402727,0.461636,Both
kunzima,ngoba,cooccurrence,freq=2,0.31107,0.406642,Both
bayaphathisa,road,random_unrelated,,0.316619,0.249971,Both
"izinyamazane,","izifundo,",morphological,class8_plural,0.380364,0.488219,Both
uramagwede.,unyazilwezulu,morphological,class11,0.488864,0.553318,Both
kukhona,ngezindodla,cooccurrence,freq=2,0.319896,0.411938,Both
nempaka,we-eff,random_unrelated,,0.412829,0.307697,Both
ubudoda,useshaye,morphological,class11,0.435648,0.521389,Both
764),wafunda,random_unrelated,,0.506912,0.364147,Both
eziyiqiniso,webhizinisi,random_unrelated,,0.382404,0.289442,Both
ungakwenza,"unakekeleke,",morphological,class11,0.507252,0.564351,Both
kumkhiqizo,ngiqhubeke,random_unrelated,,0.342294,0.265376,Both
noma,plan,cooccurrence,freq=2,0.365924,0.439554,Both
inkohlakalo,uhambo,semantic_across,government_vs_transport,0.298792,0.299275,Both
abonakala,ngabomnyango,random_unrelated,,0.288572,0.233143,Both
usehoxa,u-r230,morphological,class11,0.356196,0.473718,Both
abalandeli,sethu,cooccurrence,freq=2,0.339416,0.42365,Both
university.,unenkinga,morphological,class11,0.301996,0.441198,Both
icala,isiteshi,semantic_within,police_law,0.267325,0.460395,Both
ukuxhumana,theknoloji,semantic_within,technology,0.420407,0.552244,Both
okusafanele,ezazigcwele,random_unrelated,,0.267538,0.220523,Both
isibhedlela,kubantu,cooccurrence,freq=2,0.36544,0.439264,Both
"izolo,",lo,cooccurrence,freq=2,0.366717,0.44003,Both
ukwelapha,ukuxhumana,semantic_across,health_vs_technology,0.260941,0.276564,Both
kujuni,kokubandlululwa.,random_unrelated,,0.299939,0.239964,Both
eliqhakazile.,ziyigugu,random_unrelated,,0.519415,0.371649,Both
untuli,u-ouaddou.,morphological,class11,0.403686,0.502211,Both
"bekumnandi,",cube,random_unrelated,,0.364176,0.278506,Both
icala,ihlathi,semantic_across,government_vs_nature,0.220229,0.252137,Both
entsha.,mpangeni,random_unrelated,,0.2567,0.21402,Both
uyisebenzisa,uyolinda,morphological,class11,0.218764,0.391258,Both
ebusuku.,egaraji,cooccurrence,freq=4,0.637002,0.602201,Both
amazinga,wami,cooccurrence,freq=2,0.406743,0.464046,Both
kuyangisebenzela.,kwesizini,random_unrelated,,0.352584,0.27155,Both
somcimbi,sebexolisa,random_unrelated,,0.278752,0.227251,Both
ikhibhodi,umabonakude,semantic_within,technology,0.50528,0.603168,Both
bernard,"umhlalaphansi,",cooccurrence,freq=2,0.671614,0.622968,Both
marketing,kimi.,random_unrelated,,0.36457,0.278742,Both
ucashunwe,ungaqhubekela,morphological,class11,0.265204,0.419122,Both
indima,umkhiqizo,cooccurrence,freq=1510,0.65571,0.613426,Both
ukuphuza,umculi,semantic_across,food_vs_music,0.226163,0.255698,Both
isidumbu,ulibofuzo,cooccurrence,freq=2,0.708388,0.645033,Both
332),zifundisa,random_unrelated,,0.367786,0.280672,Both
wezokubusa,yamaphoyisa,random_unrelated,,0.493018,0.355811,Both
masobho,nomnuz,cooccurrence,freq=6,0.688868,0.633321,Both
ethi,ngolordkez,cooccurrence,freq=2,0.5312,0.53872,Both
usizo.,ugxile,morphological,class11,0.392528,0.495517,Both
ibihlolwa,ngaphansi,cooccurrence,freq=2,0.465299,0.499179,Both
imali,yokuthenga,cooccurrence,freq=4,0.327273,0.416364,Both
ungeneme,ubuthongo.,morphological,class11,0.355929,0.473558,Both
incwadi,impumelelo,semantic_within,education,0.20022,0.420132,Both
usala,usumemezele,morphological,class11,0.354376,0.472625,Both
kwi-africa,lebafana,cooccurrence,freq=2,0.671934,0.62316,Both
kamaskandi,mkhize,cooccurrence,freq=2,0.532782,0.539669,Both
kubadlali,amaled,random_unrelated,,0.216164,0.189698,Both
kufaka,ebhekene,random_unrelated,,0.249821,0.209892,Both
ihlosi,izilwane,semantic_within,animals,0.527059,0.616235,Both
ukuphumula,"ukuphumula,",morphological,class15_infinitive,0.939312,0.823587,Both
isifo,ukugula,semantic_within,health,0.333717,0.50023,Both
ihhashi,ibhishi,morphological,class5_singular,0.620833,0.6325,Both
amasiko,isiko,semantic_within,culture,0.625451,0.675271,Both
behlanganyela,yabo,cooccurrence,freq=2,0.321934,0.41316,Both
ubaba,uthokozise,morphological,class11,0.387611,0.492567,Both
lakho,wegazi,cooccurrence,freq=2,0.469443,0.501666,Both
umfundi,incwadi,semantic_within,education,0.492644,0.595586,Both
baya,befuna,cooccurrence,freq=6,0.47313,0.503878,Both
amaphutha,kodwa,cooccurrence,freq=518,0.339749,0.42385,Both
akukubi,apike,random_unrelated,,0.356423,0.273854,Both
amathuluzi,amasha.,morphological,class6_plural,0.594015,0.616409,Both
uyamaniswa,ubungazinakile,morphological,class11,0.402572,0.501543,Both
uvumele,urefilwe,morphological,class11,0.311351,0.446811,Both
ezingakhokhi,million,random_unrelated,,0.572447,0.403468,Both
"""smomoza""",mkhize,cooccurrence,freq=2,0.637023,0.602214,Both
mfowethu,umndeni,semantic_within,family,0.302307,0.481384,Both
unenkinga,ye-cholesterol,cooccurrence,freq=2,0.627192,0.596315,Both
usetshenziswa,uwumholi,morphological,class11,0.145665,0.347399,Both
"iphakeme,",ividiyo,morphological,class5_singular,0.407478,0.504487,Both
nobuso.,ama-fog,random_unrelated,,0.19719,0.178314,Both
basebenzise,nabakhi,cooccurrence,freq=2,0.475204,0.505122,Both
yathathwa,yethu,cooccurrence,freq=2,0.346957,0.428174,Both
sishayela,cala.,random_unrelated,,0.268026,0.220815,Both
iphepha,ukufunda,semantic_within,education,0.265416,0.45925,Both
wembathwe,rato,random_unrelated,,0.478612,0.347167,Both
ugcina,usuphothule,morphological,class11,0.226724,0.396034,Both
elungwini,ngoxhaso,random_unrelated,,0.312087,0.247252,Both
itheku,isiteshi,semantic_within,places,0.396186,0.537711,Both
izinso,ngokuveza,random_unrelated,,0.221565,0.192939,Both
inophahla,omkhulu.,random_unrelated,,0.488809,0.353285,Both
assist,ne-electronic,cooccurrence,freq=2,0.746694,0.668016,Both
bayazilalela,ngezindodla,random_unrelated,,0.251675,0.211005,Both
indiza,isitimela,semantic_within,transport,0.323743,0.494246,Both
angu-165kw,uwoyela,random_unrelated,,0.347097,0.268258,Both
kugwenywe,lizongcebeleka,random_unrelated,,0.258999,0.215399,Both
kumenywe,kuwo,cooccurrence,freq=2,0.510754,0.526453,Both
nezokulwa,ngaleli,random_unrelated,,0.271009,0.222605,Both
enkulu,yezinsolo,cooccurrence,freq=4,0.348722,0.429233,Both
ukugula,amasiko,semantic_across,health_vs_culture,0.331709,0.319026,Both
elizayo.,based,random_unrelated,,0.338086,0.262852,Both
ukuphucula,ukuzinikela,morphological,class15_infinitive,0.312906,0.447744,Both
zazo,kohlolwa,random_unrelated,,0.362123,0.277274,Both
idola,imithi,semantic_across,money_vs_nature,0.348339,0.329004,Both
ulwandle,imithi,semantic_within,nature,0.229303,0.437582,Both
ikhaya,ukudlala,semantic_across,places_vs_sport,0.360331,0.336198,Both
"intsha,",isebenza,cooccurrence,freq=2,0.341755,0.425053,Both
abasolwa,ukhuni,semantic_across,police_law_vs_nature,0.340421,0.324252,Both
kanti,uhlangana,cooccurrence,freq=12,0.311802,0.407081,Both
"ukwethembana,",ukufunda,morphological,class15_infinitive,0.275006,0.425003,Both
amakati,ezindlini,cooccurrence,freq=4,0.480859,0.508515,Both
indoda,inkantolo,morphological,class9_singular,0.379285,0.487571,Both
lwestandard,esiyiphilayo.,random_unrelated,,0.375221,0.285133,Both
dakar,62),random_unrelated,,0.40749,0.304494,Both
amanzi.,bebheke,cooccurrence,freq=2,0.478618,0.507171,Both
abalimi,abafisa,morphological,class2_plural,0.668573,0.661144,Both
impumelelo,ukuhlelwa,cooccurrence,freq=2,0.350057,0.430034,Both
eziyisikhombisa,imiphumela.,cooccurrence,freq=2,0.391218,0.454731,Both
kobufakazi,obuyiqiniso.”,cooccurrence,freq=2,0.645533,0.60732,Both
kuqhutshwa,sibone,random_unrelated,,0.276684,0.226011,Both
next,izintambo,random_unrelated,,0.498771,0.359262,Both
umrepha,ikhwaya,semantic_within,music,0.453524,0.572115,Both
siyashintsha,yokufudumala,cooccurrence,freq=2,0.413517,0.46811,Both
imifula,imithi,semantic_within,nature,0.537099,0.622259,Both
beqinisa,washiya,random_unrelated,,0.219857,0.191914,Both
izinsimbi,"somcimbi,",cooccurrence,freq=6,0.661862,0.617117,Both
mhlawumbe,phansi,cooccurrence,freq=2,0.376018,0.445611,Both
“kunje,kwimother,random_unrelated,,0.406695,0.304017,Both
yonkana.,nokubambisana.,random_unrelated,,0.338926,0.263355,Both
ukukhomba,"ukugeza,",morphological,class15_infinitive,0.502223,0.561334,Both
unesiyezi,uzisayinele,morphological,class11,0.482933,0.54976,Both
ukubukwa.,continua,random_unrelated,,0.241661,0.204997,Both
"okwanele,","abaphambili,",random_unrelated,,0.298812,0.239287,Both
ngalowo,ukuqoqa,cooccurrence,freq=2,0.543601,0.54616,Both
uqolothakamango,ushukela,morphological,class11,0.237198,0.402319,Both
asalelwe,kwazise,cooccurrence,freq=2,0.363366,0.43802,Both
abavakashi,abahlala,morphological,class2_plural,0.495751,0.557451,Both
ngafundiswa,ngifunda,cooccurrence,freq=2,0.575791,0.565475,Both
esingase,eqhele,random_unrelated,,0.137054,0.142232,Both
usebheke,uxoshwe,morphological,class11,0.361935,0.477161,Both
istellenbosch,seliphinde,cooccurrence,freq=2,0.608874,0.585324,Both
ikhulume,ikhono.,morphological,class5_singular,0.487264,0.552358,Both
bese,nesolezwe,cooccurrence,freq=2,0.30662,0.403972,Both
itheku,ikwi-albhamu,morphological,class5_singular,0.447497,0.528498,Both
acabe,uzophokophelela,random_unrelated,,0.472397,0.343438,Both
iphupho,ikhipha,morphological,class5_singular,0.411737,0.507042,Both
ingane,umndeni,semantic_within,family,0.296207,0.477724,Both
igcina,ihlanzekile,morphological,class5_singular,0.165152,0.359091,Both
indaba,umfundi,cooccurrence,freq=2,0.405506,0.463304,Both
amakati,linesibindi.,cooccurrence,freq=2,0.718666,0.6512,Both
lena,okungavotwa,random_unrelated,,0.215038,0.189023,Both
izinkomo,izimakethe,morphological,class8_plural,0.474633,0.54478,Both
ihlathi,ulwandle,semantic_within,nature,0.343127,0.505876,Both
uthisha,ulwazi,semantic_within,education,0.390017,0.53401,Both
iphesheya,unxusiwe,random_unrelated,,0.355167,0.2731,Both
"engineering,",kuya,cooccurrence,freq=2,0.487396,0.512437,Both
ezidayisela,natal,random_unrelated,,0.432009,0.319206,Both
kuyangisebenzela.,466),random_unrelated,,0.305109,0.243065,Both
inenjini,kadizili,cooccurrence,freq=2,0.574247,0.564548,Both
ukuzala,inesigqi,random_unrelated,,0.320001,0.252001,Both
cape,ufake,cooccurrence,freq=4,0.580875,0.568525,Both
684),zonke,cooccurrence,freq=2,0.618979,0.591387,Both
wawa,99),random_unrelated,,0.355575,0.273345,Both
amakhulu,esibe,cooccurrence,freq=2,0.262251,0.377351,Both
ngenxa,yokufudumala,cooccurrence,freq=2,0.51,0.526,Both
ezilwane,ezizwe,random_unrelated,,0.504375,0.362625,Both
ogandaganda,sokusebenzisa,cooccurrence,freq=2,0.392219,0.455331,Both
ibhola,ukudlala,semantic_within,sport,0.418404,0.551042,Both
ukukhombisa,ukubhalansa,morphological,class15_infinitive,0.386587,0.491952,Both
iphepha,imfundo,semantic_within,education,0.255449,0.453269,Both
ithemba,ikhokhe,morphological,class5_singular,0.348512,0.469107,Both
ezoyidlala,engavuma,random_unrelated,,0.122078,0.133247,Both
labaculi,thina,random_unrelated,,0.333755,0.260253,Both
afunde,nokuhola,cooccurrence,freq=2,0.35791,0.434746,Both
indishi,ukuphuza,semantic_within,food,0.167151,0.400291,Both
mabhida,nokubiza,random_unrelated,,0.345039,0.267023,Both
eyayithwala,yahamba,cooccurrence,freq=2,0.474044,0.504427,Both
"ngamazwe,",yokusebenzisa,random_unrelated,,0.311663,0.246998,Both
izithelo,yakhe,cooccurrence,freq=4,0.27068,0.382408,Both
ethola,26),random_unrelated,,0.318022,0.250813,Both
nokubuyela,"icovid-19,",random_unrelated,,0.296361,0.237817,Both
ithemba,eyishumi,random_unrelated,,0.219545,0.191727,Both
ukuthuthukisa,ukuyisa,morphological,class15_infinitive,0.296899,0.438139,Both
enkantolo,"izolo,",cooccurrence,freq=6,0.595062,0.577037,Both
idolobha,isikhungo,semantic_within,places,0.239143,0.443486,Both
lutholwe,nezasemhlabeni.,cooccurrence,freq=2,0.514164,0.528498,Both
inhlamvu,isiteshi,semantic_within,police_law,0.512584,0.60755,Both
"c,",ayithole,random_unrelated,,0.274018,0.224411,Both
ukuzilungiselela,ukuziphuza,morphological,class15_infinitive,0.426186,0.515712,Both
i-video,kwabafuna,random_unrelated,,0.330809,0.258485,Both
umculi,ikhwaya,semantic_within,music,0.353267,0.51196,Both
kwezicukuthwane,yomcimbi,cooccurrence,freq=2,0.482174,0.509304,Both
njengezimpiko,"kwezikole,",random_unrelated,,0.281449,0.228869,Both
eyikhethile,uthando,cooccurrence,freq=2,0.453403,0.492042,Both
enkulu,wavela,cooccurrence,freq=2,0.252139,0.371284,Both
nathi.,siyahlanganisa.,random_unrelated,,0.367847,0.280708,Both
"isayensi,",isithintwe,morphological,class7_singular,0.393172,0.495903,Both
abasebenzisa,kulabo,cooccurrence,freq=2,0.434197,0.480518,Both
ukudla,amazambane,semantic_within,food,0.290079,0.474047,Both
nangokunaka,ngokucophelela,cooccurrence,freq=2,0.667095,0.620257,Both
uphethiloli,ubunjalo,morphological,class11,0.315821,0.449493,Both
kunanxuswa,wezilwane,random_unrelated,,0.378603,0.287162,Both
omuhle,uma,cooccurrence,freq=2,0.263814,0.378288,Both
imibala,ukuthumela,random_unrelated,,0.361988,0.277193,Both
ikuceba,ngoba,cooccurrence,freq=2,0.416666,0.47,Both
ezingadingekile.,efanele.,random_unrelated,,0.344255,0.266553,Both
ukukulungisa,ukuhoxa,morphological,class15_infinitive,0.406776,0.504065,Both
kuyo,omunye,cooccurrence,freq=2,0.288221,0.392932,Both
uqhakambise,ult,morphological,class11,0.378048,0.486829,Both
xolani,zemfundo,random_unrelated,,0.238591,0.203155,Both
unjinji,usiba,morphological,class11,0.417805,0.510683,Both
ukudla,imifino,semantic_within,food,0.422334,0.5534,Both
abacwaningi,iziphethe.,random_unrelated,,0.266172,0.219703,Both
omncinci,yahlanganisa,random_unrelated,,0.331373,0.258824,Both
"ebusika,",bavote,random_unrelated,,0.350259,0.270155,Both
engabe,ukuthi,cooccurrence,freq=2,0.195331,0.337198,Both
nophepha,lwaleli,random_unrelated,,0.38903,0.293418,Both
ihlanziwe,ilaka,morphological,class5_singular,0.199757,0.379854,Both
iqale,ibhalansi,morphological,class5_singular,0.287755,0.432653,Both
wambuza,imbobo,random_unrelated,,0.444585,0.326751,Both
zola,"kuphela,",random_unrelated,,0.231161,0.198697,Both
imaths,nephysics.,cooccurrence,freq=4,0.822217,0.71333,Both
igiya,iyamlahla,morphological,class5_singular,0.548956,0.589374,Both
uqonde,uyalele,morphological,class11,0.372913,0.483748,Both
"bekhululekile,",“abantu,cooccurrence,freq=4,0.485907,0.511544,Both
abathi,"abamnyama,",morphological,class2_plural,0.564327,0.598596,Both
iphepha,ngombhalo,cooccurrence,freq=2,0.420449,0.472269,Both
akuchaze,isimo,cooccurrence,freq=2,0.456804,0.494082,Both
ngihlola,carwash,random_unrelated,,0.310962,0.246577,Both
umengo,"umandla,",morphological,class1_singular,0.444944,0.526966,Both
abayifunayo,kumele,cooccurrence,freq=2,0.458688,0.495213,Both
oqashiwe,ukuqala,cooccurrence,freq=2,0.429544,0.477726,Both
uthambisa,uzofihla,morphological,class11,0.287196,0.432318,Both
kukusiza,kwesikhathi.,random_unrelated,,0.318789,0.251273,Both
iqukethe,ivuma,morphological,class5_singular,0.273085,0.423851,Both
ulwandle,amasiko,semantic_across,nature_vs_culture,0.247539,0.268523,Both
elula,kunoma,random_unrelated,,0.287635,0.232581,Both
"zesonto,",abangu-10.,random_unrelated,,0.190359,0.174215,Both
futhi,zokuxoxa,cooccurrence,freq=6,0.199376,0.339626,Both
ikhompiyutha,ukuxhumana,semantic_within,technology,0.538717,0.62323,Both
"nezaga,",umoya,random_unrelated,,0.228965,0.197379,Both
ukuthula,ukubikele,morphological,class15_infinitive,0.247903,0.408742,Both
kumsebenzela,ekzn.,random_unrelated,,0.398196,0.298917,Both
ukuhambisana,ukudliwa,morphological,class15_infinitive,0.269686,0.421812,Both
"kachonco,",umnuz,cooccurrence,freq=4,0.605453,0.583272,Both
ngiyafunga,"lucia,",random_unrelated,,0.291428,0.234857,Both
337),ubuhle,random_unrelated,,0.409516,0.30571,Both
uqhubeka,ulishebe,morphological,class11,0.387269,0.492361,Both
esikhulu.,ngenxa,cooccurrence,freq=4,0.24577,0.367462,Both
e-afrika,umdidiyeli,cooccurrence,freq=2,0.561335,0.556801,Both
uvuke,uvuleke,morphological,class11,0.63977,0.643862,Both
nsuku,wamukiswa,random_unrelated,,0.279121,0.227472,Both
ikhibhodi,umsakazo,semantic_within,technology,0.321981,0.493189,Both
unina,uchaze,morphological,class11,0.281349,0.428809,Both
iqanda,i-innobiz,morphological,class5_singular,0.42701,0.516206,Both
inkohlakalo,icala,semantic_within,government,0.575297,0.645178,Both
lokhu,yile,cooccurrence,freq=2,0.256563,0.373938,Both
ongena,nesivumelwano,random_unrelated,,0.199902,0.179941,Both
ebalwa,obuhlaza,random_unrelated,,0.164817,0.15889,Both
kungani,zenziwa,cooccurrence,freq=2,0.254522,0.372713,Both
lwezincwadi,ngokujoyina,random_unrelated,,0.242942,0.205765,Both
ufuna,udkt,morphological,class11,0.390028,0.494017,Both
"amaningi,",amasonto,morphological,class6_plural,0.510397,0.566238,Both
ukubekezela,ukuyilawula.,morphological,class15_infinitive,0.444975,0.526985,Both
isivivinyo,imfundo,semantic_within,education,0.420515,0.552309,Both
ngokubasiza,ingahlangene,random_unrelated,,0.29956,0.239736,Both
azame,ngendlela,cooccurrence,freq=2,0.291349,0.39481,Both
imoto,itekisi,semantic_within,transport,0.39776,0.538656,Both
uluntu,uqhawekazi,morphological,class11,0.392737,0.495642,Both
i-aphoyintimenti,umbuso,random_unrelated,,0.347352,0.268411,Both
bakha,"ngezifundo,",cooccurrence,freq=4,0.390926,0.454556,Both
isikweletu,ukonga,semantic_within,money,0.310368,0.486221,Both
idlula,udylan,random_unrelated,,0.300039,0.240023,Both
amanzi,izintaba,semantic_within,nature,0.476517,0.58591,Both
ekusizeni,indlela,cooccurrence,freq=2,0.392902,0.455741,Both
sibonge,amajaji,random_unrelated,,0.289047,0.233428,Both
umculo,umculi,semantic_within,music,0.806456,0.783873,Both
ingozi,indumezulu,morphological,class9_singular,0.337499,0.462499,Both
to,isinqumo,random_unrelated,,0.146534,0.147921,Both
"enkantolo,",bawe,random_unrelated,,0.286562,0.231937,Both
ukuzimisela,ukungadli,morphological,class15_infinitive,0.47444,0.544664,Both
abayishumi,ababukeli,morphological,class2_plural,0.68293,0.669758,Both
endala,esouth,random_unrelated,,0.306235,0.243741,Both
itheku,ihhotela,semantic_within,places,0.459167,0.5755,Both
"kachonco,",uthe,cooccurrence,freq=4,0.383224,0.449935,Both
uchaze,usesize,morphological,class11,0.519479,0.571688,Both
mfowethu,umhlengikazi,semantic_across,family_vs_health,0.151958,0.211175,Both
ududuze,usucabanga,morphological,class11,0.356535,0.473921,Both
usephonsele,ushaywa,morphological,class11,0.450792,0.530475,Both
iyaphi.,“amantombazane,random_unrelated,,0.272965,0.223779,Both
kokulimaza,"kimi,”",random_unrelated,,0.367805,0.280683,Both
ngokuzimela,sengisebenza,cooccurrence,freq=2,0.248034,0.368821,Both
ukuxwayisa,ukwethulwa,morphological,class15_infinitive,0.372959,0.483775,Both
igunya,i-bachelor's,morphological,class5_singular,0.500389,0.560233,Both
kukhona,kwenzeke.,cooccurrence,freq=2,0.389294,0.453577,Both
wekhwaya,yabo,cooccurrence,freq=2,0.290199,0.39412,Both
ifunde,ihlose,morphological,class5_singular,0.431627,0.518976,Both
inyuvesi,umfundi,semantic_within,education,0.413478,0.548087,Both
ukungenami,ukuphakamisa,morphological,class15_infinitive,0.41866,0.511196,Both
carwash,shwi,cooccurrence,freq=2,0.87173,0.743038,Both
awubuzi,onezingane,cooccurrence,freq=2,0.442196,0.485317,Both
esikhulu,wayekhona,cooccurrence,freq=2,0.382942,0.449765,Both
mculo.,"zandile,",random_unrelated,,0.475933,0.34556,Both
nokuphatha,yakhe,cooccurrence,freq=2,0.271354,0.382812,Both
unomphela,upikwe,morphological,class11,0.341665,0.464999,Both
nezithunywa,beqale,random_unrelated,,0.350622,0.270373,Both
ebusuku.,"elisenewcastle,",cooccurrence,freq=4,0.573676,0.564206,Both
amajaji,simphiwe,random_unrelated,,0.399011,0.299407,Both
incwadi,ukufunda,semantic_within,education,0.305088,0.483053,Both
(kwi-local,sporty,random_unrelated,,0.537603,0.382562,Both
abamenyezelwa,ababemgxeka,morphological,class2_plural,0.551445,0.590867,Both
uzofike,"uyivakashele,",morphological,class11,0.467184,0.540311,Both
nokuvikela,"zemvelo,",cooccurrence,freq=8,0.531574,0.538945,Both
kugwemeke,"elishisayo,",random_unrelated,,0.359832,0.275899,Both
"secondary,",nontokozo,random_unrelated,,0.442007,0.325204,Both
ukungawi.,ukudliwa,morphological,class15_infinitive,0.574669,0.604802,Both
“amantombazane,ngolwesihlanu,random_unrelated,,0.241937,0.205162,Both
zasemadolobheni,engihlanganise,random_unrelated,,0.29439,0.236634,Both
amanzi,ndawonye.,cooccurrence,freq=2,0.431147,0.478688,Both
ipuleti,ilindeleke,morphological,class5_singular,0.247073,0.408244,Both
umuntu,abantu,semantic_within,family,0.382797,0.529678,Both
ezisemakhaya,usho,cooccurrence,freq=4,0.324367,0.41462,Both
ukubekezela,ukujabulela,morphological,class15_infinitive,0.387805,0.492683,Both
lumqoka,"chonco,",random_unrelated,,0.302155,0.241293,Both
iphepha,igama,morphological,class5_singular,0.34347,0.466082,Both
ubuso,urichard,morphological,class11,0.251281,0.410769,Both
ukuphinde,ukuyilawula.,morphological,class15_infinitive,0.334737,0.460842,Both
ongakwazi,senti,cooccurrence,freq=2,0.506683,0.52401,Both
abafundi,ibanika,cooccurrence,freq=4,0.402106,0.461264,Both
isiqinisiwe,631),random_unrelated,,0.426114,0.315668,Both
ngalezo,emibili.,random_unrelated,,0.183431,0.170058,Both
amagciwane,zemithi,cooccurrence,freq=2,0.538695,0.543217,Both
nezokujabula,zobumnandi,cooccurrence,freq=2,0.616954,0.590172,Both
ungene,ushaya,morphological,class11,0.43446,0.520676,Both
zasemadolobheni.,esikhuluma,random_unrelated,,0.243409,0.206045,Both
ibhange,inkampani,semantic_within,money,0.30429,0.482574,Both
uyindlela,ucabanga,morphological,class11,0.346168,0.467701,Both
ezitsheni,ezinjena,random_unrelated,,0.550082,0.390049,Both
kungonakele,izinkundla,random_unrelated,,0.304616,0.242769,Both
imoto,umgwaqo,cooccurrence,freq=2,0.536673,0.542004,Both
mawele,eyashicilelwa,random_unrelated,,0.330414,0.258248,Both
uwuhloniphe,usedalule,morphological,class11,0.316497,0.449898,Both
536),zonke,cooccurrence,freq=2,0.627701,0.59662,Both
"npo,",wenkungumathe,cooccurrence,freq=4,0.772837,0.683702,Both
inyuvesi,iphepha,semantic_within,education,0.314773,0.488864,Both
isikole,imfundo,semantic_within,education,0.278349,0.467009,Both
ulwazi,impumelelo,semantic_within,education,0.20047,0.420282,Both
ukucabanga,ukunakekela,morphological,class15_infinitive,0.491986,0.555192,Both
kusisiza,340),random_unrelated,,0.356704,0.274022,Both
"ukuthandaza,",ukuzenzela,morphological,class15_infinitive,0.39848,0.499088,Both
ebeziphethe,ivela,cooccurrence,freq=2,0.371671,0.443002,Both
sebeqala,"maphorisa""",random_unrelated,,0.334863,0.260918,Both
uphethwe,usafuna,morphological,class11,0.396209,0.497725,Both
esikoleni,isinqumo,cooccurrence,freq=4,0.307521,0.404513,Both
ujabula,urichard,morphological,class11,0.212357,0.387414,Both
kodwa,okuzigcwalisa.,cooccurrence,freq=2,0.3472,0.42832,Both
usiphokuhle,uzoqala,morphological,class11,0.347658,0.468595,Both
"empophomeni,",babuye,random_unrelated,,0.317059,0.250235,Both
icwecwe,umdlalo,semantic_across,music_vs_sport,0.208663,0.245198,Both
ukhuni,imvelo,semantic_within,nature,0.11561,0.369366,Both
sikhathele,izindawo.,random_unrelated,,0.224353,0.194612,Both
784),onguchwepheshe,random_unrelated,,0.292141,0.235285,Both
inkosi,isiteshi,semantic_across,government_vs_places,0.380575,0.348345,Both
umculi,umbhalo,semantic_within,music,0.38632,0.531792,Both
ihlathi,amanzi,semantic_within,nature,0.382955,0.529773,Both
ibhange,amasheya,semantic_within,money,0.295919,0.477552,Both
awugcini,"kukasithole,",random_unrelated,,0.315786,0.249471,Both
“ngaphambi,269),random_unrelated,,0.269973,0.221984,Both
ibhotela,inyama,semantic_within,food,0.451419,0.570851,Both
isikole,isivivinyo,semantic_within,education,0.534149,0.620489,Both
30.,i-imicabango,cooccurrence,freq=2,0.818187,0.710912,Both
usihlongonyane,uyaqonda,morphological,class11,0.215787,0.389472,Both
"izigubhu,",ukuyenza,random_unrelated,,0.261243,0.216746,Both
uthisha,umtapo,semantic_within,education,0.496178,0.597707,Both
abalandeli.,eliqengeleza,random_unrelated,,0.435366,0.32122,Both
imibono,yabanye.,cooccurrence,freq=2,0.592531,0.575518,Both
sedokhumentari.,uwuhambisa,random_unrelated,,0.277462,0.226477,Both
nabefundisi.,namakhosi,cooccurrence,freq=2,0.382588,0.449553,Both
idla,igroovers,morphological,class5_singular,0.301233,0.44074,Both
okudlulela,umgogodla,random_unrelated,,0.478535,0.347121,Both
usipho,u-11,morphological,class11,0.388822,0.493293,Both
i-anc,iqeda,morphological,class5_singular,0.397319,0.498392,Both
"kuphephile,",uma,cooccurrence,freq=2,0.195981,0.337588,Both
ukuqaphela,zabo,cooccurrence,freq=2,0.293348,0.396009,Both
isisezingeni,"izinsiza,",random_unrelated,,0.347461,0.268476,Both
ugeleza,uzoqala,morphological,class11,0.332001,0.459201,Both
sesiphelile,kzn,random_unrelated,,0.401011,0.300607,Both
unhlanhla,ubukhazikhazi,morphological,class11,0.297208,0.438325,Both
usesize,uwubudlelwane,morphological,class11,0.280108,0.428065,Both
china,sisagcina,random_unrelated,,0.565568,0.399341,Both
kweyesifunda,inkulu,random_unrelated,,0.342617,0.26557,Both
aphilayo,nesinqumo,random_unrelated,,0.278965,0.227379,Both
ngothando.,"school,",random_unrelated,,0.300388,0.240233,Both
zabantu,zasemakhaya,cooccurrence,freq=4,0.455983,0.49359,Both
unomphelo,uboya,morphological,class11,0.366748,0.480049,Both
ukufunda,zonke,cooccurrence,freq=2,0.253105,0.371863,Both
uxhunyelwe,ushandesh,morphological,class11,0.273297,0.423978,Both
yebo!,izikhathi,random_unrelated,,0.247416,0.208449,Both
kungafanele,"kusenesikhathi,”",cooccurrence,freq=2,0.507498,0.524499,Both
yasebenza,mahle,random_unrelated,,0.240722,0.204433,Both
ayifundile,uthatha,cooccurrence,freq=2,0.363041,0.437825,Both
isikweletu,idola,semantic_within,money,0.380354,0.528213,Both
umculo,umrepha,semantic_within,music,0.358752,0.515251,Both
nezijeziso,esikwenza,random_unrelated,,0.322746,0.253648,Both
we-afro,"esehamba,",random_unrelated,,0.404916,0.302949,Both
541),izigcawu,random_unrelated,,0.528704,0.377222,Both
phambili,umgomo,cooccurrence,freq=2,0.334938,0.420963,Both
ezizikhanyisa,yimaster's,random_unrelated,,0.359183,0.27551,Both
indiza,ukuhamba,semantic_within,transport,0.387286,0.532372,Both
isivivinyo,impumelelo,semantic_within,education,0.370342,0.522205,Both
ezinye,okukhomba,cooccurrence,freq=2,0.374352,0.444611,Both
"akayohlolwa,",izisho,random_unrelated,,0.305136,0.243082,Both
"ezinjani,",ngokubacebisa,cooccurrence,freq=2,0.438335,0.483001,Both
kodwa,omusha,cooccurrence,freq=2,0.191474,0.334884,Both
iluma,iyisihlangu,morphological,class5_singular,0.278823,0.427294,Both
"egoli,",nanodlame,random_unrelated,,0.415643,0.309386,Both
ukhumalo.,ukhumbule,cooccurrence,freq=2,0.655049,0.613029,Both
uya,usedubule,morphological,class11,0.448777,0.529266,Both
ukuzokwenza,ukwakhiwa,morphological,class15_infinitive,0.384087,0.490452,Both
angakusebenzela,lokho:,cooccurrence,freq=2,0.402196,0.461317,Both
ibhande,sports,random_unrelated,,0.272567,0.22354,Both
ezitolo,zokudlela.,cooccurrence,freq=2,0.544971,0.546983,Both
esephetha,udumakude,cooccurrence,freq=2,0.538169,0.542902,Both
emsakazweni.,uzobuya,cooccurrence,freq=2,0.5862,0.57172,Both
umbuso,inkohlakalo,semantic_within,government,0.474358,0.584615,Both
waqaphela,121),random_unrelated,,0.299212,0.239527,Both
akukubi,konke,cooccurrence,freq=2,0.457236,0.494342,Both
"""ngenkathi",ngendondo,random_unrelated,,0.361435,0.276861,Both
"ubufakazi,",amabhodlela,random_unrelated,,0.319438,0.251663,Both
kubalulekile,ukuqinisa,cooccurrence,freq=2,0.332217,0.41933,Both
ngibuye,eduze.,random_unrelated,,0.310269,0.246161,Both
ibhola,umdlalo,semantic_within,sport,0.424254,0.554552,Both
bayaliphika,ngiqamba,random_unrelated,,0.239201,0.203521,Both
ibingamgculisi,iyama,morphological,class5_singular,0.441915,0.525149,Both
unjinji,uthishomkhulu,morphological,class11,0.295431,0.437258,Both
evume,eyinkinga,cooccurrence,freq=4,0.583982,0.570389,Both
eyakwenza,lapho,cooccurrence,freq=2,0.281387,0.388832,Both
ukuqina,ukudliwa,morphological,class15_infinitive,0.493157,0.555894,Both
u-r5,uyawuthola,random_unrelated,,0.407491,0.304495,Both
ihlale,zokwakha,cooccurrence,freq=2,0.218976,0.351386,Both
entsheni,ungasetshenziswa,random_unrelated,,0.507832,0.364699,Both
engikuthathile,unkk,random_unrelated,,0.246046,0.207628,Both
kwayo.,amaningi.”,random_unrelated,,0.265496,0.219297,Both
izigodi,lweblaq,random_unrelated,,0.204718,0.182831,Both
izinyoni,zithole,cooccurrence,freq=2,0.372396,0.443438,Both
ukuthuthuka.,ukusebenzela,morphological,class15_infinitive,0.367094,0.480256,Both
"ezinzima,",kanye,cooccurrence,freq=2,0.303695,0.402217,Both
ebomvu,ezitaladini,cooccurrence,freq=2,0.692813,0.635688,Both
izaguga,izinyawo,morphological,class8_plural,0.288808,0.433285,Both
"izimoto,",izobe,morphological,class8_plural,0.337921,0.462753,Both
"ukubonga,",ukuzozibonela,morphological,class15_infinitive,0.416789,0.510073,Both
imeya,inkohlakalo,semantic_within,government,0.380187,0.528112,Both
nawo.,"angcono,”",random_unrelated,,0.44212,0.325272,Both
baqonde,esikoleni.,cooccurrence,freq=2,0.366531,0.439918,Both
bekhule,emqoka,cooccurrence,freq=2,0.342268,0.425361,Both
kwengxabano,nokusekela,random_unrelated,,0.400066,0.30004,Both
ukonga,inkampani,semantic_within,money,0.231643,0.438986,Both
udoti,"ubumningi,",morphological,class11,0.430452,0.518271,Both
isikole,uthisha,semantic_within,education,0.449483,0.56969,Both
imiphumela,ukuphucula,cooccurrence,freq=2,0.507013,0.524208,Both
edinga,ezobuchwepheshe,cooccurrence,freq=2,0.423126,0.473876,Both
"unwabu,",ubesebenza,morphological,class11,0.398573,0.499144,Both
bokuthi,kuphuthunyiswe,cooccurrence,freq=2,0.462334,0.497401,Both
kanye,ubuchwepheshe,cooccurrence,freq=2,0.188882,0.333329,Both
uxaba.,uthengele,morphological,class11,0.287621,0.432572,Both
amathathu.,elevy,random_unrelated,,0.348006,0.268804,Both
engenayo,sokutakula,cooccurrence,freq=2,0.519636,0.531782,Both
lizwa,masinyane,cooccurrence,freq=2,0.523292,0.533975,Both
ekhethekile,"zokudlala,",random_unrelated,,0.253781,0.212269,Both
lwabo,"lwebele,",cooccurrence,freq=2,0.671487,0.622892,Both
ababhala,abathi,morphological,class2_plural,0.478219,0.546931,Both
emhlanganweni,banikeza,random_unrelated,,0.357308,0.274385,Both
"wakhona,",isibuko,random_unrelated,,0.308471,0.245083,Both
ezimisela,ibihlezi,cooccurrence,freq=2,0.537194,0.542316,Both
usufonela,ushelela,morphological,class11,0.667516,0.660509,Both
"""smomoza""",lebafana,random_unrelated,,0.479,0.3474,Both
edlule,okungapheli,random_unrelated,,0.188678,0.173207,Both
lapho,"yetheku,",cooccurrence,freq=4,0.284471,0.390682,Both
abomlimi,zikhula,cooccurrence,freq=6,0.625923,0.595554,Both
ikhompiyutha,ucingo,semantic_within,technology,0.568363,0.641018,Both
igama,uba,cooccurrence,freq=2,0.336733,0.42204,Both
bafundise,hlelo,cooccurrence,freq=2,0.37339,0.444034,Both
"ibhakede,",iyazi,morphological,class5_singular,0.343193,0.465916,Both
izolo,"izimali,",morphological,class8_plural,0.342958,0.465775,Both
uwuhloniphe,"u-matric,",morphological,class11,0.342217,0.46533,Both
"umndeni,",imifanekiso,random_unrelated,,0.372999,0.2838,Both
uthisha,impumelelo,semantic_within,education,0.234698,0.440819,Both
uzizwa,uqhakambise,morphological,class11,0.366809,0.480086,Both
ukulandelela,ukubanika,morphological,class15_infinitive,0.434597,0.520758,Both
zokungabi,"""ngangiqinisekisa",random_unrelated,,0.258092,0.214855,Both
uhlabisa.,usafisa,morphological,class11,0.371612,0.482967,Both
abangena,abathanda,morphological,class2_plural,0.477954,0.546773,Both
uzobusebenzisa,uxhaxha,morphological,class11,0.346235,0.467741,Both
ukunipha,ukufuya,morphological,class15_infinitive,0.543092,0.585855,Both
management,"secretary,",cooccurrence,freq=2,0.881544,0.748926,Both
ngomphumela,olude.,random_unrelated,,0.294366,0.23662,Both
ubani,uhlezi,morphological,class11,0.349775,0.469865,Both
recreation,nezingozi,random_unrelated,,0.211122,0.186673,Both
ndawonye.,uletha,cooccurrence,freq=2,0.408137,0.464882,Both
sokungenwa,ukuthi,cooccurrence,freq=2,0.122748,0.293649,Both
amakepisi,amathuluzi,morphological,class6_plural,0.58222,0.609332,Both
ugrade,zawo,cooccurrence,freq=2,0.515637,0.529382,Both
cala.,iqale,cooccurrence,freq=2,0.449304,0.489582,Both
ucic,udylan,morphological,class11,0.526542,0.575925,Both
ungomunye,ubuhlakani,morphological,class11,0.367528,0.480517,Both
kuka-8000,bengaboni,random_unrelated,,0.364903,0.278942,Both
baya,nomfazi,cooccurrence,freq=2,0.377513,0.446508,Both
usizakale,uphiwe,morphological,class11,0.293676,0.436206,Both
kwamathenda,wukwenza,random_unrelated,,0.289017,0.23341,Both
64),ubafundisa,random_unrelated,,0.412362,0.307417,Both
bephakamisa,nenkosi,cooccurrence,freq=2,0.339758,0.423855,Both
besifazane,ngokufela,cooccurrence,freq=2,0.34518,0.427108,Both
ogxile,izimpilo,random_unrelated,,0.377141,0.286285,Both
ucebise,"uliqede,",morphological,class11,0.285136,0.431082,Both
basolwa,699),random_unrelated,,0.366926,0.280156,Both
intela,inkunzi.,morphological,class9_singular,0.367185,0.480311,Both
"ipoint,",iqhude,morphological,class5_singular,0.324897,0.454938,Both
kwazo,ziyaziqaphela,cooccurrence,freq=2,0.440557,0.484334,Both
okumsizile,wukuthi,cooccurrence,freq=2,0.484615,0.510769,Both
"""izinto",zingenawo,cooccurrence,freq=2,0.473723,0.504234,Both
kabanzi,ngemvelaphi,cooccurrence,freq=2,0.473181,0.503908,Both
inyuvesi,uthisha,semantic_within,education,0.386861,0.532117,Both
uzoqhubeka,ulozolo,morphological,class11,0.373075,0.483845,Both
ukwenze,yakhishwa,random_unrelated,,0.217005,0.190203,Both
emsebenzini,ngayo,cooccurrence,freq=2,0.262092,0.377255,Both
abahlaselwa,abampofu,morphological,class2_plural,0.660774,0.656464,Both
okuthi,"womhlaba,",cooccurrence,freq=2,0.356508,0.433905,Both
unomthelela,uqedile,morphological,class11,0.321007,0.452604,Both
inhlanhla,kujwayelekile,random_unrelated,,0.205389,0.183233,Both
sesihambile,ingqayizivele,random_unrelated,,0.358958,0.275375,Both
ithola,nolusezingeni,cooccurrence,freq=2,0.326881,0.416129,Both
kwethu,yisona,cooccurrence,freq=2,0.360049,0.43603,Both
381),kokuthi,random_unrelated,,0.320898,0.252539,Both
lithole,ngibone,random_unrelated,,0.275081,0.225049,Both
wokumqinisa,zenza,random_unrelated,,0.197488,0.178493,Both
usehoxa,usheshe,morphological,class11,0.403983,0.50239,Both
imoto,uvezele,cooccurrence,freq=4,0.433906,0.480344,Both
uxhumana,usunamacebo,morphological,class11,0.346512,0.467907,Both
"eqhuba,",womunye,random_unrelated,,0.40853,0.305118,Both
ngamaphutha,uvamise,cooccurrence,freq=2,0.573183,0.56391,Both
lumdinga,ngabakubone,random_unrelated,,0.321753,0.253052,Both
ulwandle,uzofihlwa,morphological,class11,0.375109,0.485065,Both
ungobeni,ur10,morphological,class11,0.474199,0.544519,Both
emzimbeni,kusheshe,cooccurrence,freq=4,0.519777,0.531866,Both
ngokuhlwa,uhewlett.,random_unrelated,,0.382255,0.289353,Both
iboshwe,"kubadlali,",random_unrelated,,0.488227,0.352936,Both
"wendawo,",emiqhudelwaneni.,random_unrelated,,0.310646,0.246387,Both
kuthiwa,okungajwayelekile,cooccurrence,freq=2,0.367004,0.440202,Both
ezikhindini,bekungafanele,random_unrelated,,0.281384,0.228831,Both
control.,izojika.,cooccurrence,freq=2,0.590413,0.574248,Both
i-video,igciwane,morphological,class5_singular,0.374069,0.484441,Both
amasha.”,amahlaya,morphological,class6_plural,0.592833,0.6157,Both
eledlule,umndeni,cooccurrence,freq=2,0.436875,0.482125,Both
umtapo,impumelelo,semantic_within,education,0.266803,0.460082,Both
abantwana,basemakhaya,cooccurrence,freq=2,0.343148,0.425889,Both
asenyusiwe,sabe,random_unrelated,,0.312371,0.247423,Both
ukuzilungiselela,ukususa,morphological,class15_infinitive,0.431776,0.519066,Both
ephepheni,ngaxolisa.,random_unrelated,,0.250556,0.210334,Both
539),kuxhumene,random_unrelated,,0.357705,0.274623,Both
ngathi,ezikhindini,random_unrelated,,0.24767,0.208602,Both
umthetho.,umnyango.,morphological,class1_singular,0.429781,0.517868,Both
iveni,iqhathaniswa,morphological,class5_singular,0.399384,0.49963,Both
ukuhamba,ukwelapha,semantic_across,transport_vs_health,0.264619,0.278771,Both
enkampanini,wamavidiyo,random_unrelated,,0.459613,0.335768,Both
ukuhlenga,oyisipesheli,random_unrelated,,0.234567,0.20074,Both
lwekwazulu-natal,473),random_unrelated,,0.290056,0.234033,Both
ngokuziphatha,i-african,random_unrelated,,0.250646,0.210387,Both
elicokeme.,ibe,cooccurrence,freq=2,0.581376,0.568826,Both
kepha,okwenza,cooccurrence,freq=2,0.268601,0.381161,Both
bawenze,konompempe,random_unrelated,,0.269912,0.221947,Both
nokuhlela,476),random_unrelated,,0.364612,0.278767,Both
kwezinhlelo,ubuthongo,cooccurrence,freq=2,0.450198,0.490119,Both
ikhaya,indlu,semantic_within,places,0.592281,0.655369,Both
ngibasho,"kungenasizathu,",random_unrelated,,0.338539,0.263124,Both
uthando,ufike,morphological,class11,0.212068,0.387241,Both
umfana,inkosi,semantic_across,family_vs_government,0.312451,0.307471,Both
uke,ungqongqoshe,morphological,class11,0.492191,0.555315,Both
709),nokusetshenziswa,random_unrelated,,0.300392,0.240235,Both
uzizwe,uqedile,morphological,class11,0.433641,0.520185,Both
ukuhlangana,ukukhishwa,morphological,class15_infinitive,0.283723,0.430234,Both
uvula,uyagijima,morphological,class11,0.337657,0.462594,Both
u-r230,ubhekani,morphological,class11,0.402535,0.501521,Both
bahlela,behlanganyela,cooccurrence,freq=2,0.495547,0.517328,Both
kuwona,nesilungele,cooccurrence,freq=2,0.404853,0.462912,Both
ukucabanga,iqhathaniswa,random_unrelated,,0.275503,0.225302,Both
empumelelo.,esifundazweni.,random_unrelated,,0.407458,0.304475,Both
ukuziphuza,ukungayihloniphi,morphological,class15_infinitive,0.506653,0.563992,Both
ubudlelwane,uyakholelwa,morphological,class11,0.366846,0.480107,Both
zama-computer,bahamba,random_unrelated,,0.186242,0.171745,Both
umtapo,awenzela,random_unrelated,,0.211454,0.186872,Both
uhambo,imifula,semantic_across,transport_vs_nature,0.240392,0.264235,Both
isivinini,ka-28,random_unrelated,,0.347941,0.268765,Both
sesiyiswa,eziya,random_unrelated,,0.18444,0.170664,Both
659),emshadweni.,cooccurrence,freq=2,0.773283,0.68397,Both
umnuz,umbuso,morphological,class1_singular,0.561879,0.597127,Both
isikole,izithelo,cooccurrence,freq=4,0.248249,0.368949,Both
ethiya,377),random_unrelated,,0.417431,0.310459,Both
imfundo,"womphakathi,",cooccurrence,freq=2,0.318254,0.410953,Both
iculo,lubiza,random_unrelated,,0.451058,0.330635,Both
abequlwa,eziyiqiniso,random_unrelated,,0.294531,0.236718,Both
abashadayo,"yabo,",cooccurrence,freq=2000,0.700632,0.640379,Both
abafundi,zokuzilolonga,cooccurrence,freq=4,0.34863,0.429178,Both
"2025,",kanti,cooccurrence,freq=2,0.370403,0.442242,Both
20.,singeqisi,random_unrelated,,0.39592,0.297552,Both
"mission,",namaphoyisa,cooccurrence,freq=2,0.582258,0.569355,Both
mboni.,bakhuthaza,random_unrelated,,0.185373,0.171224,Both
umqhudelwano,umhlabathi,morphological,class1_singular,0.344083,0.46645,Both
umdlalo,ukudlala,semantic_within,sport,0.446541,0.567925,Both
ungakhathazekile,uyolinda,morphological,class11,0.330295,0.458177,Both
inja,ihlosi,semantic_within,animals,0.736995,0.742197,Both
abasuka,abanamava,morphological,class2_plural,0.606551,0.623931,Both
ikhukhamba,imidlalo,semantic_across,food_vs_sport,0.192714,0.235628,Both
makhaza,"wayo,",cooccurrence,freq=2,0.351982,0.431189,Both
befunda,izimfundiso,cooccurrence,freq=12,0.610533,0.58632,Both
ngokwehlukile,ngokusemthethweni.,random_unrelated,,0.455379,0.333227,Both
icwecwe,ikhwaya,semantic_within,music,0.353379,0.512028,Both
uyinhloko,uhambele,morphological,class11,0.263484,0.41809,Both
"yokupholisa,",ngeyezindaba,random_unrelated,,0.331914,0.259149,Both
olukhishwe,wezemfundo,cooccurrence,freq=4,0.501887,0.521132,Both
ngaleli,sebesize,random_unrelated,,0.332734,0.25964,Both
kungaba,obalahlekele,random_unrelated,,0.38314,0.289884,Both
izakhamizi,zithinta,cooccurrence,freq=2,0.628062,0.596837,Both
kuma-playoff,lidlala,cooccurrence,freq=2,0.573113,0.563868,Both
idolobha,indlu,semantic_within,places,0.354858,0.512915,Both
uzama,ucansi,morphological,class11,0.374145,0.484487,Both
igama,ikuthola,morphological,class5_singular,0.208592,0.385155,Both
uvala,ubathintile,morphological,class11,0.346936,0.468162,Both
ikati,inyoni,semantic_within,animals,0.525183,0.61511,Both
usenona.,uyaqhubeka.,morphological,class11,0.453944,0.532366,Both
nohambo,i-cool,random_unrelated,,0.483145,0.349887,Both
udweshu,ulwa,morphological,class11,0.377011,0.486206,Both
kuka-177,ezimweni,random_unrelated,,0.399097,0.299458,Both
impumelelo,imfundo,semantic_within,education,0.358064,0.514838,Both
efanele.,ukutshala,cooccurrence,freq=2,0.238865,0.363319,Both
iqhaza,kwezemidlalo,cooccurrence,freq=2,0.346598,0.427959,Both
eyedwa,owayehlezi,cooccurrence,freq=2,0.632353,0.599412,Both
izokhishwa,izinkonzo,morphological,class8_plural,0.317313,0.450388,Both
uvezele,usimame,morphological,class11,0.344264,0.466559,Both
obuhle.,"ubuntu,",cooccurrence,freq=2,0.551071,0.550643,Both
ubambisene,ubarns,morphological,class11,0.404053,0.502432,Both
ungenza,uzwakale,morphological,class11,0.365011,0.479006,Both
ezithile,ukulimazana,cooccurrence,freq=2,0.454196,0.492517,Both
"ukubekezela,",ukunikezwa,morphological,class15_infinitive,0.441498,0.524899,Both
ukukhiphela,ukulalela,random_unrelated,,0.421873,0.313124,Both
abayifunayo,abazokwazi,random_unrelated,,0.522125,0.373275,Both
lapho,ngokwakha,cooccurrence,freq=2,0.214292,0.348575,Both
ungakuthola,u-100%.,morphological,class11,0.361683,0.47701,Both
abathe,abasizile,morphological,class2_plural,0.629727,0.637836,Both
uhulumeni,umasipala,semantic_within,government,0.289075,0.473445,Both
ufebhuwari,uweisy,morphological,class11,0.55391,0.592346,Both
540),emshadweni.,cooccurrence,freq=2,0.783966,0.690379,Both
ukufundisa,ukuqashwa,morphological,class15_infinitive,0.410889,0.506533,Both
ngama-pedal,nokuyenza,cooccurrence,freq=2,0.464126,0.498475,Both
ukubheka,ukungaphumeleli,morphological,class15_infinitive,0.3196,0.45176,Both
azophinda,esiseduze,random_unrelated,,0.167464,0.160478,Both
indoda,ingane,semantic_within,family,0.440114,0.564068,Both
esekhulile,lwezamabhizinisi,cooccurrence,freq=2,0.472888,0.503733,Both
131),"iphakeme,",random_unrelated,,0.495168,0.357101,Both
"womhlaba,","msakazo,",random_unrelated,,0.353233,0.27194,Both
bamatekisi,lutho,cooccurrence,freq=2,0.428075,0.476845,Both
ingakho,inamabala,morphological,class9_singular,0.372046,0.483228,Both
nemfashini,zayo,cooccurrence,freq=262,0.735605,0.661363,Both
sami.,umqhudelwano,cooccurrence,freq=2,0.476302,0.505781,Both
uqale,ushayelele,morphological,class11,0.368841,0.481305,Both
inyuvesi,ukubhala,semantic_within,education,0.297168,0.478301,Both
amahora,amahlanu,morphological,class6_plural,0.57957,0.607742,Both
ngisagcina,nokukhuthaza,random_unrelated,,0.210869,0.186522,Both
umfowethu,"wokukhulekela,",random_unrelated,,0.431433,0.31886,Both
ziya,wabalwa,random_unrelated,,0.181011,0.168607,Both
bayayigeza,yabazali,cooccurrence,freq=2,0.49691,0.518146,Both
abanye,befuna,cooccurrence,freq=4,0.377142,0.446285,Both
ngeke,washeshe,cooccurrence,freq=2,0.366124,0.439674,Both
ufebhuwari,udale,morphological,class11,0.340124,0.464074,Both
abafundi,khumalo,cooccurrence,freq=2,0.40577,0.463462,Both
kasomabhizinisi,kuma-37th,cooccurrence,freq=2,0.388319,0.452992,Both
iziphuzo,usuke,cooccurrence,freq=2,0.355282,0.433169,Both
kujiyile,njengeligi,random_unrelated,,0.359814,0.275888,Both
lapho,ubone,cooccurrence,freq=2,0.193351,0.336011,Both
uvezele,usuxoshiwe.,morphological,class11,0.357662,0.474597,Both
yalowo,kwaserhodes,random_unrelated,,0.397814,0.298689,Both
ukuzofunda,ukuzimela,morphological,class15_infinitive,0.402857,0.501714,Both
naledzani,ukuxhumana,random_unrelated,,0.410948,0.306569,Both
beqhubeka,"ngcobo,",cooccurrence,freq=2,0.431845,0.479107,Both
zeningi,ebomvu,random_unrelated,,0.266746,0.220048,Both
kuka-2,"yethelevishini,",random_unrelated,,0.279666,0.2278,Both
kwezindawo,ngefortuner,random_unrelated,,0.169508,0.161705,Both
ubuthelezi,uyilingise,morphological,class11,0.322795,0.453677,Both
uzwakale,ungisize,morphological,class11,0.393465,0.496079,Both
abangaphezu,abalandeli.,morphological,class2_plural,0.462566,0.53754,Both
ayigcini,"kuyona,",random_unrelated,,0.364031,0.278418,Both
futhi,odumile.,cooccurrence,freq=2,0.24724,0.368344,Both
ubezomthumelela,uphakama,morphological,class11,0.326071,0.455642,Both
"ukubekezela,",lilepo,random_unrelated,,0.192045,0.175227,Both
u-2030,unguye,morphological,class11,0.325839,0.455503,Both
ithemba,ichaza,morphological,class5_singular,0.296481,0.437889,Both
omashonisa,uyicaza,random_unrelated,,0.308771,0.245263,Both
upheka,uzibona,morphological,class11,0.24964,0.409784,Both
i-anc,ivuma,morphological,class5_singular,0.456618,0.533971,Both
igama,iquantum,morphological,class5_singular,0.364117,0.47847,Both
imifino,ukuphuza,semantic_within,food,0.288605,0.473163,Both
ungathi,wukuthi,cooccurrence,freq=2,0.441549,0.484929,Both
lokuphucula,engomeni,random_unrelated,,0.280236,0.228142,Both
uphakamise,ubambisene,morphological,class11,0.171231,0.362739,Both
uminnie,umphenyi,morphological,class1_singular,0.438693,0.523216,Both
uvuyani,ezisithwalela,random_unrelated,,0.293234,0.235941,Both
"shibiri,",ezimweni,random_unrelated,,0.218358,0.191015,Both
zenziwe,813),random_unrelated,,0.362578,0.277547,Both
ompilwenhle,zitshudeni,cooccurrence,freq=2,0.447322,0.488393,Both
abangafuni,abangasenayo,morphological,class2_plural,0.781284,0.72877,Both
imiyalezo,ukuthi,cooccurrence,freq=4,0.175113,0.325068,Both
iphezulu,icorona,morphological,class5_singular,0.424178,0.514507,Both
umkhakha,"umsebenzi,",morphological,class1_singular,0.257594,0.414556,Both
ezingomeyi/juni,zisencane.,random_unrelated,,0.287337,0.232402,Both
sizathu,"sethu,",random_unrelated,,0.611092,0.426655,Both
ukungenela,ukuvuselelwa,morphological,class15_infinitive,0.411142,0.506685,Both
emgwaqeni,ukumiswa,cooccurrence,freq=2,0.571903,0.563142,Both
"ezidumile,",ngomlando,cooccurrence,freq=10,0.66266,0.617596,Both
indoda,igwaba,random_unrelated,,0.436485,0.321891,Both
sabe,"anyuke,",random_unrelated,,0.308929,0.245358,Both
ikati,izinja,semantic_within,animals,0.622817,0.67369,Both
r10,uma,cooccurrence,freq=2,0.333948,0.420369,Both
ize,okuyingozi.,random_unrelated,,0.427467,0.31648,Both
uyasizakala.,uzofika,morphological,class11,0.489981,0.553988,Both
kokuphothulwa,199),random_unrelated,,0.485863,0.351518,Both
kunksz,"kahle,""",random_unrelated,,0.391415,0.294849,Both
abehlangabezana,uthe,cooccurrence,freq=4,0.348473,0.429084,Both
kufolda.,izibonelelo,random_unrelated,,0.494197,0.356518,Both
"ukubekezelelana,",ukhuthaza,morphological,class15_infinitive,0.384343,0.490606,Both
ukuziqeqesha,ukubalawula.,morphological,class15_infinitive,0.436402,0.521841,Both
bexhumana,beqopha,random_unrelated,,0.380607,0.288364,Both
kuphela,ngezinto,cooccurrence,freq=2,0.205428,0.343257,Both
usma,703),random_unrelated,,0.429854,0.317913,Both
amaphuzu,“okusemqoka,cooccurrence,freq=2,0.330071,0.418043,Both
kwezingane,zokufunda,cooccurrence,freq=2,0.398759,0.459256,Both
ihhotela,iqoshwe,morphological,class5_singular,0.303947,0.442368,Both
ithi,ntokazi,cooccurrence,freq=2,0.37654,0.445924,Both
okukhwabanisa,walicija,random_unrelated,,0.358866,0.27532,Both
"ehlobo,",000.,random_unrelated,,0.248804,0.209282,Both
iqukethe,ipolitiki,morphological,class5_singular,0.285861,0.431517,Both
"isithunzi,",isiveze,morphological,class7_singular,0.408863,0.505318,Both
abasondelene,ababemgxeka,morphological,class2_plural,0.715295,0.689177,Both
uvakashele,"ulamula,",morphological,class11,0.253976,0.412385,Both
ofanele,nemiphakathi.,random_unrelated,,0.353439,0.272063,Both
babhekene,ngizizwa,random_unrelated,,0.096899,0.118139,Both
itekisi,ukuhamba,semantic_within,transport,0.246489,0.447893,Both
ukuzilolonga,ukudweba,morphological,class15_infinitive,0.372817,0.48369,Both
ukuvuka,ukhuthaze,morphological,class15_infinitive,0.329703,0.457822,Both
umbono,bayahlala,random_unrelated,,0.179335,0.167601,Both
kuba,management,cooccurrence,freq=2,0.346292,0.427775,Both
idlalela,itshe,morphological,class5_singular,0.276524,0.425915,Both
udoti,"ulamula,",morphological,class11,0.460326,0.536195,Both
imfe,imsekela,morphological,class9_singular,0.370835,0.482501,Both
ngabesikhungo,ngezikhathi,random_unrelated,,0.26801,0.220806,Both
notee,zapika,cooccurrence,freq=2,0.683789,0.630273,Both
okuhlinza,ezihlonipha,random_unrelated,,0.293103,0.235862,Both
kulo,kuningi,cooccurrence,freq=2,0.384201,0.450521,Both
"ibhethri,",ivehicle,morphological,class5_singular,0.49129,0.554774,Both
inyuvesi,impumelelo,semantic_within,education,0.331308,0.498785,Both
ikhompiyutha,theknoloji,semantic_within,technology,0.647618,0.688571,Both
bephase,ezifundweni,cooccurrence,freq=4,0.564638,0.558783,Both
siyabhunga,benz,random_unrelated,,0.266023,0.219614,Both
ukulekelela,unina,cooccurrence,freq=2,0.502175,0.521305,Both
kuyona,premiership,cooccurrence,freq=2,0.428526,0.477116,Both
ziphumula,insindiso,random_unrelated,,0.225088,0.195053,Both
kuyolamula,sasebusuku,cooccurrence,freq=2,0.564069,0.558442,Both
browns,ayoziphendulela,random_unrelated,,0.35942,0.275652,Both
"ezayo,",okuzovulwa,cooccurrence,freq=2,0.462107,0.497264,Both
incwadi,ukubhala,semantic_within,education,0.529304,0.617582,Both
usushaya,uvusa,morphological,class11,0.304584,0.44275,Both
ikhofi,ihanjiswa,morphological,class5_singular,0.263473,0.418084,Both
izifiso,zokuphumelela,cooccurrence,freq=4,0.372287,0.443372,Both
emiphakathini,yokuphila,cooccurrence,freq=2,0.388596,0.453158,Both
bezobambisana,emkhakheni,cooccurrence,freq=2,0.514941,0.528965,Both
exolisa,"simhleka,",random_unrelated,,0.44018,0.324108,Both
uthabethe,ucabanga,random_unrelated,,0.200951,0.180571,Both
ukubuya,"ukuphepha,",morphological,class15_infinitive,0.302399,0.441439,Both
imingcele,"imigwaqo,",morphological,class3_plural,0.573903,0.604342,Both
ibhange,isikweletu,semantic_within,money,0.376285,0.525771,Both
izimpahla,iziteshi,morphological,class8_plural,0.500092,0.560055,Both
uhulumeni,isizwe,semantic_within,government,0.163324,0.397994,Both
ulayini,ulwazi.,morphological,class11,0.38753,0.492518,Both
ugcwele,ucotshelelwa,morphological,class11,0.414509,0.508706,Both
luthuli,"wasobuka,",cooccurrence,freq=2,0.491682,0.515009,Both
isitsha,ukuphuza,semantic_within,food,0.323362,0.494017,Both
nokuthobeka,yisigcino,random_unrelated,,0.319279,0.251567,Both
isikweletu,ilokishi,semantic_across,money_vs_places,0.257306,0.274383,Both
kukhona,umuntu,cooccurrence,freq=2,0.230221,0.358133,Both
"we-kwaito,",womculi,cooccurrence,freq=2,0.730062,0.658037,Both
"abangane,",lesikole,random_unrelated,,0.324934,0.254961,Both
iphuza,ithandwa,morphological,class5_singular,0.358758,0.475255,Both
ngokugqama,“ingoma,cooccurrence,freq=2,0.425263,0.475158,Both
uvezele,ulethe,morphological,class11,0.395053,0.497032,Both
lona,ngawo,cooccurrence,freq=4,0.426584,0.47595,Both
ukucebisa,ukuxoveka,morphological,class15_infinitive,0.49525,0.55715,Both
amaphupho,ukuba,cooccurrence,freq=2,0.234697,0.360818,Both
umuntu,umyalezo,morphological,class1_singular,0.252441,0.411465,Both
iyingane,mbatha,cooccurrence,freq=2,0.340325,0.424195,Both
abanye,bathatha,cooccurrence,freq=2,0.396086,0.457652,Both
nomengo,wayeyifuna.,cooccurrence,freq=2,0.660032,0.616019,Both
ukuqhakaza,zasethekwini,cooccurrence,freq=2,0.57012,0.562072,Both
ziphakamisa,idume,random_unrelated,,0.268026,0.220816,Both
umyalelo,ngixolele,random_unrelated,,0.338704,0.263222,Both
"amabhuleki,",nezithelo.,random_unrelated,,0.32209,0.253254,Both
ngaphesheya,ngisanda,random_unrelated,,0.363721,0.278232,Both
yindlala.,sokuhlakaza,random_unrelated,,0.236505,0.201903,Both
ukubaluleka,ukusiza,morphological,class15_infinitive,0.367134,0.48028,Both
isitayela,efuna,random_unrelated,,0.206389,0.183834,Both
kwezithiyo,ophikelela,cooccurrence,freq=2,0.363879,0.438328,Both
febhuwari,school,cooccurrence,freq=2,0.691383,0.63483,Both
ibihlezi,ikhulise,morphological,class5_singular,0.261274,0.416764,Both
abasiza,abawu-20,cooccurrence,freq=2,0.732041,0.659225,Both
ubisi,imifino,semantic_within,food,0.337018,0.502211,Both
ibihlezi,ihehe,morphological,class5_singular,0.502474,0.561485,Both
ukuleyo,ngomculo,random_unrelated,,0.399234,0.29954,Both
wabhodla,waphonseka,cooccurrence,freq=2,0.606934,0.58416,Both
ukushesha,"ukuphumula,",morphological,class15_infinitive,0.38464,0.490784,Both
522),emshadweni.,cooccurrence,freq=2,0.773843,0.684306,Both
bethenjiwe,kuleli,cooccurrence,freq=2,0.38438,0.450628,Both
izibuko,"izibani,",morphological,class8_plural,0.531883,0.57913,Both
726),"kwezokuvakasha,",random_unrelated,,0.280835,0.228501,Both
unina,usushaya,morphological,class11,0.364334,0.4786,Both
unksz,ubuhlungu,morphological,class11,0.294825,0.436895,Both
aveza,wonke,cooccurrence,freq=2,0.321481,0.412889,Both
ziwabambe,hlobo,random_unrelated,,0.335965,0.261579,Both
izimbewu,relations,random_unrelated,,0.264515,0.218709,Both
elisihloko,ukusiza,random_unrelated,,0.171795,0.163077,Both
umfula,imifula,semantic_within,nature,0.74555,0.74733,Both
ulwimi,ugxile,morphological,class11,0.46716,0.540296,Both
"kwabafundi,",zingahlala,random_unrelated,,0.204142,0.182485,Both
ivuma,kwi-podcast,random_unrelated,,0.57293,0.403758,Both
uqinisekisile,ulethe,morphological,class11,0.369782,0.481869,Both
isivinini,isisindo,morphological,class7_singular,0.669199,0.661519,Both
njengoba,umkhumbi,cooccurrence,freq=2,0.224026,0.354415,Both
uqinisa,ushukela,morphological,class11,0.212212,0.387327,Both
ukonga,inhlamvu,semantic_across,money_vs_police_law,0.310636,0.306382,Both
izingxabano,izimpendulo,morphological,class8_plural,0.377377,0.486426,Both
isifo,impilo,semantic_within,health,0.413124,0.547874,Both
ijabule,ithuluzi,morphological,class5_singular,0.528388,0.577033,Both
ukwelapha,ihhotela,semantic_across,health_vs_places,0.381124,0.348674,Both
ukubhalansa,"ukuliphuza,",morphological,class15_infinitive,0.564357,0.598614,Both
asebenzisa,ezinukelela,cooccurrence,freq=2,0.311525,0.406915,Both
impilo,ukugula,semantic_within,health,0.312474,0.487485,Both
esicacile,sobumqoka,cooccurrence,freq=2,0.590405,0.574243,Both
uju,ungahamba,morphological,class11,0.289944,0.433967,Both
ukulungiselela,ukungabi,morphological,class15_infinitive,0.461543,0.536926,Both
bayabamba,kwixr,random_unrelated,,0.392351,0.295411,Both
amadokhumenti,ama-akhawunti,morphological,class6_plural,0.611545,0.626927,Both
ivume,ibhethri,morphological,class5_singular,0.375698,0.485419,Both
nendlela,ngezindleba,random_unrelated,,0.277343,0.226406,Both
izibonelelo,izikhotha.,morphological,class8_plural,0.352409,0.471445,Both
iyaholela,ifaka,morphological,class5_singular,0.304031,0.442419,Both
eyenzelwe,noxhaxha,random_unrelated,,0.258365,0.215019,Both
ne-life,"wemoto,",random_unrelated,,0.287049,0.232229,Both
eshalofini,abaqondayo,random_unrelated,,0.317465,0.250479,Both
abaphumelelayo.,187),random_unrelated,,0.426167,0.3157,Both
ihhovisi,ijaji,morphological,class5_singular,0.609565,0.625739,Both
amalungelo,zonke,cooccurrence,freq=2,0.207504,0.344502,Both
isibhamu,inhlamvu,semantic_within,police_law,0.762013,0.757208,Both
inkonzo,izoba,cooccurrence,freq=2,0.51924,0.531544,Both
ubanike,usungathi,morphological,class11,0.450041,0.530025,Both
uma,u-hewlett,morphological,class11,0.315509,0.449306,Both
amazambane,isitsha,semantic_within,food,0.417798,0.550679,Both
ezifanele,"zasendlini,",cooccurrence,freq=2,0.511689,0.527013,Both
emhlabeni,kuhle,cooccurrence,freq=12,0.261513,0.376908,Both
ngekhwalithi,sekhefu.,random_unrelated,,0.36066,0.276396,Both
nabantu,wumsakazi,random_unrelated,,0.249761,0.209857,Both
kokubili,management,cooccurrence,freq=2,0.463848,0.498309,Both
ufeza,unciphisa,morphological,class11,0.27055,0.42233,Both
yayinesivinini,"ezinkingeni,",random_unrelated,,0.217752,0.190651,Both
party,naphezu,random_unrelated,,0.31454,0.248724,Both
ubuyela,uyogubha,morphological,class11,0.314915,0.448949,Both
kusho,uthebe.,cooccurrence,freq=2,0.487406,0.512443,Both
ukuthatha,ukhozi,morphological,class15_infinitive,0.314235,0.448541,Both
uwafake,uzohlangana,morphological,class11,0.365378,0.479227,Both
ubuhle,yawo,cooccurrence,freq=26,0.368254,0.440952,Both
"ama-video,”",ongaqali,cooccurrence,freq=2,0.595478,0.577287,Both
sizungeze,ogandaganda,random_unrelated,,0.356859,0.274115,Both
benengoma,wokwakha.,random_unrelated,,0.376682,0.286009,Both
ngokungemthetho.,ngesonto,random_unrelated,,0.420585,0.312351,Both
uxhuma,unhlamulo,morphological,class11,0.446331,0.527799,Both
ikhukhamba,ukuphuza,semantic_within,food,0.439705,0.563823,Both
elwa,nezingane,cooccurrence,freq=2,0.327805,0.416683,Both
obuhle.,ungathini,random_unrelated,,0.218568,0.191141,Both
sokuhosha,ezingekho.,random_unrelated,,0.12861,0.137166,Both
ibhakede.,ibheyili,morphological,class5_singular,0.602608,0.621565,Both
inyuvesi,umtapo,semantic_within,education,0.304903,0.482942,Both
ikati,ihlosi,semantic_within,animals,0.772872,0.763723,Both
ephezulu,ezithenga,random_unrelated,,0.293718,0.236231,Both
udoti,unalo,morphological,class11,0.434481,0.520689,Both
yijaji,lokuqotha,random_unrelated,,0.517114,0.370268,Both
safety,"wetheku,",cooccurrence,freq=2,0.561881,0.557128,Both
"usebenza,",ulindele,morphological,class11,0.213149,0.38789,Both
iyamlahla,i-kaizer,morphological,class5_singular,0.432131,0.519279,Both
umsakazo,theknoloji,semantic_within,technology,0.352062,0.511237,Both
phakathi,umfula,cooccurrence,freq=54,0.469787,0.501872,Both
"ibhethri,",ibrothers,morphological,class5_singular,0.498033,0.55882,Both
bomsebenzi,okufakazela,cooccurrence,freq=2,0.397669,0.458601,Both
umfundi,"yakhe,",cooccurrence,freq=2,0.456537,0.493922,Both
itheku,"yekhofi,",random_unrelated,,0.509201,0.36552,Both
uthando,uvamise,morphological,class11,0.232301,0.399381,Both
ayesebenza,lokuvala,random_unrelated,,0.24719,0.208314,Both
ngo-2012,yingoma,random_unrelated,,0.356472,0.273883,Both
ingoma,icwecwe,semantic_within,music,0.624668,0.674801,Both
sika-r50,sinabafundi,random_unrelated,,0.467687,0.340612,Both
nenhlalo,amakhono,random_unrelated,,0.176514,0.165908,Both
bayazijwayeza,"ezikoleni,",cooccurrence,freq=14,0.592617,0.57557,Both
senkantolo.,thabo,random_unrelated,,0.548505,0.389103,Both
ulungiselela,upikwe,morphological,class11,0.152614,0.351568,Both
ukubonakala,ukuhlale,morphological,class15_infinitive,0.261668,0.417001,Both
bangaphezu,kubalulekile,random_unrelated,,0.338763,0.263258,Both
izobiza,"sonto,",random_unrelated,,0.210806,0.186483,Both
kungcono,ngizilungise.,cooccurrence,freq=2,0.546938,0.548163,Both
502),emitholampilo,random_unrelated,,0.258825,0.215295,Both
uyamvumela,uzisayinele,morphological,class11,0.440926,0.524556,Both
esikwazi,isibonelo,random_unrelated,,0.390845,0.294507,Both
cross,ephumelelayo.,random_unrelated,,0.147161,0.148296,Both
iphepha,impumelelo,semantic_within,education,0.318978,0.491387,Both
aqapha,"kwezikafaro,",random_unrelated,,0.353538,0.272123,Both
"uhlabisa,odabuka",usebenzela,morphological,class11,0.315041,0.449025,Both
"bezokweseka,”",ngobuningi,cooccurrence,freq=2,0.47874,0.507244,Both
abasha.',ngokukhuthaza,random_unrelated,,0.285686,0.231412,Both
isitimela,ukuhamba,semantic_within,transport,0.298833,0.4793,Both
buthelezi,kwamashumi,random_unrelated,,0.332966,0.25978,Both
akudingi,babikele,random_unrelated,,0.116571,0.129943,Both
imoto,indiza,semantic_within,transport,0.479991,0.587995,Both
ukucubungula,naseziphuzweni,random_unrelated,,0.314836,0.248902,Both
abathandi,abacindezelekayo,morphological,class2_plural,0.423038,0.513823,Both
uxhaso.,uwela,morphological,class11,0.376693,0.486016,Both
izindawo,nokudlisa,cooccurrence,freq=2,0.264457,0.378674,Both
ushaywe,ubuntu.,morphological,class11,0.301306,0.440784,Both
abadala,amakhadi,cooccurrence,freq=2,0.318266,0.410959,Both
ilokishi,"ndlovu,",random_unrelated,,0.24911,0.209466,Both
98),emshadweni.,cooccurrence,freq=2,0.805896,0.703537,Both
ufune,u-r500,morphological,class11,0.474739,0.544843,Both
ibibukeka,ithatha,morphological,class5_singular,0.300834,0.440501,Both
abayifuneli,bona,cooccurrence,freq=2,0.533475,0.540085,Both
"abafundi,",abamanje,morphological,class2_plural,0.387915,0.492749,Both
inhlangano,ingifikisa,morphological,class9_singular,0.380125,0.488075,Both
amaphoyisa,ukuphepha,cooccurrence,freq=2,0.310216,0.406129,Both
ulwazi,ucingo,morphological,class11,0.331228,0.458737,Both
iletha,i-corolla,morphological,class5_singular,0.401991,0.501194,Both
ukudla,ikhukhamba,semantic_within,food,0.187472,0.412483,Both
amantombazane,luhlale,random_unrelated,,0.211642,0.186985,Both
eyi-four,kunecountryman,cooccurrence,freq=2,0.788351,0.693011,Both
537),zinyanga,random_unrelated,,0.30932,0.245592,Both
inja,izinkomo,semantic_within,animals,0.362988,0.517793,Both
baboshwe,abashayeli,random_unrelated,,0.384315,0.290589,Both
nokuqasha,kanjengoba,random_unrelated,,0.168847,0.161308,Both
ivulekile,ibimhlophe.,morphological,class5_singular,0.306172,0.443703,Both
izinja,imidlalo,semantic_across,animals_vs_sport,0.153849,0.212309,Both
904),zonke,cooccurrence,freq=2,0.618695,0.591217,Both
ukwethembana,ukufudumala,morphological,class15_infinitive,0.229726,0.397835,Both
elichaza,imiyalelo.,random_unrelated,,0.354689,0.272813,Both
ahlaza,amaqabunga,cooccurrence,freq=8,0.651042,0.610625,Both
kumfundisa,ukarabo,random_unrelated,,0.20924,0.185544,Both
27,comrades,random_unrelated,,0.632313,0.439388,Both
uphendule,wathi,cooccurrence,freq=2,0.475051,0.505031,Both
ubengalishiyile,uqala,morphological,class11,0.350782,0.470469,Both
"ukuzibamba,",ukuphambuka,morphological,class15_infinitive,0.505749,0.563449,Both
behlanganyela,izimfihlo,cooccurrence,freq=4,0.575718,0.565431,Both
"izinhlanzi,",izwa,morphological,class8_plural,0.387586,0.492551,Both
udweshu,ujacob,morphological,class11,0.458485,0.535091,Both
basebenzisa,"khona,",random_unrelated,,0.173828,0.164297,Both
emuva,shifters,cooccurrence,freq=2,0.554742,0.552845,Both
bese,kwethu,cooccurrence,freq=2,0.302968,0.401781,Both
ingane,umfana,semantic_within,family,0.330816,0.49849,Both
wezindawo,isizathu,random_unrelated,,0.355201,0.273121,Both
izinja,ilokishi,semantic_across,animals_vs_places,0.460319,0.396191,Both
ahloniphe,umthetho.,cooccurrence,freq=2,0.401466,0.46088,Both
umbuso,isizwe,semantic_within,government,0.341503,0.504902,Both
kukubuyisele,28),random_unrelated,,0.324382,0.254629,Both
kulethe,nehlukahlukene,random_unrelated,,0.332871,0.259723,Both
uzofundelani.,ukutshala,random_unrelated,,0.251181,0.210709,Both
ibhange,idola,semantic_within,money,0.476033,0.58562,Both
zagcinwa,ezizikhetha,random_unrelated,,0.438249,0.322949,Both
balungiselela,obekumethusa,random_unrelated,,0.260718,0.216431,Both
samazulu.,kuziwa,random_unrelated,,0.327565,0.256539,Both
ichiefs,isihamba,cooccurrence,freq=2,0.392767,0.45566,Both
upatrick,u-r230,morphological,class11,0.58521,0.611126,Both
ukuthatha,ukhumalo.,morphological,class15_infinitive,0.327788,0.456673,Both
futhi,nokuhlala,cooccurrence,freq=14,0.221479,0.352887,Both
nezingelapheki,"kude,",random_unrelated,,0.293049,0.235829,Both
kulo,"u-anthony,",cooccurrence,freq=2,0.475717,0.50543,Both
"ehlakaniphile,",ubuso,random_unrelated,,0.414509,0.308705,Both
udalule,usumdala:,morphological,class11,0.419666,0.5118,Both
kuphothula,wobuthishela,cooccurrence,freq=2,0.505566,0.52334,Both
itheku,indlu,semantic_within,places,0.297531,0.478518,Both
esibhedlela,abenza,random_unrelated,,0.226241,0.195744,Both
ukulala,"nezamabhanoyi,",random_unrelated,,0.259902,0.215941,Both
beyokukha,zweli,random_unrelated,,0.386117,0.29167,Both
assistant,ngenxa,cooccurrence,freq=2,0.398889,0.459333,Both
nokwazisa,"wamathayi,",random_unrelated,,0.284308,0.230585,Both
380),"sesihambile,",random_unrelated,,0.400273,0.300164,Both
isimo,yize,cooccurrence,freq=2,0.314957,0.408974,Both
amathafa,kuthiwa,cooccurrence,freq=2,0.343776,0.426265,Both
"""iqiniso",yezokungcebeleka,random_unrelated,,0.278399,0.22704,Both
isiko,ubuntu,semantic_within,culture,0.269061,0.461437,Both
ufoster,uwoyela,morphological,class11,0.230373,0.398224,Both
ihlathi,imvelo,semantic_within,nature,0.250086,0.450052,Both
"emlanjeni,","ukuliphuza,",random_unrelated,,0.334767,0.26086,Both
ukugadlana,ukuvezwa,morphological,class15_infinitive,0.494541,0.556725,Both
ikhibhodi,ukuxhumana,semantic_within,technology,0.373907,0.524344,Both
izinyembezi,izitshalo.,morphological,class8_plural,0.493382,0.556029,Both
usedubule,usikhulisile,morphological,class11,0.422379,0.513427,Both
unota,ungakwazi,morphological,class11,0.373659,0.484196,Both
745),sihlava,random_unrelated,,0.395221,0.297132,Both
kwesimemezelo,ukuyisusa,random_unrelated,,0.294531,0.236719,Both
ukudla,ubuntu,semantic_across,food_vs_culture,0.198501,0.239101,Both
ukuzivocavoca,ukholwa,morphological,class15_infinitive,0.352701,0.47162,Both
umasipala,isizwe,semantic_within,government,0.299349,0.479609,Both
ngiwuthisha,nasezakhele,random_unrelated,,0.295438,0.237263,Both
isibhamu,inkantolo,semantic_within,police_law,0.468472,0.581083,Both
ukhuza,ukungabi,morphological,class15_infinitive,0.351623,0.470974,Both
unitas,uyolinda,morphological,class11,0.355136,0.473081,Both
ukuxoveka,wenqena,cooccurrence,freq=2,0.635961,0.601577,Both
ubuwenziwe,unontokozo,morphological,class11,0.429307,0.517584,Both
unalo,ucaciseleka,morphological,class11,0.375743,0.485446,Both
ezintini,300),random_unrelated,,0.296872,0.238123,Both
izosiza,wonke,cooccurrence,freq=2,0.346259,0.427756,Both
abamgxekayo,abacindezelekayo,morphological,class2_plural,0.672543,0.663526,Both
kuyena.,usenona,random_unrelated,,0.356915,0.274149,Both
emhlabathini.,futhi,cooccurrence,freq=2,0.223749,0.35425,Both
amahle,amaphupho,morphological,class6_plural,0.619113,0.631468,Both
"kakhulu,",ukudlalwa,cooccurrence,freq=2,0.246849,0.368109,Both
unthabiseng,ungafuni,morphological,class11,0.313965,0.448379,Both
ayikho,ngaphambili,cooccurrence,freq=2,0.500787,0.520472,Both
ukunika,ukulimazana.,morphological,class15_infinitive,0.597925,0.618755,Both
umqeqeshi,we-orlando,cooccurrence,freq=2,0.554811,0.552886,Both
nsafety,sikuvumele,random_unrelated,,0.411044,0.306627,Both
oyisendlalelo,"manana,",random_unrelated,,0.375414,0.285249,Both
baqinisekise,"lethu,",random_unrelated,,0.26463,0.218778,Both
569),emshadweni.,cooccurrence,freq=2,0.781406,0.688844,Both
ye-cholesterol,358),random_unrelated,,0.467793,0.340676,Both
ukuphuma.,"ukubhukuda,",morphological,class15_infinitive,0.45124,0.530744,Both
579),izingubo,random_unrelated,,0.561368,0.396821,Both
kuletha,kamnuz,random_unrelated,,0.287839,0.232703,Both
umngani,upheka,cooccurrence,freq=2,0.406764,0.464059,Both
uqale,ulinda,morphological,class11,0.26474,0.418844,Both
ewusana,ezintathu,cooccurrence,freq=2,0.444306,0.486584,Both
797),zibuka,random_unrelated,,0.35782,0.274692,Both
emanzini.,ukuze,cooccurrence,freq=2,0.196189,0.337713,Both
intengo,nasezikhathini,random_unrelated,,0.288698,0.233219,Both
uxoxa,ugqame,morphological,class11,0.321063,0.452638,Both
abanolona,ngiyamdelela,random_unrelated,,0.290608,0.234365,Both
ihlosi,eluhlaza,random_unrelated,,0.538681,0.383209,Both
106),emgaba,random_unrelated,,0.294142,0.236485,Both
agwetshwe,ixhomeke,random_unrelated,,0.255728,0.213437,Both
zifunda,ngolwesine.,random_unrelated,,0.086211,0.111726,Both
ubani,udumi,morphological,class11,0.285207,0.431124,Both
ashisayo.,wemidlalo,random_unrelated,,0.289645,0.233787,Both
ukufunda,imfundo,semantic_within,education,0.339694,0.503817,Both
bakhiphe,isitatimende,cooccurrence,freq=2,0.426709,0.476025,Both
ukhuni,imifula,semantic_within,nature,0.188996,0.413398,Both
ububha,ugabadinho,morphological,class11,0.390465,0.494279,Both
emdlalweni,zigqame,cooccurrence,freq=2,0.500036,0.520021,Both
amakhosi.,azama,random_unrelated,,0.455061,0.333036,Both
ngokuthi,nokuphila,random_unrelated,,0.207304,0.184382,Both
zenze,edinga,random_unrelated,,0.181332,0.168799,Both
ukuyonga,nokulinda,random_unrelated,,0.347495,0.268497,Both
ukungawi.,ukuthokoza,morphological,class15_infinitive,0.258463,0.415078,Both
(yisafa),o-r10,cooccurrence,freq=2,0.800013,0.700008,Both
bayakwazi,ngezibonelo,cooccurrence,freq=2,0.378484,0.447091,Both
amanzi,imifula,semantic_within,nature,0.570413,0.642248,Both
ukudla,zithengisa,cooccurrence,freq=2,0.410668,0.466401,Both
isiteshi,isikhungo,semantic_within,places,0.525159,0.615096,Both
olungapheli.,ephambili,random_unrelated,,0.269409,0.221646,Both
eyedlule,isizulu,random_unrelated,,0.262579,0.217548,Both
"ngidi,",919),random_unrelated,,0.346162,0.267697,Both
ubelimele,weveni,cooccurrence,freq=4,0.631385,0.598831,Both
ubonakale,udlalwe,morphological,class11,0.151858,0.351115,Both
kuchaza,yena.,cooccurrence,freq=6,0.556121,0.553673,Both
271),nokubambisana,cooccurrence,freq=2,0.745879,0.667527,Both
uyedlulela,uvuleke,morphological,class11,0.436617,0.52197,Both
itekisi,uhambo,semantic_within,transport,0.233297,0.439978,Both
ukudla,inhlamvu,semantic_across,food_vs_police_law,0.343534,0.32612,Both
uvala,ziyadlala,random_unrelated,,0.476115,0.345669,Both
kusho,uzandile.,cooccurrence,freq=2,0.37416,0.444496,Both
ekulweni,lale,random_unrelated,,0.211389,0.186833,Both
njalo,nokuzinikela,cooccurrence,freq=2,0.304294,0.402576,Both
uzofika,"uqobo,",morphological,class11,0.42392,0.514352,Both
inja,ikati,semantic_within,animals,0.846485,0.807891,Both
amkhumbuze,ifuna,random_unrelated,,0.343103,0.265862,Both
esemncane,njengoba,cooccurrence,freq=2,0.214295,0.348577,Both
352),wavinjwa.,random_unrelated,,0.386754,0.292053,Both
uyalele,ubusika,morphological,class11,0.405688,0.503413,Both
ikhuluma,iyahleka,morphological,class5_singular,0.229539,0.397723,Both
"ngaphakathi,",kuba,random_unrelated,,0.128809,0.137285,Both
abengahleli,ukucebisa,random_unrelated,,0.26624,0.219744,Both
carwash,"esemayville,",cooccurrence,freq=2,0.85389,0.732334,Both
udlalwa,ubuntu.,morphological,class11,0.159652,0.355791,Both
udinga,usafuna,morphological,class11,0.365788,0.479473,Both
bethenga,ezikhula,cooccurrence,freq=2,0.440399,0.484239,Both
ungazami,"uqobo,",morphological,class11,0.514817,0.56889,Both
lokhu,"yabantu,",cooccurrence,freq=2,0.227471,0.356483,Both
uzophokophelela,ulayini,morphological,class11,0.300011,0.440006,Both
ngokuyihluza,nasezihlabathini,random_unrelated,,0.281996,0.229197,Both
ibantu,idiploma,random_unrelated,,0.31167,0.247002,Both
137),bazisebenzise,random_unrelated,,0.323067,0.25384,Both
umoya.,umjolisi,morphological,class1_singular,0.430149,0.518089,Both
iphepha,umtapo,semantic_within,education,0.549739,0.629843,Both
inzuzo,industrial,morphological,class9_singular,0.54272,0.585632,Both
ngama,(artificial,random_unrelated,,0.249968,0.209981,Both
indlela,izinkanyezi,cooccurrence,freq=2,0.320471,0.412283,Both
incwadi.,yezinsizwa,random_unrelated,,0.349666,0.2698,Both
ulaura,ungakuthola,morphological,class11,0.389865,0.493919,Both
"ukubonga,","bebukele,",random_unrelated,,0.288542,0.233125,Both
ezidlula,nasemithambekeni,cooccurrence,freq=4,0.543469,0.546081,Both
bengayilalela,zokuxhuma,random_unrelated,,0.207807,0.184684,Both
izitolo,izimbangi,morphological,class8_plural,0.44449,0.526694,Both
c.,useshayele,random_unrelated,,0.323767,0.25426,Both
abayiqonde,abangaconsi,morphological,class2_plural,0.577148,0.606289,Both
ngayo,ngokuthi,cooccurrence,freq=4,0.241324,0.364794,Both
njengomuntu,awu-19,random_unrelated,,0.368781,0.281269,Both
unekhamera,ubukhazikhazi,morphological,class11,0.359084,0.47545,Both
waphuthunyiswa,"zalutho,",random_unrelated,,0.371037,0.282622,Both
ikati,okuzivikela.,cooccurrence,freq=2,0.623892,0.594335,Both
"layikhaya.""",nobubanzi,random_unrelated,,0.175903,0.165542,Both
intela,kukhwabanisa,cooccurrence,freq=2,0.5091,0.52546,Both
kakhulu,kulawo,cooccurrence,freq=2,0.322963,0.413778,Both
nokudayiswa,undlovu,cooccurrence,freq=2,0.513064,0.527838,Both
uthabethe,we-south,cooccurrence,freq=2,0.517935,0.530761,Both
kucelwe,kulezi,cooccurrence,freq=2,0.51223,0.527338,Both
ungqongqoshe,u-100,morphological,class11,0.360966,0.47658,Both
ingane,ilokishi,semantic_across,family_vs_places,0.2169,0.25014,Both
umasipala,indlovukazi,semantic_within,government,0.428244,0.556946,Both
716),okudutshulwa.,random_unrelated,,0.333926,0.260355,Both
esimeni,wokwakha.,random_unrelated,,0.311869,0.247121,Both
lula,"lwebele,",cooccurrence,freq=2,0.361086,0.436651,Both
unkulunkulu,ungadlali,morphological,class11,0.276421,0.425853,Both
ilekelele,ikwazi,morphological,class5_singular,0.164858,0.358915,Both
nangokwenza,izethulo,random_unrelated,,0.214952,0.188971,Both
kuyasithatha,nokuzigoqa,cooccurrence,freq=2,0.474691,0.504815,Both
"ukudla,",ukuduna,morphological,class15_infinitive,0.666829,0.660097,Both
ngendlela,ukuxoxa,cooccurrence,freq=2,0.284219,0.390531,Both
ukuya,ephumela,random_unrelated,,0.220963,0.192578,Both
unqamule,ugabe,morphological,class11,0.378964,0.487379,Both
inyama,isitsha,semantic_within,food,0.424002,0.554401,Both
"farm,",njengezimpiko,random_unrelated,,0.391754,0.295052,Both
izilwane,ubuntu,semantic_across,animals_vs_culture,0.308956,0.305373,Both
kusanelesi,ukuthi,cooccurrence,freq=2,0.277388,0.386433,Both
"amandla,",ngamadoda.,random_unrelated,,0.364073,0.278444,Both
"emgungundlovu,",necala,cooccurrence,freq=2,0.682247,0.629348,Both
izici,befundisa,random_unrelated,,0.243897,0.206338,Both
ibingamgculisi,"ikwehlula,",morphological,class5_singular,0.455129,0.533078,Both
ukubukela,ukungahloniphi,morphological,class15_infinitive,0.41882,0.511292,Both
waqaphela,nezinyoni.,random_unrelated,,0.326673,0.256004,Both
ukuxhumana,isiteshi,semantic_across,technology_vs_places,0.244178,0.266507,Both
inkampani,ingcebo,semantic_within,money,0.443985,0.566391,Both
ithe,ibhalansi,morphological,class5_singular,0.159952,0.355971,Both
ugeleza,"uprising,",morphological,class11,0.248875,0.409325,Both
amazambane,imifino,semantic_within,food,0.418696,0.551218,Both
babe,nge-school,cooccurrence,freq=2,0.552037,0.551222,Both
bahamba,bonke,cooccurrence,freq=2,0.304051,0.402431,Both
"ezehlukene,",nabo,cooccurrence,freq=2,0.228224,0.356935,Both
vilakazi,siqukethe,random_unrelated,,0.342343,0.265406,Both
"ukudlala,",ukubalwa,morphological,class15_infinitive,0.351623,0.470974,Both
savula,"wendawo,",random_unrelated,,0.343562,0.266137,Both
inhlamvu,inkantolo,semantic_within,police_law,0.398092,0.538855,Both
uhambe,ungalihloniphi,morphological,class11,0.386155,0.491693,Both
iyayicela,uma,cooccurrence,freq=2,0.34802,0.428812,Both
zigcinwe,"johannesburg,",random_unrelated,,0.274877,0.224926,Both
usenona,"ungaqondile,",morphological,class11,0.421239,0.512743,Both
enkulu,lobu,cooccurrence,freq=2,0.39635,0.45781,Both
ulwandle,izintaba,semantic_within,nature,0.397199,0.53832,Both
(samro),"yabantwana,",random_unrelated,,0.304592,0.242755,Both
968),zomhlaba.,random_unrelated,,0.346436,0.267862,Both
(isisho,600),cooccurrence,freq=2,0.815154,0.709092,Both
njengoba,ubengalishiyile,cooccurrence,freq=2,0.39101,0.454606,Both
ebiholwa,kanolwandle,random_unrelated,,0.471995,0.343197,Both
ngokufanele.,qhawekazi,random_unrelated,,0.366472,0.279883,Both
ujwayeze,ubhekani,morphological,class11,0.203312,0.381987,Both
i-bcom,(eseyothatha,random_unrelated,,0.549823,0.389894,Both
ikhiqiza,279),random_unrelated,,0.294684,0.23681,Both
"uphephile,akulimali","zakojapan,",random_unrelated,,0.47562,0.345372,Both
futhi,wokuthi,cooccurrence,freq=2,0.203788,0.342273,Both
umfana,mfowethu,semantic_within,family,0.393049,0.53583,Both
uya,u-gearbox,morphological,class11,0.356456,0.473874,Both
319),komndeni.,random_unrelated,,0.497127,0.358276,Both
usheleni,unomthelela,morphological,class11,0.447302,0.528381,Both
usuka,"uybee,",morphological,class11,0.563226,0.597936,Both
baxoxisana,"umsolwa,",random_unrelated,,0.298202,0.238921,Both
kabusha,isaziso,random_unrelated,,0.290753,0.234452,Both
kanolwandle,ukungeniswa,random_unrelated,,0.299398,0.239639,Both
ucingo,ukuxhumana,semantic_within,technology,0.372692,0.523615,Both
ucingo,u-100,morphological,class11,0.386768,0.492061,Both
ezimbili,kuhlolwa,cooccurrence,freq=2,0.379852,0.447911,Both
kwayo,ukushaya,cooccurrence,freq=2,0.45981,0.495886,Both
kuyonakala,nokudla,cooccurrence,freq=2,0.391131,0.454678,Both
ayinsimbi,emzimbeni,cooccurrence,freq=2,0.493032,0.515819,Both
ufundiswa,ugatsheni.,morphological,class11,0.348462,0.469077,Both
535),engu-2.8,random_unrelated,,0.499196,0.359518,Both
ikhaya,ipakiwe,morphological,class5_singular,0.483588,0.550153,Both
unomlando,urichard,morphological,class11,0.222685,0.393611,Both
ngiyanxusa,ngokukhuthaza,random_unrelated,,0.385389,0.291233,Both
ungawa,uyolinda,morphological,class11,0.436071,0.521643,Both
lwakhula,lwebhizinisi,cooccurrence,freq=2,0.616413,0.589848,Both
ngaphambi,ubusika,cooccurrence,freq=2,0.401534,0.460921,Both
kufanele,maqede,cooccurrence,freq=2,0.359792,0.435875,Both
"injalo,""",kuzoba,cooccurrence,freq=2,0.389736,0.453842,Both
192),yokunikeza,random_unrelated,,0.309112,0.245467,Both
ukushaqeka,ukhwehlela,morphological,class15_infinitive,0.394242,0.496545,Both
akashongo,nobumbano,random_unrelated,,0.427939,0.316764,Both
"ukubambisana,","buchwepheshe,",random_unrelated,,0.333402,0.260041,Both
kuzokwenza,nokuthi,cooccurrence,freq=2,0.273246,0.383948,Both
ukungenisa,ukubekezelelana.,morphological,class15_infinitive,0.342456,0.465474,Both
isinqumo,udweshu,random_unrelated,,0.407656,0.304593,Both
mfowethu,umtapo,semantic_across,family_vs_education,0.25642,0.273852,Both
icountryman,ithoyizi,morphological,class5_singular,0.305511,0.443306,Both
iyavikela,agijima,random_unrelated,,0.350967,0.27058,Both
emabhizinisi,eziyisisekelo,random_unrelated,,0.354949,0.272969,Both
ihlolwe.,"youssef,",random_unrelated,,0.371483,0.28289,Both
izilwane,izinkomo,semantic_within,animals,0.409674,0.545804,Both
nengoma,"labo,",random_unrelated,,0.264272,0.218563,Both
abantu,ingcebo,semantic_across,family_vs_money,0.155005,0.213003,Both
ngizwa,wezinhliziyo,cooccurrence,freq=2,0.428343,0.477006,Both
zihlala,zithola,cooccurrence,freq=2,0.37335,0.44401,Both
isinkwa,imifino,semantic_within,food,0.38729,0.532374,Both
isikweletu,inkampani,semantic_within,money,0.104489,0.362693,Both
uhlanganyela,uneziqu,morphological,class11,0.140832,0.344499,Both
ezizobasiza,ezingenawo,random_unrelated,,0.472595,0.343557,Both
ekulimaleni,nomntwana,random_unrelated,,0.454063,0.332438,Both
bachelof,ukukunika,random_unrelated,,0.284957,0.230974,Both
ubaba,wakhe,cooccurrence,freq=14,0.321893,0.413136,Both
international,incokola,morphological,class9_singular,0.4658,0.53948,Both
umfula,imvelo,semantic_within,nature,0.309817,0.48589,Both
uthatha,"uprising,",morphological,class11,0.336481,0.461889,Both
umculo,ikhwaya,semantic_within,music,0.329263,0.497558,Both
angcono,bazwakalise,cooccurrence,freq=2,0.508852,0.525311,Both
ukuvakashela,ukuqeda,morphological,class15_infinitive,0.458318,0.534991,Both
(isisho,420),cooccurrence,freq=2,0.824013,0.714408,Both
uradebe,ulydia,morphological,class11,0.433158,0.519895,Both
870),ngakolunye,random_unrelated,,0.376609,0.285965,Both
angisahlanganise,nepolitiki.,cooccurrence,freq=2,0.617065,0.590239,Both
sime,esanele,random_unrelated,,0.561677,0.397006,Both
abahamba,ababanawo,morphological,class2_plural,0.452156,0.531294,Both
kwakuyinsika,lokwakha,random_unrelated,,0.351608,0.270965,Both
ikhaya,isiteshi,semantic_within,places,0.29214,0.475284,Both
usolwa,ulalele,morphological,class11,0.256604,0.413962,Both
akufanele,ukuba,cooccurrence,freq=4,0.259711,0.375826,Both
wameseka,"komndeni,",random_unrelated,,0.286244,0.231746,Both
indoda,imifula,semantic_across,family_vs_nature,0.343361,0.326017,Both
"ijabule,",ukuphuza,random_unrelated,,0.283471,0.230082,Both
ukuhlabana,"ukwenza,",morphological,class15_infinitive,0.372585,0.483551,Both
liqulwe,nesimo,random_unrelated,,0.32247,0.253482,Both
(isisho,964),cooccurrence,freq=2,0.824851,0.714911,Both
umfundi,ukufunda,semantic_within,education,0.401224,0.540734,Both
ubuyelwe,usinde,morphological,class11,0.400809,0.500486,Both
akubi,kwenzeke,random_unrelated,,0.52451,0.374706,Both
limenyezelwa,"beach,",random_unrelated,,0.408326,0.304996,Both
zokuphila,festival.,random_unrelated,,0.246328,0.207797,Both
yesintu,emtatsheni,random_unrelated,,0.311378,0.246827,Both
ububele.,ucindezelekile.,morphological,class11,0.532674,0.579604,Both
kuyinto,bebekhumbula,random_unrelated,,0.24329,0.205974,Both
"usolwazi,",ukuyisa,random_unrelated,,0.309358,0.245615,Both
ihlathi,ucingo,semantic_across,nature_vs_technology,0.227814,0.256688,Both
kuyenzeka,uma,cooccurrence,freq=2,0.286658,0.391995,Both
543),kuqalwa,random_unrelated,,0.395502,0.297301,Both
sibambisana.,kangangokuthi,random_unrelated,,0.312522,0.247513,Both
itekisi,i-21st,morphological,class5_singular,0.429818,0.517891,Both
ilekelele,"ibhola,",morphological,class5_singular,0.273574,0.424145,Both
uyamaniswa,"ubuhlakani.""",morphological,class11,0.436648,0.521989,Both
behlanganyela,phansi,cooccurrence,freq=2,0.269247,0.381548,Both
phindi,emoto,random_unrelated,,0.268472,0.221083,Both
isivivinyo,ulwandle,semantic_across,education_vs_nature,0.305411,0.303247,Both
ngokugcwele,wabona,cooccurrence,freq=2,0.38485,0.45091,Both
yagcwala,isilwane,random_unrelated,,0.343904,0.266343,Both
imali.,nawukuzihlupha,random_unrelated,,0.266347,0.219808,Both
bahlanganyela,nabantwana,cooccurrence,freq=8,0.40753,0.464518,Both
abebesenkundleni,ngo-2023,random_unrelated,,0.414552,0.308731,Both
komoya,azofakwa,random_unrelated,,0.368561,0.281136,Both
"okufanele,",kokuthenga,random_unrelated,,0.335946,0.261568,Both
"ibabusise,""",ilotsholwe,morphological,class5_singular,0.295385,0.437231,Both
amabhulukwe,amanga,morphological,class6_plural,0.400952,0.500571,Both
basebenza,kwesinye,cooccurrence,freq=2,0.386806,0.452084,Both
"ekhaya,""",omdala,cooccurrence,freq=2,0.356715,0.434029,Both
"design,",kwezidakamizwa.,random_unrelated,,0.268679,0.221207,Both
"""okunye","i-addington,",random_unrelated,,0.31962,0.251772,Both
ngifike,deep,random_unrelated,,0.298344,0.239007,Both
ukuzivocavoca,ukungenisa,morphological,class15_infinitive,0.4318,0.51908,Both
amasheya,ikhibhodi,semantic_across,money_vs_technology,0.170469,0.222281,Both
kuyonakala,zokufundisa,random_unrelated,,0.14304,0.145824,Both
esiwusizo,yize,random_unrelated,,0.321006,0.252604,Both
nokuphumula,elisha,random_unrelated,,0.327544,0.256527,Both
bephuzile,644),random_unrelated,,0.333208,0.259925,Both
mombelli.,nagcobho,random_unrelated,,0.522367,0.37342,Both
"wami,",egcine,random_unrelated,,0.209271,0.185563,Both
zokungabi,udumakude,random_unrelated,,0.276262,0.225757,Both
ubisi,inyama,semantic_within,food,0.473373,0.584024,Both
"wasethekwini,",zingamhambeli,cooccurrence,freq=2,0.417652,0.470591,Both
izicathulo,izibalo,morphological,class8_plural,0.606597,0.623958,Both
mina,ihehe,random_unrelated,,0.390225,0.294135,Both
ukuqaphela,ukhuliswe,morphological,class15_infinitive,0.297398,0.438439,Both
amanzi,imithi,semantic_within,nature,0.343347,0.506008,Both
funeral,ukuzelapha.,random_unrelated,,0.192799,0.175679,Both
uthumela,usephonsele,morphological,class11,0.35156,0.470936,Both
omkhulu,ongumdidiyeli,cooccurrence,freq=2,0.440933,0.48456,Both
ezenza,omtshele,random_unrelated,,0.17053,0.162318,Both
ezifweni,kakhulu,cooccurrence,freq=2,0.313144,0.407886,Both
imeya,umasipala,semantic_within,government,0.552753,0.631652,Both
ezinhlelweni,"kufunda,",random_unrelated,,0.248833,0.2093,Both
abanikwe,abathe,morphological,class2_plural,0.481639,0.548984,Both
izigameko,izinto.,morphological,class8_plural,0.507866,0.56472,Both
(esc).,kodwa,cooccurrence,freq=2,0.403131,0.461878,Both
"ibizimali,","i-bcuc,",morphological,class5_singular,0.383208,0.489925,Both
ingane,"ku-r850,",cooccurrence,freq=2,0.494448,0.516669,Both
naseziteshini,rights,cooccurrence,freq=2,0.562065,0.557239,Both
"umuntu,","umshado,",morphological,class1_singular,0.511927,0.567156,Both
ibhola.,zidlala,cooccurrence,freq=2,0.494587,0.516752,Both
elikhulu,ukuze,cooccurrence,freq=2,0.165642,0.319385,Both
kuphela.,umuntu,cooccurrence,freq=4,0.296136,0.397682,Both
ngohlelo,abagadli,random_unrelated,,0.281469,0.228881,Both
110),zonke,cooccurrence,freq=2,0.636696,0.602018,Both
baxoxa,nendoda,cooccurrence,freq=4,0.48131,0.508786,Both
uyaminza,ubheka,morphological,class11,0.280947,0.428568,Both
ubone,"zamabhizinisi,",random_unrelated,,0.15855,0.15513,Both
ukudayisa,ukuzihlalela,morphological,class15_infinitive,0.406805,0.504083,Both
yokudlala,kukandlovu,random_unrelated,,0.301455,0.240873,Both
sesiqalise,ngiyibona,random_unrelated,,0.352263,0.271358,Both
okuzokwenza,siye,cooccurrence,freq=2,0.423394,0.474037,Both
imtshela,uwubudlelwane,random_unrelated,,0.165862,0.159517,Both
ukuxhumana,umsakazo,semantic_within,technology,0.277531,0.466519,Both
uhlolele,usma,morphological,class11,0.48449,0.550694,Both
"izivakashi,",emuva.,random_unrelated,,0.201208,0.180725,Both
uhlakaze,ungobeni,morphological,class11,0.378538,0.487123,Both
criminal,ishiya,random_unrelated,,0.500052,0.360031,Both
amadokhumenti,amazinga,morphological,class6_plural,0.456886,0.534132,Both
kakhulu,"ngomuso.""",cooccurrence,freq=2,0.271966,0.38318,Both
uqinisa,uyisebenzisa,morphological,class11,0.421214,0.512729,Both
50,nasezweni,random_unrelated,,0.251738,0.211043,Both
ukudla.,ukuqinisa,morphological,class15_infinitive,0.35941,0.475646,Both
usambane,usebenzela,morphological,class11,0.171292,0.362775,Both
izoba,izifundela,morphological,class8_plural,0.291293,0.434776,Both
itshe,"iqembu,",morphological,class5_singular,0.471364,0.542818,Both
university,emini,random_unrelated,,0.228325,0.196995,Both
billion,elinganiselwa,cooccurrence,freq=4,0.583426,0.570055,Both
zezombangazwe,nemaths,random_unrelated,,0.496937,0.358162,Both
inhlamvu,isiko,semantic_across,police_law_vs_culture,0.393571,0.356143,Both
lomndeni,ngezikhathi,cooccurrence,freq=2,0.449398,0.489639,Both
abaqondayo,abafika,morphological,class2_plural,0.565505,0.599303,Both
sikhishwe,akunasiqiniseko,random_unrelated,,0.486953,0.352172,Both
ucabangela,ukwehlisa,cooccurrence,freq=2,0.514603,0.528762,Both
bejabulela,imvelo,cooccurrence,freq=2,0.41467,0.468802,Both
ukuhamba,ukuqeda,morphological,class15_infinitive,0.42236,0.513416,Both
imali,unyaka,cooccurrence,freq=2,0.316605,0.409963,Both
ngigcine,ukugula.,cooccurrence,freq=2,0.473636,0.504182,Both
"ukubonga,",wopha,random_unrelated,,0.335481,0.261289,Both
njengesishoshovu,bubamba,random_unrelated,,0.357082,0.274249,Both
nempuphu.,elevy,random_unrelated,,0.402286,0.301372,Both
abafundi,ebenza,cooccurrence,freq=2,0.23141,0.358846,Both
lelethu,"nokwe,",cooccurrence,freq=2,0.440655,0.484393,Both
bahlanganyela,womphakathi,cooccurrence,freq=6,0.458138,0.494883,Both
inyama,ikhukhamba,semantic_within,food,0.36223,0.517338,Both
ukufeza,ukuhlunga,morphological,class15_infinitive,0.45564,0.533384,Both
ipakiwe,ngaphansi,cooccurrence,freq=2,0.405056,0.463033,Both
ngokulungela,ubunhloli,random_unrelated,,0.416114,0.309668,Both
ukudela,laba,random_unrelated,,0.211605,0.186963,Both
emva,omunye,cooccurrence,freq=2,0.194536,0.336722,Both
english,"orientation,",cooccurrence,freq=2,0.684897,0.630938,Both
esimeni,"elihle,",random_unrelated,,0.315855,0.249513,Both
ucic,uthuli,morphological,class11,0.293538,0.436123,Both
ukufika,ukhululeke.,morphological,class15_infinitive,0.412868,0.507721,Both
"efanele,”",bavota,random_unrelated,,0.314052,0.248431,Both
ihlala,iyona,morphological,class5_singular,0.235296,0.401178,Both
ezambia.,mwanawasa,cooccurrence,freq=2,0.730718,0.658431,Both
ufike,u-2030,morphological,class11,0.457398,0.534439,Both
990),"wyatt,",random_unrelated,,0.544785,0.386871,Both
iquantum,i-zoo,morphological,class5_singular,0.361054,0.476632,Both
lokufinyelela,abalokhu,random_unrelated,,0.305812,0.243487,Both
sekuqulwa,edurban,random_unrelated,,0.282072,0.229243,Both
"ibandla,",iphesheya.,morphological,class5_singular,0.354978,0.472987,Both
954),135),random_unrelated,,0.991051,0.65463,Both
yasezululand,337),random_unrelated,,0.288999,0.233399,Both
aye,kanye,cooccurrence,freq=2,0.343445,0.426067,Both
eyayimkhathaza,isikhathi,cooccurrence,freq=2,0.449602,0.489761,Both
cross.,yokuhlolwa,cooccurrence,freq=2,0.48037,0.508222,Both
ilokishi,isikhungo,semantic_within,places,0.325091,0.495054,Both
icala,inhlamvu,semantic_within,police_law,0.363661,0.518197,Both
kangangoba,ezinezinjini,random_unrelated,,0.175451,0.165271,Both
yadidiyelwa,662),random_unrelated,,0.41943,0.311658,Both
incwadi,iphepha,semantic_within,education,0.529482,0.617689,Both
nomndeni.,900),random_unrelated,,0.341749,0.265049,Both
ucingo,theknoloji,semantic_within,technology,0.373885,0.524331,Both
ucingo,umabonakude,semantic_within,technology,0.320046,0.492027,Both
"lethu,",nomthelela,cooccurrence,freq=2,0.450628,0.490377,Both
ihhotela,ubuntu,semantic_across,places_vs_culture,0.393732,0.356239,Both
umfazi,umculi,semantic_across,family_vs_music,0.409529,0.365717,Both
zokuxhuma,omnandi,random_unrelated,,0.301676,0.241006,Both
farm,ngiqaphela,random_unrelated,,0.451058,0.330635,Both
"abakhuthele,",abangawuzwa,morphological,class2_plural,0.506447,0.563868,Both
ikhono,igingqike,morphological,class5_singular,0.282076,0.429246,Both
ekudleni,sekudingeka,random_unrelated,,0.361198,0.276719,Both
bathole,ukuhamba,cooccurrence,freq=2,0.205711,0.343426,Both
inyama,indishi,semantic_within,food,0.525773,0.615464,Both
"amatekisi,",mbali,cooccurrence,freq=2,0.453026,0.491816,Both
behlangabezana,bakuqaphele,random_unrelated,,0.513387,0.368032,Both
iphoyisa,iluthuli,morphological,class5_singular,0.311916,0.447149,Both
nothile,esingawazi,random_unrelated,,0.23209,0.199254,Both
elikhulu,olubhalwe,cooccurrence,freq=2,0.347099,0.428259,Both
linye,emhlabeni.,random_unrelated,,0.228334,0.197001,Both
la,magciwane,cooccurrence,freq=2,0.384528,0.450717,Both
uhlanganyela,ubike,morphological,class11,0.220669,0.392401,Both
ukubhala.,84),random_unrelated,,0.271003,0.222602,Both
incwadi,ulwazi,semantic_within,education,0.327913,0.496748,Both
35),ikhompiyutha,random_unrelated,,0.338864,0.263318,Both
ayahlanganisa,kusenesikhathi,random_unrelated,,0.232028,0.199217,Both
zokuhlukunyezwa,abaphathi,random_unrelated,,0.37169,0.283014,Both
"hamilton,","se-icc,",cooccurrence,freq=2,0.887682,0.752609,Both
ukuncintisana,ukuqhakaza,morphological,class15_infinitive,0.428729,0.517237,Both
ibhotela,ubisi,semantic_within,food,0.534561,0.620737,Both
iqhude,izinja,semantic_within,animals,0.274937,0.464962,Both
esagubha,ngipaka,random_unrelated,,0.263564,0.218138,Both
isithintwe,siyaqhubeka,random_unrelated,,0.448539,0.329124,Both
umfazi,indoda,semantic_within,family,0.821726,0.793036,Both
851),elichaza,random_unrelated,,0.369272,0.281563,Both
"nomdlandla,",ezokhula,random_unrelated,,0.23151,0.198906,Both
ebhilidini,ne,random_unrelated,,0.294652,0.236791,Both
ebeziphethe,omuhle.”,random_unrelated,,0.364022,0.278413,Both
sabona,umgodi,cooccurrence,freq=2,0.491882,0.515129,Both
nama-pedal,ngama-pedal,cooccurrence,freq=2,0.806706,0.704024,Both
ezamkhulisa,ulieutenant,random_unrelated,,0.555,0.393,Both
idlale,ikhibhodi,morphological,class5_singular,0.285552,0.431331,Both
ukhuza,"""big",random_unrelated,,0.571362,0.402817,Both
ekulingiseni,nanokuthi,random_unrelated,,0.256591,0.213955,Both
"nangothando,",finance,random_unrelated,,0.473167,0.3439,Both
ukuziqalela,ukuqashwa,morphological,class15_infinitive,0.520084,0.57205,Both
"ethekwini,","kwamashu,",cooccurrence,freq=2,0.383174,0.449904,Both
ze-meyo,zokuthuthukisa,cooccurrence,freq=2,0.538754,0.543252,Both
azihlabela,kokulibala.,random_unrelated,,0.390034,0.29402,Both
izintokazi,"izulu,",morphological,class8_plural,0.358927,0.475356,Both
ongumqeqeshi,phungula,random_unrelated,,0.386806,0.292084,Both
ezisiza,sifunda,cooccurrence,freq=2,0.252329,0.371397,Both
"umusa,",umsiza,morphological,class1_singular,0.356067,0.47364,Both
ekutheni,yezizathu,cooccurrence,freq=2,0.317559,0.410535,Both
inyama,inkonzo,morphological,class9_singular,0.407098,0.504259,Both
balamule,ukuthi,cooccurrence,freq=2,0.196371,0.337823,Both
ungaqhubekela,u-n3,morphological,class11,0.457095,0.534257,Both
uboya,ushukela,morphological,class11,0.320809,0.452486,Both
"mdlalo,",yawo,cooccurrence,freq=2,0.392249,0.45535,Both
uhlangana,ungakapheli.,morphological,class11,0.209527,0.385716,Both
ubumane,uqinisa,morphological,class11,0.390161,0.494096,Both
bejabulela,"ukuhamba,",cooccurrence,freq=4,0.386466,0.45188,Both
usihlalo,"usebenza,",morphological,class11,0.332121,0.459273,Both
uzoqasha,"uqobo,",morphological,class11,0.345079,0.467047,Both
incwadi,icwecwe,semantic_across,education_vs_music,0.401494,0.360896,Both
eqhubekayo.,ezibaholela,cooccurrence,freq=2,0.41594,0.469564,Both
uye,usiyabonga,morphological,class11,0.219993,0.391996,Both
-,ezine-caffeine,cooccurrence,freq=2,0.410824,0.466494,Both
483),sikhungethe,random_unrelated,,0.339752,0.263851,Both
ehleliwe.,ezingakhokhi,cooccurrence,freq=2,0.577041,0.566224,Both
icala,amasheya,semantic_across,government_vs_money,0.173158,0.223895,Both
sayomisa,ukuze,cooccurrence,freq=2,0.319348,0.411609,Both
ube,uzothola,morphological,class11,0.258981,0.415389,Both
uyamaniswa,ungcebeleka,morphological,class11,0.311813,0.447088,Both
ubisi,usanele,morphological,class11,0.342454,0.465472,Both
egulayo,somsebenzi,random_unrelated,,0.282331,0.229399,Both
amakhambi,ezahlukene,cooccurrence,freq=2,0.345191,0.427114,Both
inkohlakalo,ingene,morphological,class9_singular,0.368723,0.481234,Both
akumatric,konompempe,random_unrelated,,0.424471,0.314683,Both
"okubhala,",kwabantu,random_unrelated,,0.233236,0.199942,Both
izokhula,aphinde,random_unrelated,,0.376103,0.285662,Both
isoweto,isibuko,morphological,class7_singular,0.554949,0.592969,Both
nokuphumula.,ezidayisela,random_unrelated,,0.23953,0.203718,Both
base-unisa.,"ngo-2022,",random_unrelated,,0.467704,0.340623,Both
izingane,zithole,cooccurrence,freq=2,0.247518,0.368511,Both
babo,unxuse,cooccurrence,freq=2,0.409585,0.465751,Both
ngabo.,udumo,cooccurrence,freq=2,0.387556,0.452534,Both
zamakhasimende,bengaziqaphelanga,random_unrelated,,0.213982,0.188389,Both
lapho,uyakwazi,cooccurrence,freq=2,0.202999,0.3418,Both
iqhubekile,kokuboshwa,random_unrelated,,0.186852,0.172111,Both
"kwempumelelo,",umuntu,cooccurrence,freq=2,0.37616,0.445696,Both
rato,amahlosi,random_unrelated,,0.359655,0.275793,Both
"lwamacala,",matlala.,cooccurrence,freq=2,0.626101,0.595661,Both
uthandana,ushayela,morphological,class11,0.262333,0.4174,Both
uhlale,ucashunwe,morphological,class11,0.255039,0.413024,Both
ukufudumala,"ukudlala,",morphological,class15_infinitive,0.369455,0.481673,Both
kwanabo,uminnie,cooccurrence,freq=2,0.390012,0.454007,Both
"injabulo,",117),random_unrelated,,0.344175,0.266505,Both
abawu-14,50),random_unrelated,,0.291561,0.234937,Both
imvelo,ukuvikela,cooccurrence,freq=2,0.442943,0.485766,Both
ngesikhathi,umnikazi,cooccurrence,freq=2,0.163637,0.318182,Both
ezifanele,wesikole.,cooccurrence,freq=4,0.32753,0.416518,Both
iquantum,mnandi,random_unrelated,,0.342113,0.265268,Both
abo.”,"e-unisa,",random_unrelated,,0.320763,0.252458,Both
iyakhathaza.,iholidi,morphological,class5_singular,0.266721,0.420033,Both
yafinyelela,ubambisane,random_unrelated,,0.142918,0.145751,Both
ingane,umuntu,semantic_within,family,0.178866,0.407319,Both
ithwala,idili,morphological,class5_singular,0.199941,0.379965,Both
ethintekile.,lesi,cooccurrence,freq=2,0.372828,0.443697,Both
izikhathi,lapho,cooccurrence,freq=4,0.258704,0.375223,Both
ukufunda,ulwazi,semantic_within,education,0.39691,0.538146,Both
inkosi,isizwe,semantic_within,government,0.390684,0.534411,Both
udj,"usebenzile,""",morphological,class11,0.483341,0.550005,Both
imisho,"mazwe,",random_unrelated,,0.419941,0.311965,Both
kubonakala,"sivalekile,",cooccurrence,freq=2,0.354596,0.432758,Both
"olubalulekile,",uxhumana,random_unrelated,,0.32702,0.256212,Both
bazizwe,oyingqayizivele,cooccurrence,freq=2,0.506422,0.523853,Both
umsindo,umlomo.,morphological,class1_singular,0.536439,0.581863,Both
uthubeleza,ugqozi,morphological,class11,0.403106,0.501863,Both
abahlanu.,abawanikwe,morphological,class2_plural,0.536492,0.581895,Both
indoda,mfowethu,semantic_within,family,0.340351,0.504211,Both
isigqoko,yalo,cooccurrence,freq=2,0.342659,0.425596,Both
ineminyaka,wukuqikelela,random_unrelated,,0.205582,0.183349,Both
enkulu,kafishane,cooccurrence,freq=2,0.435001,0.481001,Both
n3,–,cooccurrence,freq=2,0.954571,0.792743,Both
"ukubambisana,",ukuvulelwa,morphological,class15_infinitive,0.315168,0.449101,Both
kwicwecwe,ugila,cooccurrence,freq=4,0.606619,0.583971,Both
nasobhuqwini,lehla,random_unrelated,,0.320334,0.252201,Both
uthando,unzama,morphological,class11,0.257303,0.414382,Both
isivuno,isifundo.,morphological,class7_singular,0.537699,0.58262,Both
sigculisekile,bakhethe,random_unrelated,,0.209435,0.185661,Both
izinkundla,zemidlalo,cooccurrence,freq=2,0.485363,0.511218,Both
i-advanced,i-21st,morphological,class5_singular,0.580516,0.608309,Both
uzisayinele,yena,cooccurrence,freq=2,0.497301,0.518381,Both
usizakale,uyahamba,morphological,class11,0.260208,0.416125,Both
besiza,ngokuthi,cooccurrence,freq=2,0.280165,0.388099,Both
ihlanzekile,"icovid-19,",morphological,class5_singular,0.247053,0.408232,Both
bekungakapheli,inkakha,cooccurrence,freq=4,0.540338,0.544203,Both
ubaba,ugxile,morphological,class11,0.268943,0.421366,Both
"ukuthandaza,",ukhomishana,morphological,class15_infinitive,0.39981,0.499886,Both
kuchaza,sazi,cooccurrence,freq=2,0.42149,0.472894,Both
emuva,obekwenza,cooccurrence,freq=2,0.319632,0.411779,Both
ucwaningo.,useshaye,morphological,class11,0.433681,0.520209,Both
"secondary,",uthambisa,random_unrelated,,0.213263,0.187958,Both
ukudlala,ukubukela,morphological,class15_infinitive,0.431865,0.519119,Both
"""zathi",kwamadwala.,random_unrelated,,0.523924,0.374355,Both
ngiphazamiseka,ukubuyela,random_unrelated,,0.370432,0.282259,Both
abase,abavakashi,random_unrelated,,0.49022,0.354132,Both
akupheleli,nempilo.,random_unrelated,,0.235342,0.201205,Both
iziphazamiso,"izivakashi,",morphological,class8_plural,0.350378,0.470227,Both
ubuholi,uhlabisa.,morphological,class11,0.27666,0.425996,Both
emandleni,okufakazelwa,random_unrelated,,0.194491,0.176695,Both
bahlangana,ebusuku,cooccurrence,freq=6,0.335945,0.421567,Both
amandla,zithole,cooccurrence,freq=2,0.179657,0.327794,Both
wakhe.,zulu,cooccurrence,freq=2,0.257812,0.374687,Both
inyama,amazambane,semantic_within,food,0.494856,0.596914,Both
ezweni,nenhlalo,cooccurrence,freq=2,0.345501,0.427301,Both
ngayo,ngisheshe,cooccurrence,freq=2,0.530616,0.538369,Both
kodwa,kube,cooccurrence,freq=8,0.170903,0.322542,Both
idale,i-spoiler,morphological,class5_singular,0.537769,0.582662,Both
ebengizimisele,ngenze,cooccurrence,freq=4,0.505368,0.523221,Both
indaba,ngemibono,cooccurrence,freq=2,0.311944,0.407166,Both
nangezikhathi,ukwenziwa,random_unrelated,,0.286601,0.23196,Both
ukungenelela,ukuthuthukiswa,morphological,class15_infinitive,0.341898,0.465139,Both
kwezilwandle.,ngokuhamba,random_unrelated,,0.287212,0.232327,Both
futhi,okhulele,cooccurrence,freq=2,0.152881,0.311729,Both
hotels,yesonto.,random_unrelated,,0.296101,0.237661,Both
igada,ibhande,morphological,class5_singular,0.467023,0.540214,Both
erobhothini,waqhubeka,cooccurrence,freq=2,0.382789,0.449673,Both
kanjani,ufuna,cooccurrence,freq=2,0.410118,0.466071,Both
nabadala,"buyacisha,",random_unrelated,,0.266651,0.219991,Both
angadala,ubulale,cooccurrence,freq=2,0.464731,0.498838,Both
iyajikeleza,ibe-sporty.,morphological,class5_singular,0.465093,0.539056,Both
amadoda,nendoda,cooccurrence,freq=2,0.669897,0.621938,Both
besondelene,edoonside,random_unrelated,,0.368643,0.281186,Both
kwenzeka,"osemanzini,",cooccurrence,freq=2,0.42151,0.472906,Both
ukuthuthukisa,"ukwenza,",morphological,class15_infinitive,0.255095,0.413057,Both
unginika,ungondleki,morphological,class11,0.480376,0.548226,Both
iphepha,i-spoiler,morphological,class5_singular,0.401433,0.50086,Both
kuka-section,ngecala,cooccurrence,freq=2,0.54784,0.548704,Both
amaphoyisa,inkantolo,semantic_within,police_law,0.310319,0.486192,Both
"ahlanzekile,",nerichards,random_unrelated,,0.323533,0.25412,Both
baba,"ngabodwana,",cooccurrence,freq=2,0.511543,0.526926,Both
layiswa,yemantshi,cooccurrence,freq=4,0.699549,0.63973,Both
686),nokubambisana,cooccurrence,freq=2,0.745827,0.667496,Both
engiqaphele,mkhakha,cooccurrence,freq=2,0.45484,0.492904,Both
izicelo,iziphazamiso,morphological,class8_plural,0.453784,0.53227,Both
inyoni,iqhude,semantic_within,animals,0.439258,0.563555,Both
wamhlithwa,ukukhombisa,random_unrelated,,0.22298,0.193788,Both
kohlelo,ehlube,random_unrelated,,0.391445,0.294867,Both
ahambe,umdlandla,random_unrelated,,0.25692,0.214152,Both
kwabasebenzi,kuwo,random_unrelated,,0.260276,0.216166,Both
kulokhu.,ulethe,random_unrelated,,0.29636,0.237816,Both
ukuvakashela,ensimini,random_unrelated,,0.384677,0.290806,Both
awehle,iquantum,random_unrelated,,0.429122,0.317473,Both
uvumele,ungathini,morphological,class11,0.348153,0.468892,Both
ungena,usheshe,morphological,class11,0.387169,0.492301,Both
uthubeleza,u-100,morphological,class11,0.430327,0.518196,Both
uhewlett.,uzofika,morphological,class11,0.380937,0.488562,Both
imali,ibhange,semantic_within,money,0.33566,0.501396,Both
ukwehluleka.,359),random_unrelated,,0.439598,0.323759,Both
457),kwezinsuku,cooccurrence,freq=2,0.785122,0.691073,Both
sebeqala,ukuthola,cooccurrence,freq=2,0.379328,0.447597,Both
udale,useshayele,morphological,class11,0.47172,0.543032,Both
uhamba,umqondo,cooccurrence,freq=4,0.378328,0.446997,Both
44),zonke,cooccurrence,freq=2,0.611666,0.586999,Both
ushayelele,ugubha,morphological,class11,0.424084,0.514451,Both
ekuguquleni,noshukela,random_unrelated,,0.488989,0.353394,Both
kunezikhungo,emibili,random_unrelated,,0.271551,0.22293,Both
umfana,umuntu,semantic_within,family,0.348385,0.509031,Both
ngokuzumayo,ebholeni,random_unrelated,,0.257755,0.214653,Both
394),zonke,cooccurrence,freq=2,0.625044,0.595027,Both
ezikhiqiza,uthanda,cooccurrence,freq=2,0.337173,0.422304,Both
314),"abayitoho,",random_unrelated,,0.366572,0.279943,Both
festival,ngojulayi,cooccurrence,freq=2,0.675255,0.625153,Both
isifundo,eliqengeleza,random_unrelated,,0.203847,0.182308,Both
litre,okwesibhakabhaka,random_unrelated,,0.330466,0.258279,Both
kutholane,emadlelweni,random_unrelated,,0.248357,0.209014,Both
abasuka,nasezinsukwini,random_unrelated,,0.332919,0.259752,Both
ukubulawa,ukuyohlolwa,morphological,class15_infinitive,0.569562,0.601737,Both
uthisha,imfundo,semantic_within,education,0.351076,0.510646,Both
ebengizimisele,khona,cooccurrence,freq=4,0.32253,0.413518,Both
"abantu,",nokwenza,cooccurrence,freq=2,0.362304,0.437383,Both
business,in,cooccurrence,freq=8,0.595065,0.577039,Both
"kwi-anc,",lwentsha,cooccurrence,freq=2,0.380813,0.448488,Both
"kwazo,",ukuhlola,random_unrelated,,0.316358,0.249815,Both
ijule,80),random_unrelated,,0.361216,0.27673,Both
isishayelwa,zezobuchwepheshe,random_unrelated,,0.293987,0.236392,Both
87),zonke,cooccurrence,freq=2,0.630788,0.598473,Both
uzwe,ugabadinho,morphological,class11,0.373917,0.48435,Both
esicacile,yakhafula,random_unrelated,,0.367112,0.280267,Both
ngiyijabulele,ingifikisa,random_unrelated,,0.599243,0.419546,Both
ilokishi,ihhotela,semantic_within,places,0.498907,0.599344,Both
izinyoni,izintengo,morphological,class8_plural,0.603369,0.622021,Both
unobhala,uxhumana,morphological,class11,0.232978,0.399787,Both
ukubhala,isivivinyo,semantic_within,education,0.461245,0.576747,Both
uzozitshela,uzolimala,morphological,class11,0.545747,0.587448,Both
imifula,yawo,cooccurrence,freq=2,0.430887,0.478532,Both
mhlawumbe,nami,cooccurrence,freq=2,0.472696,0.503618,Both
iningi,ingasetshenziswa,morphological,class9_singular,0.405812,0.503487,Both
amehlula.,778),random_unrelated,,0.265559,0.219336,Both
bathanda,nokuzobandakanya,random_unrelated,,0.390763,0.294458,Both
angaguliswa,idinga,random_unrelated,,0.404286,0.302571,Both
ubheke,usunamacebo,morphological,class11,0.413535,0.508121,Both
"lakho,""",osuke,random_unrelated,,0.342918,0.265751,Both
ududuze,wadilika,random_unrelated,,0.472294,0.343376,Both
ubukade,ezigoqekayo,random_unrelated,,0.439229,0.323537,Both
umfazi,umuntu,semantic_within,family,0.274879,0.464927,Both
lokugaya,omzimba.,cooccurrence,freq=2,0.539077,0.543446,Both
usizakale,ujabula,morphological,class11,0.282542,0.429525,Both
nhlangano,senkokhelo,cooccurrence,freq=2,0.495961,0.517577,Both
uxhuma,ucele,morphological,class11,0.213818,0.388291,Both
awunayo,noma,cooccurrence,freq=2,0.39929,0.459574,Both
ukubonakala,ukukhishwa,morphological,class15_infinitive,0.241538,0.404923,Both
usebenza,uzibusisa,morphological,class11,0.288818,0.433291,Both
ukuqhuba,yini,cooccurrence,freq=2,0.301005,0.400603,Both
unkulunkulu,ubingelelwa,morphological,class11,0.341541,0.464925,Both
i-ikhompyutha,iyadlala,morphological,class5_singular,0.312854,0.447713,Both
sayeka,"10,",random_unrelated,,0.439613,0.323768,Both
ziveze,yasestellebosch,random_unrelated,,0.325384,0.25523,Both
"""nokho",emanzi,random_unrelated,,0.373277,0.283966,Both
umama,umchunu,morphological,class1_singular,0.464582,0.538749,Both
ufika,uyilingise,morphological,class11,0.322206,0.453323,Both
ulimit,ubiza,morphological,class11,0.333393,0.460036,Both
amanye,"onamandla,",cooccurrence,freq=2,0.396096,0.457658,Both
amansikazi,kanti,cooccurrence,freq=2,0.399304,0.459582,Both
usecape,unike,morphological,class11,0.343596,0.466157,Both
uyakwazi,uradebe,morphological,class11,0.306712,0.444027,Both
"kwazulu-natal,",ngesikhathi,cooccurrence,freq=2,0.298212,0.398927,Both
nokuthokozisa,"ungaqondile,",random_unrelated,,0.350264,0.270158,Both
incwadi,isivivinyo,semantic_within,education,0.510825,0.606495,Both
(stress),sakwazulu-natal,random_unrelated,,0.316564,0.249938,Both
kanti,kuyasiza,cooccurrence,freq=4,0.40219,0.461314,Both
ukunikezwa,ukuhlinzwa,morphological,class15_infinitive,0.588975,0.613385,Both
somshado,yezivakashi,cooccurrence,freq=2,0.431912,0.479147,Both
uvame,ubuhlobo,morphological,class11,0.361367,0.47682,Both
ezaba,kwinkosi,random_unrelated,,0.41395,0.30837,Both
riveiro.,abafazi,random_unrelated,,0.37151,0.282906,Both
968),nomthelela,random_unrelated,,0.260959,0.216575,Both
selithintwa,"okunempilo,",random_unrelated,,0.360181,0.276109,Both
"ukuqonda,",ukuphefumula,morphological,class15_infinitive,0.326316,0.455789,Both
(isisho,504),cooccurrence,freq=2,0.824044,0.714426,Both
kuthiwa,phezulu,cooccurrence,freq=2,0.326567,0.41594,Both
abadinga,egabe,random_unrelated,,0.211885,0.187131,Both
aphinde,ibhekane,random_unrelated,,0.488397,0.353038,Both
eyathengela,architectural,random_unrelated,,0.366909,0.280145,Both
ikhompiyutha,umabonakude,semantic_within,technology,0.464052,0.578431,Both
lomsebenzi,ukuvimbela,random_unrelated,,0.23818,0.202908,Both
lesi,uthe,cooccurrence,freq=2,0.152323,0.311394,Both
isitimela,umrepha,semantic_across,transport_vs_music,0.30673,0.304038,Both
"ngokushesha,",olungasemtholampilo,random_unrelated,,0.40036,0.300216,Both
emshadweni.,ugazi,random_unrelated,,0.264059,0.218436,Both
"ingqalasizinda,”",usho,cooccurrence,freq=4,0.484689,0.510814,Both
kuzokwenza,nomthelela,cooccurrence,freq=2,0.385553,0.451332,Both
ikakhulu,icarling,morphological,class5_singular,0.284499,0.430699,Both
amaphenathi,"odlule,",cooccurrence,freq=2,0.518919,0.531351,Both
lapha,ezothinta,random_unrelated,,0.3552,0.27312,Both
ngomakhalekhukhwini.,yokupheka,random_unrelated,,0.345353,0.267212,Both
uradebe,uhluleke,morphological,class11,0.196453,0.377872,Both
izithombe,uvezele,cooccurrence,freq=4,0.478802,0.507281,Both
kuwona,major,random_unrelated,,0.303245,0.241947,Both
840),ubelimele,random_unrelated,,0.373217,0.28393,Both
kwenzeka,nango-2024,cooccurrence,freq=2,0.400364,0.460218,Both
idume,i-automobile,morphological,class5_singular,0.443504,0.526102,Both
wubani,esalahleka,random_unrelated,,0.399142,0.299485,Both
echaza.,namapheshana,random_unrelated,,0.253645,0.212187,Both
usihlalo,usiza,morphological,class11,0.278393,0.427036,Both
nezokujabula,uphuma,random_unrelated,,0.308594,0.245157,Both
ukuphuza,udokotela,semantic_across,food_vs_health,0.359509,0.335706,Both
inkosi,indlovukazi,semantic_within,government,0.642268,0.685361,Both
ikati,iqhude,semantic_within,animals,0.243293,0.445976,Both
